"Nome da campanha","Identificação da campanha","Nome do conjunto de anúncios","Identificação do conjunto de anúncios","Nome do anúncio","Identificação do anúncio",Dia,"Valor gasto (BRL)","Cliques no link",Compras,"CTR (taxa de cliques no link)","CPM (custo por 1.000 impressões)","CPC (custo por clique no link)",Impressões,"Reproduções do vídeo por no mínimo 3 segundos",ThruPlays,"Reproduções de 25% do vídeo","Reproduções de 75% do vídeo","Início dos relatórios","Encerramento dos relatórios"
bbe-a1-jul-26--venda--perpetuo--hot_cbo_vencedores-lpd,120247080021040489,01_automatico_seguidores_ig_fb,120247080021340489,"ADS 4 V2 - WORKSHOP CHURRASCO",120247080021220489,2026-09-05,50.69,4,,0.38095238,48.27619048,12.6725,1050,166,25,90,28,2026-09-05,2026-09-05
bbe-a2-ago-26--venda--perpetuo--cold_abo_vencedores,120247680974180489,01_ig-fb_aberto,120247681002500489,"ADS 1 - WORKSHOP CHURRASCO",120247681002580489,2026-09-05,12.69,2,,0.74349442,47.17472119,6.345,269,59,21,30,8,2026-09-05,2026-09-05
bbe-a1-jul-26--venda--perpetuo--hot_cbo_vencedores-lpd,120247080021040489,01_automatico_seguidores_ig_fb,120247080021340489,ad07-bbe-ppt-mai26--sal-grosso-sozinho-não-salva,120247080021180489,2026-09-05,3.74,,,,42.5,,88,,,,,2026-09-05,2026-09-05
bbe-a1-jul-26--venda--perpetuo--hot_abo_vencedores,120247681065530489,01_ig-fb_seguidores_ig_adv,120247687454620489,"ADS 3 V5 - WORKSHOP CHURRASCO",120247687454560489,2026-09-05,5.71,3,,2.2556391,42.93233083,1.90333333,133,34,11,14,5,2026-09-05,2026-09-05
bbe-a1-jul-26--venda--perpetuo--hot_abo_vencedores,120247681065530489,01_ig-fb_seguidores_ig_adv,120247687454610489,"ADS 3 V1 - WORKSHOP CHURRASCO",120247687454570489,2026-09-05,6.33,1,,0.5952381,37.67857143,6.33,168,33,7,14,4,2026-09-05,2026-09-05
bbe-a1-jul-26--venda--perpetuo--hot_abo_vencedores,120247681065530489,01_ig-fb_seguidores_ig_adv,120247681065600489,"ADS 4 V2 - WORKSHOP CHURRASCO",120247687442780489,2026-09-05,5.53,1,,0.54347826,30.05434783,5.53,184,33,10,19,11,2026-09-05,2026-09-05
bbe-a2-ago-26--venda--perpetuo--cold_abo_vencedores,120247680974180489,01_ig-fb_aberto,120247681002540489,"ADS 3 V4 - WORKSHOP CHURRASCO",120247681002520489,2026-09-05,16.35,7,,1.89189189,44.18918919,2.33571429,370,93,19,45,13,2026-09-05,2026-09-05
bbe-a2-ago-26--venda--perpetuo--cold_abo_vencedores,120247680974180489,01_ig-fb_aberto,120247681002550489,"ADS 3 V1 - WORKSHOP CHURRASCO",120247681002590489,2026-09-05,11.6,7,,2.81124498,46.58634538,1.65714286,249,54,10,29,8,2026-09-05,2026-09-05
bbe-a2-ago-26--venda--perpetuo--cold_abo_vencedores,120247680974180489,01_ig-fb_aberto,120247681002560489,ad02-bbe-ppt-mai26--o-maior-inimigo-do-churrasqueiro,120247681002510489,2026-09-05,12.85,4,,1.18343195,38.01775148,3.2125,338,,,,,2026-09-05,2026-09-05
bbe-a2-ago-26--venda--perpetuo--cold_abo_vencedores,120247680974180489,01_ig-fb_aberto,120247681002530489,ad06-bbe-ppt-mai26--agora-e-sua-vez,120247681002570489,2026-09-05,14.46,2,,0.63694268,46.05095541,7.23,314,,,,,2026-09-05,2026-09-05
bbe-a2-ago-26--venda--perpetuo--cold_cbo_vencedores,120247542152420489,01_ig-fb_aberto,120247542152480489,"ADS 4 V2 - WORKSHOP CHURRASCO",120247542152500489,2026-09-05,29.39,11,1,1.35802469,36.28395062,2.67181818,810,134,28,93,29,2026-09-05,2026-09-05
bbe-a1-ago-26--venda--perpetuo--cold_cbo_vencedores,120247680946630489,01_ig-fb_aberto,120247680970440489,"ADS 3 V4 - WORKSHOP CHURRASCO",120247680984180489,2026-09-05,15.67,3,,0.79365079,41.45502646,5.22333333,378,104,25,58,16,2026-09-05,2026-09-05
bbe-a1-ago-26--venda--perpetuo--cold_cbo_vencedores,120247680946630489,01_ig-fb_aberto,120247680970430489,ad06-bbe-ppt-mai26--agora-e-sua-vez,120247680987240489,2026-09-05,13.69,3,,0.89820359,40.98802395,4.56333333,334,,,,,2026-09-05,2026-09-05
bbe-a1-ago-26--venda--perpetuo--cold_cbo_vencedores,120247680946630489,01_ig-fb_aberto,120247680970450489,"ADS 1 - WORKSHOP CHURRASCO",120247680990580489,2026-09-05,13.29,6,,1.80722892,40.03012048,2.215,332,78,32,38,15,2026-09-05,2026-09-05
bbe-a1-ago-26--venda--perpetuo--cold_cbo_vencedores,120247680946630489,01_ig-fb_aberto,120247680970210489,ad02-bbe-ppt-mai26--o-maior-inimigo-do-churrasqueiro,120247680981470489,2026-09-05,11.96,2,,0.56179775,33.59550562,5.98,356,,,,,2026-09-05,2026-09-05
bbe-a1-jul-26--venda--perpetuo--hot_cbo_vencedores-lpd,120247080021040489,01_automatico_seguidores_ig_fb,120247080021340489,"ADS 8 V1 - WORKSHOP CHURRASCO",120247080021140489,2026-09-05,0.23,,,,20.90909091,,11,5,,,,2026-09-05,2026-09-05
bbe-a1-jul-26--venda--perpetuo--hot_cbo_vencedores-lpd,120247080021040489,01_automatico_seguidores_ig_fb,120247080021340489,"ADS 3 V1 - WORKSHOP CHURRASCO",120247080021110489,2026-09-05,0.54,2,,7.69230769,20.76923077,0.27,26,6,1,2,1,2026-09-05,2026-09-05
bbe-a2-ago-26--venda--perpetuo--cold_cbo_vencedores,120247542152420489,01_ig-fb_aberto,120247542152480489,"ADS 5 V1 REEDITADO - WORKSHOP CHURRASCO",120247558307390489,2026-09-05,0.22,,,,73.33333333,,3,,,,,2026-09-05,2026-09-05
bbe-a2-ago-26--venda--perpetuo--cold_cbo_vencedores,120247542152420489,01_ig-fb_aberto,120247542152480489,ad04-bbe-ppt-mai26--o-netão-te-ensina-corrigido,120247542152670489,2026-09-05,47.03,13,1,0.75362319,27.26376812,3.61769231,1725,,,,,2026-09-05,2026-09-05
bbe-a1-jul-26--venda--perpetuo--hot_cbo_vencedores-lpd,120247080021040489,01_automatico_seguidores_ig_fb,120247080021340489,"ADS 3 V4 - WORKSHOP CHURRASCO",120247080021690489,2026-09-05,0.08,,,,16,,5,1,1,1,1,2026-09-05,2026-09-05
bbe-a1-ago-26--venda--perpetuo--cold_cbo_vencedores,120247680946630489,01_ig-fb_aberto,120247680946650489,"ADS 3 V1 - WORKSHOP CHURRASCO",120247680998480489,2026-09-05,13.98,6,,2.18978102,51.02189781,2.33,274,79,22,41,12,2026-09-05,2026-09-05
bbe-a1-ago-26--venda--perpetuo--cold_cbo_vencedores,120247680946630489,01_ig-fb_aberto,120247680970430489,ad06-bbe-ppt-mai26--agora-e-sua-vez,120247680987240489,2026-09-04,6.98,2,,0.90909091,31.72727273,3.49,220,,,,,2026-09-04,2026-09-04
bbe-a1-ago-26--venda--perpetuo--cold_cbo_vencedores,120247680946630489,01_ig-fb_aberto,120247680970440489,"ADS 3 V4 - WORKSHOP CHURRASCO",120247680984180489,2026-09-04,7.7,3,,1.14942529,29.50191571,2.56666667,261,68,14,32,7,2026-09-04,2026-09-04
bbe-a1-ago-26--venda--perpetuo--cold_cbo_vencedores,120247680946630489,01_ig-fb_aberto,120247680946650489,"ADS 3 V1 - WORKSHOP CHURRASCO",120247680998480489,2026-09-04,8.69,2,,0.6116208,26.57492355,4.345,327,83,18,34,9,2026-09-04,2026-09-04
bbe-a1-jul-26--venda--perpetuo--hot_cbo_vencedores-lpe,120247625165730489,01_automatico_seguidores_ig_fb,120247625165710489,"ADS 3 V1 - WORKSHOP CHURRASCO",120247625165630489,2026-09-04,0.45,,,,37.5,,12,4,2,2,2,2026-09-04,2026-09-04
bbe-a1-ago-26--venda--perpetuo--cold_cbo_vencedores,120247680946630489,01_ig-fb_aberto,120247680970450489,"ADS 1 - WORKSHOP CHURRASCO",120247680990580489,2026-09-04,9.02,6,,2.12014134,31.87279152,1.50333333,283,61,26,33,9,2026-09-04,2026-09-04
bbe-a1-ago-26--venda--perpetuo--cold_cbo_vencedores,120247680946630489,01_ig-fb_aberto,120247680970210489,ad02-bbe-ppt-mai26--o-maior-inimigo-do-churrasqueiro,120247680981470489,2026-09-04,7.88,3,,0.95238095,25.01587302,2.62666667,315,,,,,2026-09-04,2026-09-04
bbe-a1-jul-26--venda--perpetuo--hot_cbo_vencedores-lpd,120247080021040489,01_automatico_seguidores_ig_fb,120247080021340489,"ADS 8 V1 - WORKSHOP CHURRASCO",120247080021140489,2026-09-04,11.88,4,,1.76211454,52.33480176,2.97,227,55,17,17,9,2026-09-04,2026-09-04
bbe-a2-ago-26--venda--perpetuo--cold_abo_vencedores,120247680974180489,01_ig-fb_aberto,120247681002500489,"ADS 1 - WORKSHOP CHURRASCO",120247681002580489,2026-09-04,8.96,5,,2.16450216,38.78787879,1.792,231,73,34,43,16,2026-09-04,2026-09-04
bbe-a1-jul-26--venda--perpetuo--hot_cbo_vencedores,120246796479480489,01_automatico_seguidores_ig_fb,120246796490920489,"ADS 8 V1 - WORKSHOP CHURRASCO",120246796503300489,2026-09-04,0.27,,,,135,,2,,,,,2026-09-04,2026-09-04
bbe-a1-jul-26--venda--perpetuo--hot_cbo_vencedores,120246796479480489,01_automatico_seguidores_ig_fb,120246796490920489,"ADS 3 V1 - WORKSHOP CHURRASCO",120246796503290489,2026-09-04,0.01,,,,10,,1,,,,,2026-09-04,2026-09-04
bbe-a2-ago-26--venda--perpetuo--cold_abo_vencedores,120247680974180489,01_ig-fb_aberto,120247681002530489,ad06-bbe-ppt-mai26--agora-e-sua-vez,120247681002570489,2026-09-04,7.74,,,,30.59288538,,253,,,,,2026-09-04,2026-09-04
bbe-a2-ago-26--venda--perpetuo--cold_abo_vencedores,120247680974180489,01_ig-fb_aberto,120247681002560489,ad02-bbe-ppt-mai26--o-maior-inimigo-do-churrasqueiro,120247681002510489,2026-09-04,8.71,6,,1.92307692,27.91666667,1.45166667,312,,,,,2026-09-04,2026-09-04
bbe-a2-ago-26--venda--perpetuo--cold_abo_vencedores,120247680974180489,01_ig-fb_aberto,120247681002550489,"ADS 3 V1 - WORKSHOP CHURRASCO",120247681002590489,2026-09-04,8.45,2,,0.76628352,32.37547893,4.225,261,60,13,22,9,2026-09-04,2026-09-04
bbe-a2-ago-26--venda--perpetuo--cold_abo_vencedores,120247680974180489,01_ig-fb_aberto,120247681002540489,"ADS 3 V4 - WORKSHOP CHURRASCO",120247681002520489,2026-09-04,7.23,5,,1.80505415,26.10108303,1.446,277,55,14,23,9,2026-09-04,2026-09-04
bbe-a2-ago-26--venda--perpetuo--cold_cbo_vencedores,120247542152420489,01_ig-fb_aberto,120247542152480489,"ADS 4 V2 - WORKSHOP CHURRASCO",120247542152500489,2026-09-04,61.52,17,,0.89899524,32.5330513,3.61882353,1891,343,69,213,76,2026-09-04,2026-09-04
bbe-a1-jul-26--venda--perpetuo--hot_cbo_vencedores-lpd,120247080021040489,01_automatico_seguidores_ig_fb,120247080021340489,ad07-bbe-ppt-mai26--sal-grosso-sozinho-não-salva,120247080021180489,2026-09-04,2.34,,,,29.62025316,,79,,,,,2026-09-04,2026-09-04
bbe-a1-jul-26--venda--perpetuo--hot_cbo_vencedores,120246796479480489,01_automatico_seguidores_ig_fb,120246796490920489,"ADS 4 V2 - WORKSHOP CHURRASCO",120246796503260489,2026-09-04,0.14,,,,28,,5,,,,,2026-09-04,2026-09-04
bbe-a1-jul-26--venda--perpetuo--cold_cbo_vencedores_lpe,120247625165580489,01_ig-fb_aberto,120247625165560489,ad04-bbe-ppt-mai26--o-netão-te-ensina-corrigido,120247625165750489,2026-09-04,10.31,4,,0.92592593,23.86574074,2.5775,432,,,,,2026-09-04,2026-09-04
bbe-a1-jul-26--venda--perpetuo--hot_cbo_vencedores-lpd,120247080021040489,01_automatico_seguidores_ig_fb,120247080021340489,"ADS 3 V1 - WORKSHOP CHURRASCO",120247080021110489,2026-09-04,0,,,,0,,1,,,,,2026-09-04,2026-09-04
bbe-a2-ago-26--venda-perpetuo--hot_cbo_vencedores,120247542163020489,01_ig-fb_seguidores_ig_fb,120247542163120489,ad04-bbe-ppt-mai26--o-netão-te-ensina-corrigido,120247542163130489,2026-09-04,9.13,1,,0.38314176,34.98084291,9.13,261,,,,,2026-09-04,2026-09-04
bbe-a1-jul-26--venda--perpetuo--hot_cbo_vencedores-lpd,120247080021040489,01_automatico_seguidores_ig_fb,120247080021340489,"ADS 3 V4 - WORKSHOP CHURRASCO",120247080021690489,2026-09-04,0.38,,,,25.33333333,,15,2,1,1,,2026-09-04,2026-09-04
bbe-a1-jul-26--venda--perpetuo--hot_cbo_vencedores,120246796479480489,01_automatico_seguidores_ig_fb,120246796490920489,"ADS 3 V4 - WORKSHOP CHURRASCO",120246796503320489,2026-09-04,1.91,,,,57.87878788,,33,9,4,5,3,2026-09-04,2026-09-04
bbe-a1-jul-26--venda--perpetuo--hot_cbo_vencedores-lpe,120247625165730489,01_automatico_seguidores_ig_fb,120247625165710489,"ADS 4 V2 - WORKSHOP CHURRASCO",120247625165610489,2026-09-04,8.02,2,,1.18343195,47.4556213,4.01,169,22,4,14,5,2026-09-04,2026-09-04
bbe-a1-jul-26--venda--perpetuo--hot_cbo_vencedores-lpe,120247625165730489,01_automatico_seguidores_ig_fb,120247625165710489,"ADS 3 V5 - WORKSHOP CHURRASCO",120247625165660489,2026-09-04,0.2,,,,20,,10,3,,,,2026-09-04,2026-09-04
bbe-a1-jul-26--venda--perpetuo--cold_cbo_vencedores,120247542190730489,01_ig-fb_aberto,120247542190720489,"ADS 4 V2 - WORKSHOP CHURRASCO",120247542190740489,2026-09-04,0.83,1,,3.44827586,28.62068966,0.83,29,3,,1,,2026-09-04,2026-09-04
bbe-a1-jul-26--venda--perpetuo--hot_cbo_vencedores-lpe,120247625165730489,01_automatico_seguidores_ig_fb,120247625165710489,"ADS 8 V1 - WORKSHOP CHURRASCO",120247625165620489,2026-09-04,0.2,,,,66.66666667,,3,2,1,1,,2026-09-04,2026-09-04
bbe-a2-ago-26--venda--perpetuo--cold_cbo_vencedores,120247542152420489,01_ig-fb_aberto,120247542152480489,"ADS 3 V1 - WORKSHOP CHURRASCO",120247542152590489,2026-09-04,0.79,,,,56.42857143,,14,3,1,2,,2026-09-04,2026-09-04
bbe-a2-ago-26--venda-perpetuo--hot_cbo_vencedores,120247542163020489,01_ig-fb_seguidores_ig_fb,120247542163120489,"ADS 8 V1 - WORKSHOP CHURRASCO",120247542163070489,2026-09-04,1.58,,,,131.66666667,,12,5,1,1,,2026-09-04,2026-09-04
bbe-a1-jul-26--venda--perpetuo--hot_cbo_vencedores-lpe,120247625165730489,01_automatico_seguidores_ig_fb,120247625165710489,"ADS 3 V4 - WORKSHOP CHURRASCO",120247625165570489,2026-09-04,0.95,,,,29.6875,,32,5,,2,,2026-09-04,2026-09-04
bbe-a1-jul-26--venda--perpetuo--hot_cbo_vencedores,120246796479480489,01_automatico_seguidores_ig_fb,120246796490920489,"ADS 3 V5 - WORKSHOP CHURRASCO",120246796503310489,2026-09-04,2.19,2,,4.65116279,50.93023256,1.095,43,10,1,2,,2026-09-04,2026-09-04
bbe-a1-jul-26--venda--perpetuo--hot_cbo_vencedores,120246796479480489,01_automatico_seguidores_ig_fb,120246796490920489,ad04-bbe-ppt-mai26--o-netão-te-ensina-corrigido,120247024497160489,2026-09-04,45.46,23,,1.22145512,24.14232608,1.97652174,1883,,,,,2026-09-04,2026-09-04
bbe-a2-ago-26--venda-perpetuo--hot_cbo_vencedores,120247542163020489,01_ig-fb_seguidores_ig_fb,120247542163120489,"ADS 4 V2 - WORKSHOP CHURRASCO",120247542163040489,2026-09-04,1.26,,,,66.31578947,,19,2,,,,2026-09-04,2026-09-04
bbe-a2-ago-26--venda-perpetuo--hot_cbo_vencedores,120247542163020489,01_ig-fb_seguidores_ig_fb,120247542163120489,"ADS 3 V5 - WORKSHOP CHURRASCO",120247542163080489,2026-09-04,10.22,2,,1.22699387,62.6993865,5.11,163,17,3,5,3,2026-09-04,2026-09-04
bbe-a2-ago-26--venda-perpetuo--hot_cbo_vencedores,120247542163020489,01_ig-fb_seguidores_ig_fb,120247542163120489,ad04-bbe-ppt-mai26--o-netão-te-ensina,120247542163000489,2026-09-04,2.77,1,,1.13636364,31.47727273,2.77,88,,,,,2026-09-04,2026-09-04
bbe-a2-ago-26--venda-perpetuo--hot_cbo_vencedores,120247542163020489,01_ig-fb_seguidores_ig_fb,120247542163120489,"ADS 5 V1 REEDITADO - WORKSHOP CHURRASCO",120247558300440489,2026-09-04,0.51,,,,85,,6,1,,,,2026-09-04,2026-09-04
bbe-a1-jul-26--venda--perpetuo--hot_cbo_vencedores-lpd,120247080021040489,01_automatico_seguidores_ig_fb,120247080021340489,"ADS 3 V5 - WORKSHOP CHURRASCO",120247080021090489,2026-09-04,3.21,,,,48.63636364,,66,8,3,3,2,2026-09-04,2026-09-04
bbe-a1-jul-26--venda--perpetuo--cold_cbo_vencedores,120247542190730489,01_ig-fb_aberto,120247542190720489,ad04-bbe-ppt-mai26--o-netão-te-ensina-corrigido,120247542190820489,2026-09-04,45.94,11,,0.41400075,17.29017689,4.17636364,2657,,,,,2026-09-04,2026-09-04
bbe-a2-ago-26--venda--perpetuo--cold_cbo_vencedores,120247542152420489,01_ig-fb_aberto,120247542152480489,ad04-bbe-ppt-mai26--o-netão-te-ensina-corrigido,120247542152670489,2026-09-04,73.66,30,2,0.97307817,23.89231268,2.45533333,3083,,,,,2026-09-04,2026-09-04
bbe-a2-ago-26--venda--perpetuo--cold_cbo_vencedores,120247542152420489,01_ig-fb_aberto,120247542152480489,"ADS 5 V1 REEDITADO - WORKSHOP CHURRASCO",120247558307390489,2026-09-04,1.27,,,,57.72727273,,22,10,1,1,,2026-09-04,2026-09-04
bbe-a1-jul-26--venda--perpetuo--hot_cbo_vencedores-lpd,120247080021040489,01_automatico_seguidores_ig_fb,120247080021340489,"ADS 4 V2 - WORKSHOP CHURRASCO",120247080021220489,2026-09-04,69.86,21,,1.08639421,36.14071392,3.32666667,1933,328,62,216,69,2026-09-04,2026-09-04
bbe-a2-ago-26--venda-perpetuo--hot_cbo_vencedores,120247542163020489,01_ig-fb_seguidores_ig_fb,120247542163120489,ad04-bbe-ppt-mai26--o-netão-te-ensina-corrigido,120247542163130489,2026-09-03,55.81,5,,0.3021148,33.72205438,11.162,1655,,,,,2026-09-03,2026-09-03
bbe-a1-jul-26--venda--perpetuo--cold_cbo_vencedores,120247542190730489,01_ig-fb_aberto,120247542190720489,ad04-bbe-ppt-mai26--o-netão-te-ensina-corrigido,120247542190820489,2026-09-03,50.01,17,,0.671406,19.75118483,2.94176471,2532,,,,,2026-09-03,2026-09-03
bbe-a2-ago-26--venda-perpetuo--hot_cbo_vencedores,120247542163020489,01_ig-fb_seguidores_ig_fb,120247542163120489,"ADS 3 V4 - WORKSHOP CHURRASCO",120247542162990489,2026-09-03,1.06,,,,36.55172414,,29,3,1,1,1,2026-09-03,2026-09-03
bbe-a2-ago-26--venda--perpetuo--cold_cbo_vencedores,120247542152420489,01_ig-fb_aberto,120247542152480489,ad04-bbe-ppt-mai26--o-netão-te-ensina-corrigido,120247542152670489,2026-09-03,57.62,23,1,1.03370787,25.89662921,2.50521739,2225,,,,,2026-09-03,2026-09-03
bbe-a2-ago-26--venda--perpetuo--cold_cbo_vencedores,120247542152420489,01_ig-fb_aberto,120247542152480489,"ADS 3 V1 - WORKSHOP CHURRASCO",120247542152590489,2026-09-03,0.01,,,,10,,1,,,,,2026-09-03,2026-09-03
bbe-a1-jul-26--venda--perpetuo--hot_cbo_vencedores-lpd,120247080021040489,01_automatico_seguidores_ig_fb,120247080021340489,"ADS 3 V1 - WORKSHOP CHURRASCO",120247080021110489,2026-09-03,0.07,,,,10,,7,1,,,,2026-09-03,2026-09-03
bbe-a2-ago-26--venda--perpetuo--cold_cbo_vencedores,120247542152420489,01_ig-fb_aberto,120247542152480489,"ADS 4 V2 - WORKSHOP CHURRASCO",120247542152500489,2026-09-03,28.7,11,,1.18662352,30.9600863,2.60909091,927,159,34,97,40,2026-09-03,2026-09-03
bbe-a2-ago-26--venda-perpetuo--hot_cbo_vencedores,120247542163020489,01_ig-fb_seguidores_ig_fb,120247542163120489,"ADS 3 V1 - WORKSHOP CHURRASCO",120247542163060489,2026-09-03,0.48,,,,30,,16,5,,1,,2026-09-03,2026-09-03
bbe-a1-jul-26--venda--perpetuo--hot_cbo_vencedores-lpe,120247625165730489,01_automatico_seguidores_ig_fb,120247625165710489,"ADS 3 V1 - WORKSHOP CHURRASCO",120247625165630489,2026-09-03,5.58,2,,1.98019802,55.24752475,2.79,101,26,5,17,4,2026-09-03,2026-09-03
bbe-a1-jul-26--venda--perpetuo--hot_cbo_vencedores,120246796479480489,01_automatico_seguidores_ig_fb,120246796490920489,"ADS 3 V1 - WORKSHOP CHURRASCO",120246796503290489,2026-09-03,0.87,,,,51.17647059,,17,3,1,2,1,2026-09-03,2026-09-03
bbe-a1-jul-26--venda--perpetuo--hot_cbo_vencedores-lpd,120247080021040489,01_automatico_seguidores_ig_fb,120247080021340489,ad07-bbe-ppt-mai26--sal-grosso-sozinho-não-salva,120247080021180489,2026-09-03,0.09,,,,30,,3,,,,,2026-09-03,2026-09-03
bbe-a1-jul-26--venda--perpetuo--cold_cbo_vencedores_lpe,120247625165580489,01_ig-fb_aberto,120247625165560489,ad04-bbe-ppt-mai26--o-netão-te-ensina-corrigido,120247625165750489,2026-09-03,64.32,23,,0.86726998,24.25339367,2.79652174,2652,,,,,2026-09-03,2026-09-03
bbe-a2-ago-26--venda-perpetuo--hot_cbo_vencedores,120247542163020489,01_ig-fb_seguidores_ig_fb,120247542163120489,"ADS 5 V1 REEDITADO - WORKSHOP CHURRASCO",120247558300440489,2026-09-03,2.39,1,,3.03030303,72.42424242,2.39,33,8,,1,,2026-09-03,2026-09-03
bbe-a1-jul-26--venda--perpetuo--hot_cbo_vencedores-lpd,120247080021040489,01_automatico_seguidores_ig_fb,120247080021340489,"ADS 3 V5 - WORKSHOP CHURRASCO",120247080021090489,2026-09-03,0.05,,,,50,,1,1,,,,2026-09-03,2026-09-03
bbe-a1-jul-26--venda--perpetuo--hot_cbo_vencedores,120246796479480489,01_automatico_seguidores_ig_fb,120246796490920489,"ADS 3 V5 - WORKSHOP CHURRASCO",120246796503310489,2026-09-03,0.29,,,,58,,5,2,,,,2026-09-03,2026-09-03
bbe-a2-ago-26--venda-perpetuo--hot_cbo_vencedores,120247542163020489,01_ig-fb_seguidores_ig_fb,120247542163120489,ad04-bbe-ppt-mai26--o-netão-te-ensina,120247542163000489,2026-09-03,14.54,1,,0.27100271,39.40379404,14.54,369,,,,,2026-09-03,2026-09-03
bbe-a2-ago-26--venda-perpetuo--hot_cbo_vencedores,120247542163020489,01_ig-fb_seguidores_ig_fb,120247542163120489,"ADS 8 V1 - WORKSHOP CHURRASCO",120247542163070489,2026-09-03,2.27,1,,4,90.8,2.27,25,6,1,1,,2026-09-03,2026-09-03
bbe-a1-jul-26--venda--perpetuo--hot_cbo_vencedores-lpd,120247080021040489,01_automatico_seguidores_ig_fb,120247080021340489,"ADS 4 V2 - WORKSHOP CHURRASCO",120247080021220489,2026-09-03,87.6,25,,1.04253545,36.53044204,3.504,2398,361,80,231,84,2026-09-03,2026-09-03
bbe-a1-jul-26--venda--perpetuo--cold_cbo_vencedores,120247542190730489,01_ig-fb_aberto,120247542190720489,"ADS 3 V1 - WORKSHOP CHURRASCO",120247542190750489,2026-09-03,0.07,,,,23.33333333,,3,,,,,2026-09-03,2026-09-03
bbe-a1-jul-26--venda--perpetuo--hot_cbo_vencedores-lpe,120247625165730489,01_automatico_seguidores_ig_fb,120247625165710489,"ADS 3 V5 - WORKSHOP CHURRASCO",120247625165660489,2026-09-03,8.12,2,,1.78571429,72.5,4.06,112,24,4,13,2,2026-09-03,2026-09-03
bbe-a1-jul-26--venda--perpetuo--hot_cbo_vencedores-lpe,120247625165730489,01_automatico_seguidores_ig_fb,120247625165710489,"ADS 8 V1 - WORKSHOP CHURRASCO",120247625165620489,2026-09-03,0.45,,,,30,,15,3,,,,2026-09-03,2026-09-03
bbe-a2-ago-26--venda-perpetuo--hot_cbo_vencedores,120247542163020489,01_ig-fb_seguidores_ig_fb,120247542163120489,"ADS 4 V2 - WORKSHOP CHURRASCO",120247542163040489,2026-09-03,3.69,2,,2.29885057,42.4137931,1.845,87,8,,6,,2026-09-03,2026-09-03
bbe-a1-jul-26--venda--perpetuo--hot_cbo_vencedores,120246796479480489,01_automatico_seguidores_ig_fb,120246796490920489,ad07-bbe-ppt-mai26--sal-grosso-sozinho-não-salva,120246796503280489,2026-09-03,4.08,1,,0.85470085,34.87179487,4.08,117,,,,,2026-09-03,2026-09-03
bbe-a1-jul-26--venda--perpetuo--hot_cbo_vencedores-lpe,120247625165730489,01_automatico_seguidores_ig_fb,120247625165710489,"ADS 3 V4 - WORKSHOP CHURRASCO",120247625165570489,2026-09-03,6.13,2,,1.92307692,58.94230769,3.065,104,25,3,11,1,2026-09-03,2026-09-03
bbe-a1-jul-26--venda--perpetuo--hot_cbo_vencedores,120246796479480489,01_automatico_seguidores_ig_fb,120246796490920489,ad04-bbe-ppt-mai26--o-netão-te-ensina-corrigido,120247024497160489,2026-09-03,74.86,16,,0.56338028,26.35915493,4.67875,2840,,,,,2026-09-03,2026-09-03
bbe-a1-jul-26--venda--perpetuo--hot_cbo_vencedores-lpe,120247625165730489,01_automatico_seguidores_ig_fb,120247625165710489,"ADS 4 V2 - WORKSHOP CHURRASCO",120247625165610489,2026-09-03,46.33,12,,1.14722753,44.29254302,3.86083333,1046,154,33,101,41,2026-09-03,2026-09-03
bbe-a1-jul-26--venda--perpetuo--cold_cbo_vencedores_lpe,120247625165580489,01_ig-fb_aberto,120247625165560489,"ADS 3 V1 - WORKSHOP CHURRASCO",120247625165830489,2026-09-03,0.53,1,,5.88235294,31.17647059,0.53,17,3,1,1,1,2026-09-03,2026-09-03
bbe-a1-jul-26--venda--perpetuo--cold_cbo_vencedores_lpe,120247625165580489,01_ig-fb_aberto,120247625165560489,"ADS 4 V2 - WORKSHOP CHURRASCO",120247625165740489,2026-09-03,0.35,,,,29.16666667,,12,,,,,2026-09-03,2026-09-03
bbe-a2-ago-26--venda-perpetuo--hot_cbo_vencedores,120247542163020489,01_ig-fb_seguidores_ig_fb,120247542163120489,"ADS 3 V5 - WORKSHOP CHURRASCO",120247542163080489,2026-09-03,37.31,6,,0.94043887,58.47962382,6.21833333,638,107,13,38,12,2026-09-03,2026-09-03
bbe-a2-ago-26--venda-perpetuo--hot_cbo_vencedores,120247542163020489,01_ig-fb_seguidores_ig_fb,120247542163120489,"ADS 3 V4 - WORKSHOP CHURRASCO",120247542162990489,2026-09-02,0.07,,,,23.33333333,,3,1,1,1,,2026-09-02,2026-09-02
bbe-a2-ago-26--venda-perpetuo--hot_cbo_vencedores,120247542163020489,01_ig-fb_seguidores_ig_fb,120247542163120489,ad04-bbe-ppt-mai26--o-netão-te-ensina-corrigido,120247542163130489,2026-09-02,62.91,10,,0.64020487,40.27528809,6.291,1562,,,,,2026-09-02,2026-09-02
bbe-a1-jul-26--venda--perpetuo--hot_cbo_vencedores-lpd,120247080021040489,01_automatico_seguidores_ig_fb,120247080021340489,"ADS 3 V4 - WORKSHOP CHURRASCO",120247080021690489,2026-09-02,1.06,1,,6.25,66.25,1.06,16,2,,1,,2026-09-02,2026-09-02
bbe-a2-ago-26--venda--perpetuo--cold_cbo_vencedores,120247542152420489,01_ig-fb_aberto,120247542152480489,ad04-bbe-ppt-mai26--o-netão-te-ensina-corrigido,120247542152670489,2026-09-02,107.04,51,,1.06117353,22.2721598,2.09882353,4806,,,,,2026-09-02,2026-09-02
bbe-a2-ago-26--venda--perpetuo--cold_cbo_vencedores,120247542152420489,01_ig-fb_aberto,120247542152480489,"ADS 5 V1 REEDITADO - WORKSHOP CHURRASCO",120247558307390489,2026-09-02,0.11,1,,11.11111111,12.22222222,0.11,9,4,2,2,,2026-09-02,2026-09-02
bbe-a2-ago-26--venda--perpetuo--cold_cbo_vencedores,120247542152420489,01_ig-fb_aberto,120247542152480489,"ADS 3 V1 - WORKSHOP CHURRASCO",120247542152590489,2026-09-02,1.09,1,,5.26315789,57.36842105,1.09,19,3,1,1,,2026-09-02,2026-09-02
bbe-a1-jul-26--venda--perpetuo--hot_cbo_vencedores,120246796479480489,01_automatico_seguidores_ig_fb,120246796490920489,"ADS 3 V4 - WORKSHOP CHURRASCO",120246796503320489,2026-09-02,1.16,,,,52.72727273,,22,3,1,1,,2026-09-02,2026-09-02
bbe-a1-jul-26--venda--perpetuo--hot_cbo_vencedores,120246796479480489,01_automatico_seguidores_ig_fb,120246796490920489,"ADS 4 V2 - WORKSHOP CHURRASCO",120246796503260489,2026-09-02,0.67,,,,24.81481481,,27,8,2,6,2,2026-09-02,2026-09-02
bbe-a2-ago-26--venda-perpetuo--hot_cbo_vencedores,120247542163020489,01_ig-fb_seguidores_ig_fb,120247542163120489,"ADS 3 V1 - WORKSHOP CHURRASCO",120247542163060489,2026-09-02,4.06,,,,44.61538462,,91,11,3,3,1,2026-09-02,2026-09-02
bbe-a1-jul-26--venda--perpetuo--hot_cbo_vencedores-lpe,120247625165730489,01_automatico_seguidores_ig_fb,120247625165710489,"ADS 3 V1 - WORKSHOP CHURRASCO",120247625165630489,2026-09-02,8.67,2,,1.5625,67.734375,4.335,128,21,7,12,4,2026-09-02,2026-09-02
bbe-a1-jul-26--venda--perpetuo--hot_cbo_vencedores-lpd,120247080021040489,01_automatico_seguidores_ig_fb,120247080021340489,"ADS 8 V1 - WORKSHOP CHURRASCO",120247080021140489,2026-09-02,1.13,,,,94.16666667,,12,4,3,3,1,2026-09-02,2026-09-02
bbe-a1-jul-26--venda--perpetuo--hot_cbo_vencedores,120246796479480489,01_automatico_seguidores_ig_fb,120246796490920489,"ADS 8 V1 - WORKSHOP CHURRASCO",120246796503300489,2026-09-02,0.16,,,,80,,2,,,,,2026-09-02,2026-09-02
bbe-a1-jul-26--venda--perpetuo--hot_cbo_vencedores,120246796479480489,01_automatico_seguidores_ig_fb,120246796490920489,"ADS 3 V1 - WORKSHOP CHURRASCO",120246796503290489,2026-09-02,0.06,,,,15,,4,,,,,2026-09-02,2026-09-02
bbe-a2-ago-26--venda--perpetuo--cold_cbo_vencedores,120247542152420489,01_ig-fb_aberto,120247542152480489,"ADS 4 V2 - WORKSHOP CHURRASCO",120247542152500489,2026-09-02,27.57,16,1,1.64102564,28.27692308,1.723125,975,179,30,110,34,2026-09-02,2026-09-02
bbe-a1-jul-26--venda--perpetuo--hot_cbo_vencedores-lpd,120247080021040489,01_automatico_seguidores_ig_fb,120247080021340489,ad07-bbe-ppt-mai26--sal-grosso-sozinho-não-salva,120247080021180489,2026-09-02,2.9,,,,580,,5,,,,,2026-09-02,2026-09-02
bbe-a1-jul-26--venda--perpetuo--cold_cbo_vencedores_lpe,120247625165580489,01_ig-fb_aberto,120247625165560489,ad04-bbe-ppt-mai26--o-netão-te-ensina-corrigido,120247625165750489,2026-09-02,78.06,50,1,1.20105693,18.75090079,1.5612,4163,,,,,2026-09-02,2026-09-02
bbe-a1-jul-26--venda--perpetuo--cold_cbo_vencedores,120247542190730489,01_ig-fb_aberto,120247542190720489,ad04-bbe-ppt-mai26--o-netão-te-ensina-corrigido,120247542190820489,2026-09-02,54.57,28,,0.75778078,14.76860622,1.94892857,3695,,,,,2026-09-02,2026-09-02
bbe-a1-jul-26--venda--perpetuo--hot_cbo_vencedores-lpd,120247080021040489,01_automatico_seguidores_ig_fb,120247080021340489,"ADS 3 V5 - WORKSHOP CHURRASCO",120247080021090489,2026-09-02,4.32,,,,56.1038961,,77,8,1,3,,2026-09-02,2026-09-02
bbe-a2-ago-26--venda-perpetuo--hot_cbo_vencedores,120247542163020489,01_ig-fb_seguidores_ig_fb,120247542163120489,"ADS 5 V1 REEDITADO - WORKSHOP CHURRASCO",120247558300440489,2026-09-02,5.51,1,,1.61290323,88.87096774,5.51,62,12,,4,,2026-09-02,2026-09-02
bbe-a1-jul-26--venda--perpetuo--hot_cbo_vencedores-lpe,120247625165730489,01_automatico_seguidores_ig_fb,120247625165710489,"ADS 3 V4 - WORKSHOP CHURRASCO",120247625165570489,2026-09-02,14.35,4,,1.38888889,49.82638889,3.5875,288,62,13,29,10,2026-09-02,2026-09-02
bbe-a2-ago-26--venda-perpetuo--hot_cbo_vencedores,120247542163020489,01_ig-fb_seguidores_ig_fb,120247542163120489,ad04-bbe-ppt-mai26--o-netão-te-ensina,120247542163000489,2026-09-02,8.79,,,,35.01992032,,251,,,,,2026-09-02,2026-09-02
bbe-a1-jul-26--venda--perpetuo--hot_cbo_vencedores-lpe,120247625165730489,01_automatico_seguidores_ig_fb,120247625165710489,ad07-bbe-ppt-mai26--sal-grosso-sozinho-não-salva,120247625165810489,2026-09-02,0.73,,,,52.14285714,,14,,,,,2026-09-02,2026-09-02
bbe-a1-jul-26--venda--perpetuo--cold_cbo_vencedores,120247542190730489,01_ig-fb_aberto,120247542190720489,"ADS 4 V2 - WORKSHOP CHURRASCO",120247542190740489,2026-09-02,0.47,1,,5.26315789,24.73684211,0.47,19,2,1,2,1,2026-09-02,2026-09-02
bbe-a1-jul-26--venda--perpetuo--hot_cbo_vencedores-lpe,120247625165730489,01_automatico_seguidores_ig_fb,120247625165710489,"ADS 8 V1 - WORKSHOP CHURRASCO",120247625165620489,2026-09-02,4.85,,,,80.83333333,,60,19,8,9,4,2026-09-02,2026-09-02
bbe-a2-ago-26--venda-perpetuo--hot_cbo_vencedores,120247542163020489,01_ig-fb_seguidores_ig_fb,120247542163120489,"ADS 4 V2 - WORKSHOP CHURRASCO",120247542163040489,2026-09-02,32.16,4,,0.82987552,66.7219917,8.04,482,50,10,27,12,2026-09-02,2026-09-02
bbe-a2-ago-26--venda-perpetuo--hot_cbo_vencedores,120247542163020489,01_ig-fb_seguidores_ig_fb,120247542163120489,"ADS 8 V1 - WORKSHOP CHURRASCO",120247542163070489,2026-09-02,17.36,2,,0.90497738,78.5520362,8.68,221,38,9,9,6,2026-09-02,2026-09-02
bbe-a1-jul-26--venda--perpetuo--hot_cbo_vencedores-lpe,120247625165730489,01_automatico_seguidores_ig_fb,120247625165710489,"ADS 3 V5 - WORKSHOP CHURRASCO",120247625165660489,2026-09-02,12.25,6,,2.53164557,51.68776371,2.04166667,237,53,11,20,6,2026-09-02,2026-09-02
bbe-a1-jul-26--venda--perpetuo--hot_cbo_vencedores,120246796479480489,01_automatico_seguidores_ig_fb,120246796490920489,"ADS 3 V5 - WORKSHOP CHURRASCO",120246796503310489,2026-09-02,4.94,,,,274.44444444,,18,1,1,1,,2026-09-02,2026-09-02
bbe-a1-jul-26--venda--perpetuo--hot_cbo_vencedores-lpe,120247625165730489,01_automatico_seguidores_ig_fb,120247625165710489,"ADS 4 V2 - WORKSHOP CHURRASCO",120247625165610489,2026-09-02,44.96,11,,1.23180291,50.34714446,4.08727273,893,126,24,77,28,2026-09-02,2026-09-02
bbe-a1-jul-26--venda--perpetuo--cold_cbo_vencedores_lpe,120247625165580489,01_ig-fb_aberto,120247625165560489,"ADS 3 V1 - WORKSHOP CHURRASCO",120247625165830489,2026-09-02,2.39,1,,1.19047619,28.45238095,2.39,84,18,3,9,2,2026-09-02,2026-09-02
bbe-a1-jul-26--venda--perpetuo--cold_cbo_vencedores_lpe,120247625165580489,01_ig-fb_aberto,120247625165560489,"ADS 4 V2 - WORKSHOP CHURRASCO",120247625165740489,2026-09-02,1.41,,,,45.48387097,,31,6,1,3,1,2026-09-02,2026-09-02
bbe-a2-ago-26--venda-perpetuo--hot_cbo_vencedores,120247542163020489,01_ig-fb_seguidores_ig_fb,120247542163120489,"ADS 3 V5 - WORKSHOP CHURRASCO",120247542163080489,2026-09-02,25.05,3,,0.65075922,54.33839479,8.35,461,65,15,27,11,2026-09-02,2026-09-02
bbe-a1-jul-26--venda--perpetuo--hot_cbo_vencedores-lpd,120247080021040489,01_automatico_seguidores_ig_fb,120247080021340489,"ADS 4 V2 - WORKSHOP CHURRASCO",120247080021220489,2026-09-02,96.5,25,,0.85178876,32.879046,3.86,2935,446,89,298,98,2026-09-02,2026-09-02
bbe-a1-jul-26--venda--perpetuo--hot_cbo_vencedores,120246796479480489,01_automatico_seguidores_ig_fb,120246796490920489,ad04-bbe-ppt-mai26--o-netão-te-ensina-corrigido,120247024497160489,2026-09-02,86.2,29,,0.88657903,26.35279731,2.97241379,3271,,,,,2026-09-02,2026-09-02
bbe-a1-jul-26--venda--perpetuo--hot_cbo_vencedores-lpd,120247080021040489,01_automatico_seguidores_ig_fb,120247080021340489,"ADS 3 V1 - WORKSHOP CHURRASCO",120247080021110489,2026-09-01,0.06,,,,30,,2,,,,,2026-09-01,2026-09-01
bbe-a1-jul-26--venda--perpetuo--cold_cbo_vencedores,120247542190730489,01_ig-fb_aberto,120247542190720489,ad04-bbe-ppt-mai26--o-netão-te-ensina-corrigido,120247542190820489,2026-09-01,57.79,38,,0.92660327,14.09168495,1.52078947,4101,,,,,2026-09-01,2026-09-01
bbe-a2-ago-26--venda--perpetuo--cold_cbo_vencedores,120247542152420489,01_ig-fb_aberto,120247542152480489,ad04-bbe-ppt-mai26--o-netão-te-ensina-corrigido,120247542152670489,2026-09-01,28.32,18,1,1.49130075,23.46313173,1.57333333,1207,,,,,2026-09-01,2026-09-01
bbe-a2-ago-26--venda--perpetuo--cold_cbo_vencedores,120247542152420489,01_ig-fb_aberto,120247542152480489,"ADS 5 V1 REEDITADO - WORKSHOP CHURRASCO",120247558307390489,2026-09-01,3.04,3,,5.26315789,53.33333333,1.01333333,57,17,8,10,5,2026-09-01,2026-09-01
bbe-a2-ago-26--venda--perpetuo--cold_cbo_vencedores,120247542152420489,01_ig-fb_aberto,120247542152480489,"ADS 3 V1 - WORKSHOP CHURRASCO",120247542152590489,2026-09-01,2.87,,,,35,,82,19,3,5,1,2026-09-01,2026-09-01
bbe-a1-jul-26--venda--perpetuo--hot_cbo_vencedores,120246796479480489,01_automatico_seguidores_ig_fb,120246796490920489,"ADS 3 V4 - WORKSHOP CHURRASCO",120246796503320489,2026-09-01,0,,,,0,,1,1,,,,2026-09-01,2026-09-01
bbe-a1-jul-26--venda--perpetuo--hot_cbo_vencedores,120246796479480489,01_automatico_seguidores_ig_fb,120246796490920489,"ADS 8 V1 - WORKSHOP CHURRASCO",120246796503300489,2026-09-01,0.3,,,,75,,4,,,,,2026-09-01,2026-09-01
bbe-a2-ago-26--venda-perpetuo--hot_cbo_vencedores,120247542163020489,01_ig-fb_seguidores_ig_fb,120247542163120489,ad04-bbe-ppt-mai26--o-netão-te-ensina-corrigido,120247542163130489,2026-09-01,66.91,8,,0.4610951,38.5648415,8.36375,1735,,,,,2026-09-01,2026-09-01
bbe-a2-ago-26--venda-perpetuo--hot_cbo_vencedores,120247542163020489,01_ig-fb_seguidores_ig_fb,120247542163120489,"ADS 3 V1 - WORKSHOP CHURRASCO",120247542163060489,2026-09-01,1.67,,,,43.94736842,,38,6,2,2,2,2026-09-01,2026-09-01
bbe-a1-jul-26--venda--perpetuo--hot_cbo_vencedores-lpe,120247625165730489,01_automatico_seguidores_ig_fb,120247625165710489,"ADS 3 V1 - WORKSHOP CHURRASCO",120247625165630489,2026-09-01,0.83,2,,6.4516129,26.77419355,0.415,31,6,3,5,2,2026-09-01,2026-09-01
bbe-a1-jul-26--venda--perpetuo--hot_cbo_vencedores,120246796479480489,01_automatico_seguidores_ig_fb,120246796490920489,"ADS 3 V1 - WORKSHOP CHURRASCO",120246796503290489,2026-09-01,5,2,,4.44444444,111.11111111,2.5,45,8,3,3,3,2026-09-01,2026-09-01
bbe-a2-ago-26--venda--perpetuo--cold_cbo_vencedores,120247542152420489,01_ig-fb_aberto,120247542152480489,"ADS 4 V2 - WORKSHOP CHURRASCO",120247542152500489,2026-09-01,35.89,14,,1.13913751,29.20260374,2.56357143,1229,176,37,113,40,2026-09-01,2026-09-01
bbe-a1-jul-26--venda--perpetuo--hot_cbo_vencedores,120246796479480489,01_automatico_seguidores_ig_fb,120246796490920489,"ADS 4 V2 - WORKSHOP CHURRASCO",120246796503260489,2026-09-01,0.77,,,,55,,14,3,1,3,2,2026-09-01,2026-09-01
bbe-a1-jul-26--venda--perpetuo--hot_cbo_vencedores-lpd,120247080021040489,01_automatico_seguidores_ig_fb,120247080021340489,"ADS 3 V5 - WORKSHOP CHURRASCO",120247080021090489,2026-09-01,7.9,1,,0.72463768,57.24637681,7.9,138,23,8,11,4,2026-09-01,2026-09-01
bbe-a2-ago-26--venda-perpetuo--hot_cbo_vencedores,120247542163020489,01_ig-fb_seguidores_ig_fb,120247542163120489,ad07-bbe-ppt-mai26--sal-grosso-sozinho-não-salva,120247542163140489,2026-09-01,0.07,,,,35,,2,,,,,2026-09-01,2026-09-01
bbe-a1-jul-26--venda--perpetuo--cold_cbo_vencedores_lpe,120247625165580489,01_ig-fb_aberto,120247625165560489,ad04-bbe-ppt-mai26--o-netão-te-ensina-corrigido,120247625165750489,2026-09-01,59.84,42,,1.17647059,16.76190476,1.4247619,3570,,,,,2026-09-01,2026-09-01
bbe-a2-ago-26--venda-perpetuo--hot_cbo_vencedores,120247542163020489,01_ig-fb_seguidores_ig_fb,120247542163120489,"ADS 5 V1 REEDITADO - WORKSHOP CHURRASCO",120247558300440489,2026-09-01,13.52,3,,1.2145749,54.73684211,4.50666667,247,54,11,19,5,2026-09-01,2026-09-01
bbe-a2-ago-26--venda-perpetuo--hot_cbo_vencedores,120247542163020489,01_ig-fb_seguidores_ig_fb,120247542163120489,"ADS 8 V1 - WORKSHOP CHURRASCO",120247542163070489,2026-09-01,13.99,,,,79.03954802,,177,39,13,12,5,2026-09-01,2026-09-01
bbe-a2-ago-26--venda-perpetuo--hot_cbo_vencedores,120247542163020489,01_ig-fb_seguidores_ig_fb,120247542163120489,ad04-bbe-ppt-mai26--o-netão-te-ensina,120247542163000489,2026-09-01,45.59,5,,0.39840637,36.32669323,9.118,1255,,,,,2026-09-01,2026-09-01
bbe-a1-jul-26--venda--perpetuo--hot_cbo_vencedores-lpe,120247625165730489,01_automatico_seguidores_ig_fb,120247625165710489,"ADS 3 V5 - WORKSHOP CHURRASCO",120247625165660489,2026-09-01,5.93,,,,52.01754386,,114,25,4,9,3,2026-09-01,2026-09-01
bbe-a1-jul-26--venda--perpetuo--hot_cbo_vencedores-lpe,120247625165730489,01_automatico_seguidores_ig_fb,120247625165710489,ad07-bbe-ppt-mai26--sal-grosso-sozinho-não-salva,120247625165810489,2026-09-01,16.99,5,,1.08225108,36.77489177,3.398,462,,,,,2026-09-01,2026-09-01
bbe-a1-jul-26--venda--perpetuo--hot_cbo_vencedores-lpe,120247625165730489,01_automatico_seguidores_ig_fb,120247625165710489,"ADS 8 V1 - WORKSHOP CHURRASCO",120247625165620489,2026-09-01,5.52,,,,84.92307692,,65,18,11,11,4,2026-09-01,2026-09-01
bbe-a2-ago-26--venda-perpetuo--hot_cbo_vencedores,120247542163020489,01_ig-fb_seguidores_ig_fb,120247542163120489,"ADS 4 V2 - WORKSHOP CHURRASCO",120247542163040489,2026-09-01,22.4,1,,0.24691358,55.30864198,22.4,405,50,6,22,8,2026-09-01,2026-09-01
bbe-a1-jul-26--venda--perpetuo--hot_cbo_vencedores,120246796479480489,01_automatico_seguidores_ig_fb,120246796490920489,ad07-bbe-ppt-mai26--sal-grosso-sozinho-não-salva,120246796503280489,2026-09-01,0.4,,,,28.57142857,,14,,,,,2026-09-01,2026-09-01
bbe-a1-jul-26--venda--perpetuo--cold_cbo_vencedores,120247542190730489,01_ig-fb_aberto,120247542190720489,"ADS 4 V2 - WORKSHOP CHURRASCO",120247542190740489,2026-09-01,0.1,,,,100,,1,,,,,2026-09-01,2026-09-01
bbe-a1-jul-26--venda--perpetuo--hot_cbo_vencedores-lpe,120247625165730489,01_automatico_seguidores_ig_fb,120247625165710489,"ADS 3 V4 - WORKSHOP CHURRASCO",120247625165570489,2026-09-01,8.83,5,,2.65957447,46.96808511,1.766,188,47,10,23,6,2026-09-01,2026-09-01
bbe-a1-jul-26--venda--perpetuo--hot_cbo_vencedores-lpe,120247625165730489,01_automatico_seguidores_ig_fb,120247625165710489,"ADS 4 V2 - WORKSHOP CHURRASCO",120247625165610489,2026-09-01,49.52,14,,1.54696133,54.71823204,3.53714286,905,159,25,102,30,2026-09-01,2026-09-01
bbe-a1-jul-26--venda--perpetuo--cold_cbo_vencedores_lpe,120247625165580489,01_ig-fb_aberto,120247625165560489,"ADS 3 V1 - WORKSHOP CHURRASCO",120247625165830489,2026-09-01,8.24,4,,1.40350877,28.9122807,2.06,285,61,13,28,6,2026-09-01,2026-09-01
bbe-a1-jul-26--venda--perpetuo--cold_cbo_vencedores_lpe,120247625165580489,01_ig-fb_aberto,120247625165560489,"ADS 4 V2 - WORKSHOP CHURRASCO",120247625165740489,2026-09-01,7,2,,0.78431373,27.45098039,3.5,255,45,10,29,10,2026-09-01,2026-09-01
bbe-a2-ago-26--venda-perpetuo--hot_cbo_vencedores,120247542163020489,01_ig-fb_seguidores_ig_fb,120247542163120489,"ADS 3 V5 - WORKSHOP CHURRASCO",120247542163080489,2026-09-01,40.73,6,,0.76433121,51.88535032,6.78833333,785,105,24,41,18,2026-09-01,2026-09-01
bbe-a1-jul-26--venda--perpetuo--hot_cbo_vencedores-lpd,120247080021040489,01_automatico_seguidores_ig_fb,120247080021340489,"ADS 4 V2 - WORKSHOP CHURRASCO",120247080021220489,2026-09-01,84.59,41,2,1.53500562,31.6697866,2.06317073,2671,373,81,245,87,2026-09-01,2026-09-01
bbe-a1-jul-26--venda--perpetuo--hot_cbo_vencedores,120246796479480489,01_automatico_seguidores_ig_fb,120246796490920489,ad04-bbe-ppt-mai26--o-netão-te-ensina-corrigido,120247024497160489,2026-09-01,71.04,20,,0.70028011,24.87394958,3.552,2856,,,,,2026-09-01,2026-09-01
bbe-a2-ago-26--venda-perpetuo--hot_cbo_vencedores,120247542163020489,01_ig-fb_seguidores_ig_fb,120247542163120489,ad04-bbe-ppt-mai26--o-netão-te-ensina-corrigido,120247542163130489,2026-08-31,94.02,16,,0.6433454,37.80458384,5.87625,2487,,,,,2026-08-31,2026-08-31
bbe-a2-ago-26--venda--perpetuo--cold_cbo_vencedores,120247542152420489,01_ig-fb_aberto,120247542152480489,"ADS 5 V1 REEDITADO - WORKSHOP CHURRASCO",120247558307390489,2026-08-31,11.45,4,,1.76211454,50.44052863,2.8625,227,57,14,21,7,2026-08-31,2026-08-31
bbe-a2-ago-26--venda--perpetuo--cold_cbo_vencedores,120247542152420489,01_ig-fb_aberto,120247542152480489,"ADS 3 V1 - WORKSHOP CHURRASCO",120247542152590489,2026-08-31,13.98,3,,0.83333333,38.83333333,4.66,360,72,21,33,14,2026-08-31,2026-08-31
bbe-a1-jul-26--venda--perpetuo--hot_cbo_vencedores-lpd,120247080021040489,01_automatico_seguidores_ig_fb,120247080021340489,"ADS 3 V1 - WORKSHOP CHURRASCO",120247080021110489,2026-08-31,0.25,,,,31.25,,8,2,,1,,2026-08-31,2026-08-31
bbe-a1-jul-26--venda--perpetuo--hot_cbo_vencedores,120246796479480489,01_automatico_seguidores_ig_fb,120246796490920489,"ADS 3 V1 - WORKSHOP CHURRASCO",120246796503290489,2026-08-31,0.17,,,,21.25,,8,1,,,,2026-08-31,2026-08-31
bbe-a2-ago-26--venda-perpetuo--hot_cbo_vencedores,120247542163020489,01_ig-fb_seguidores_ig_fb,120247542163120489,"ADS 3 V1 - WORKSHOP CHURRASCO",120247542163060489,2026-08-31,6.23,,,,43.87323944,,142,17,3,7,1,2026-08-31,2026-08-31
bbe-a1-jul-26--venda--perpetuo--hot_cbo_vencedores-lpd,120247080021040489,01_automatico_seguidores_ig_fb,120247080021340489,"ADS 8 V1 - WORKSHOP CHURRASCO",120247080021140489,2026-08-31,0.33,,,,30,,11,2,,,,2026-08-31,2026-08-31
bbe-a1-jul-26--venda--perpetuo--hot_cbo_vencedores,120246796479480489,01_automatico_seguidores_ig_fb,120246796490920489,"ADS 8 V1 - WORKSHOP CHURRASCO",120246796503300489,2026-08-31,0.86,1,,20,172,0.86,5,3,2,2,2,2026-08-31,2026-08-31
bbe-a1-jul-26--venda--perpetuo--hot_cbo_vencedores,120246796479480489,01_automatico_seguidores_ig_fb,120246796490920489,"ADS 4 V2 - WORKSHOP CHURRASCO",120246796503260489,2026-08-31,3.55,,,,27.734375,,128,18,1,9,2,2026-08-31,2026-08-31
bbe-a1-jul-26--venda--perpetuo--hot_cbo_vencedores-lpd,120247080021040489,01_automatico_seguidores_ig_fb,120247080021340489,"ADS 3 V4 - WORKSHOP CHURRASCO",120247080021690489,2026-08-31,0.15,,,,30,,5,1,1,1,1,2026-08-31,2026-08-31
bbe-a2-ago-26--venda--perpetuo--cold_cbo_vencedores,120247542152420489,01_ig-fb_aberto,120247542152480489,ad04-bbe-ppt-mai26--o-netão-te-ensina-corrigido,120247542152670489,2026-08-31,61.18,36,1,1.30482059,22.17470098,1.69944444,2759,,,,,2026-08-31,2026-08-31
bbe-a2-ago-26--venda--perpetuo--cold_cbo_vencedores,120247542152420489,01_ig-fb_aberto,120247542152480489,"ADS 4 V2 - WORKSHOP CHURRASCO",120247542152500489,2026-08-31,21.14,11,,1.31894484,25.34772182,1.92181818,834,142,30,96,37,2026-08-31,2026-08-31
bbe-a2-ago-26--venda-perpetuo--hot_cbo_vencedores,120247542163020489,01_ig-fb_seguidores_ig_fb,120247542163120489,"ADS 3 V4 - WORKSHOP CHURRASCO",120247542162990489,2026-08-31,0.14,,,,15.55555556,,9,1,,,,2026-08-31,2026-08-31
bbe-a2-ago-26--venda-perpetuo--hot_cbo_vencedores,120247542163020489,01_ig-fb_seguidores_ig_fb,120247542163120489,ad07-bbe-ppt-mai26--sal-grosso-sozinho-não-salva,120247542163140489,2026-08-31,0.12,,,,20,,6,,,,,2026-08-31,2026-08-31
bbe-a1-jul-26--venda--perpetuo--hot_cbo_vencedores-lpd,120247080021040489,01_automatico_seguidores_ig_fb,120247080021340489,"ADS 3 V5 - WORKSHOP CHURRASCO",120247080021090489,2026-08-31,16.54,5,,1.56739812,51.84952978,3.308,319,49,8,22,5,2026-08-31,2026-08-31
bbe-a2-ago-26--venda-perpetuo--hot_cbo_vencedores,120247542163020489,01_ig-fb_seguidores_ig_fb,120247542163120489,"ADS 5 V1 REEDITADO - WORKSHOP CHURRASCO",120247558300440489,2026-08-31,26.79,4,,1.14942529,76.98275862,6.6975,348,83,21,35,14,2026-08-31,2026-08-31
bbe-a2-ago-26--venda-perpetuo--hot_cbo_vencedores,120247542163020489,01_ig-fb_seguidores_ig_fb,120247542163120489,ad04-bbe-ppt-mai26--o-netão-te-ensina,120247542163000489,2026-08-31,35.63,6,,0.64446831,38.27067669,5.93833333,931,,,,,2026-08-31,2026-08-31
bbe-a1-jul-26--venda--perpetuo--hot_cbo_vencedores-lpd,120247080021040489,01_automatico_seguidores_ig_fb,120247080021340489,"ADS 4 V2 - WORKSHOP CHURRASCO",120247080021220489,2026-08-31,93.44,34,,1.33542812,36.70070699,2.74823529,2546,344,60,225,67,2026-08-31,2026-08-31
bbe-a2-ago-26--venda-perpetuo--hot_cbo_vencedores,120247542163020489,01_ig-fb_seguidores_ig_fb,120247542163120489,"ADS 3 V5 - WORKSHOP CHURRASCO",120247542163080489,2026-08-31,59.98,7,,0.72164948,61.83505155,8.56857143,970,105,24,40,12,2026-08-31,2026-08-31
bbe-a1-jul-26--venda--perpetuo--hot_cbo_vencedores,120246796479480489,01_automatico_seguidores_ig_fb,120246796490920489,ad04-bbe-ppt-mai26--o-netão-te-ensina-corrigido,120247024497160489,2026-08-31,61.78,25,,0.83388926,20.60707138,2.4712,2998,,,,,2026-08-31,2026-08-31
bbe-a2-ago-26--venda-perpetuo--hot_cbo_vencedores,120247542163020489,01_ig-fb_seguidores_ig_fb,120247542163120489,"ADS 8 V1 - WORKSHOP CHURRASCO",120247542163070489,2026-08-31,38.45,10,,1.68350168,64.73063973,3.845,594,128,40,41,21,2026-08-31,2026-08-31
bbe-a2-ago-26--venda-perpetuo--hot_cbo_vencedores,120247542163020489,01_ig-fb_seguidores_ig_fb,120247542163120489,"ADS 4 V2 - WORKSHOP CHURRASCO",120247542163040489,2026-08-31,30.82,8,,1.3986014,53.88111888,3.8525,572,70,15,44,16,2026-08-31,2026-08-31
bbe-a1-jul-26--venda--perpetuo--cold_cbo_vencedores,120247542190730489,01_ig-fb_aberto,120247542190720489,ad04-bbe-ppt-mai26--o-netão-te-ensina-corrigido,120247542190820489,2026-08-31,59.55,49,,1.13583681,13.8038943,1.21530612,4314,,,,,2026-08-31,2026-08-31
bbe-a2-ago-26--venda-perpetuo--hot_cbo_vencedores,120247542163020489,01_ig-fb_seguidores_ig_fb,120247542163120489,ad04-bbe-ppt-mai26--o-netão-te-ensina-corrigido,120247542163130489,2026-08-30,6.67,,,,43.59477124,,153,,,,,2026-08-30,2026-08-30
bbe-a2-ago-26--venda--perpetuo--cold_cbo_vencedores,120247542152420489,01_ig-fb_aberto,120247542152480489,"ADS 5 V1 REEDITADO - WORKSHOP CHURRASCO",120247558307390489,2026-08-30,8.82,2,,1.01522843,44.7715736,4.41,197,43,9,14,4,2026-08-30,2026-08-30
bbe-a2-ago-26--venda--perpetuo--cold_cbo_vencedores,120247542152420489,01_ig-fb_aberto,120247542152480489,"ADS 3 V1 - WORKSHOP CHURRASCO",120247542152590489,2026-08-30,36.48,16,,1.68421053,38.4,2.28,950,213,41,96,19,2026-08-30,2026-08-30
bbe-a1-jul-26--venda--perpetuo--hot_cbo_vencedores,120246796479480489,01_automatico_seguidores_ig_fb,120246796490920489,"ADS 3 V4 - WORKSHOP CHURRASCO",120246796503320489,2026-08-30,0.22,,,,36.66666667,,6,3,1,1,1,2026-08-30,2026-08-30
bbe-a1-jul-26--venda--perpetuo--hot_cbo_vencedores-lpd,120247080021040489,01_automatico_seguidores_ig_fb,120247080021340489,"ADS 3 V1 - WORKSHOP CHURRASCO",120247080021110489,2026-08-30,0.34,,,,85,,4,,,,,2026-08-30,2026-08-30
bbe-a1-jul-26--venda--perpetuo--hot_cbo_vencedores-lpd,120247080021040489,01_automatico_seguidores_ig_fb,120247080021340489,ad07-bbe-ppt-mai26--sal-grosso-sozinho-não-salva,120247080021180489,2026-08-30,1.96,,,,52.97297297,,37,,,,,2026-08-30,2026-08-30
bbe-a2-ago-26--venda-perpetuo--hot_cbo_vencedores,120247542163020489,01_ig-fb_seguidores_ig_fb,120247542163120489,"ADS 3 V1 - WORKSHOP CHURRASCO",120247542163060489,2026-08-30,4.1,1,,0.87719298,35.96491228,4.1,114,15,2,8,,2026-08-30,2026-08-30
bbe-a1-jul-26--venda--perpetuo--hot_cbo_vencedores-lpd,120247080021040489,01_automatico_seguidores_ig_fb,120247080021340489,"ADS 8 V1 - WORKSHOP CHURRASCO",120247080021140489,2026-08-30,1.62,,,,50.625,,32,7,1,1,1,2026-08-30,2026-08-30
bbe-a1-jul-26--venda--perpetuo--hot_cbo_vencedores,120246796479480489,01_automatico_seguidores_ig_fb,120246796490920489,"ADS 8 V1 - WORKSHOP CHURRASCO",120246796503300489,2026-08-30,1.05,,,,350,,3,,,,,2026-08-30,2026-08-30
bbe-a1-jul-26--venda--perpetuo--hot_cbo_vencedores,120246796479480489,01_automatico_seguidores_ig_fb,120246796490920489,"ADS 3 V1 - WORKSHOP CHURRASCO",120246796503290489,2026-08-30,0.94,,,,36.15384615,,26,8,3,5,,2026-08-30,2026-08-30
bbe-a2-ago-26--venda--perpetuo--cold_cbo_vencedores,120247542152420489,01_ig-fb_aberto,120247542152480489,"ADS 4 V2 - WORKSHOP CHURRASCO",120247542152500489,2026-08-30,91.66,23,,0.62263129,24.81321061,3.98521739,3694,587,97,381,116,2026-08-30,2026-08-30
bbe-a1-jul-26--venda--perpetuo--hot_cbo_vencedores,120246796479480489,01_automatico_seguidores_ig_fb,120246796490920489,"ADS 4 V2 - WORKSHOP CHURRASCO",120246796503260489,2026-08-30,10.01,4,,1.23076923,30.8,2.5025,325,38,4,25,5,2026-08-30,2026-08-30
bbe-a2-ago-26--venda--perpetuo--cold_cbo_vencedores,120247542152420489,01_ig-fb_aberto,120247542152480489,ad04-bbe-ppt-mai26--o-netão-te-ensina-corrigido,120247542152670489,2026-08-30,15.19,6,,0.62827225,15.90575916,2.53166667,955,,,,,2026-08-30,2026-08-30
bbe-a1-jul-26--venda--perpetuo--cold_cbo_vencedores,120247542190730489,01_ig-fb_aberto,120247542190720489,ad04-bbe-ppt-mai26--o-netão-te-ensina-corrigido,120247542190820489,2026-08-30,81.64,47,1,1.11006141,19.28200283,1.73702128,4234,,,,,2026-08-30,2026-08-30
bbe-a2-ago-26--venda-perpetuo--hot_cbo_vencedores,120247542163020489,01_ig-fb_seguidores_ig_fb,120247542163120489,"ADS 3 V4 - WORKSHOP CHURRASCO",120247542162990489,2026-08-30,2.94,1,,1.20481928,35.42168675,2.94,83,6,3,3,1,2026-08-30,2026-08-30
bbe-a1-jul-26--venda--perpetuo--hot_cbo_vencedores,120246796479480489,01_automatico_seguidores_ig_fb,120246796490920489,"ADS 3 V5 - WORKSHOP CHURRASCO",120246796503310489,2026-08-30,0.4,,,,36.36363636,,11,1,,1,,2026-08-30,2026-08-30
bbe-a1-jul-26--venda--perpetuo--cold_cbo_vencedores,120247542190730489,01_ig-fb_aberto,120247542190720489,"ADS 3 V1 - WORKSHOP CHURRASCO",120247542190750489,2026-08-30,0.04,,,,13.33333333,,3,1,,,,2026-08-30,2026-08-30
bbe-a2-ago-26--venda-perpetuo--hot_cbo_vencedores,120247542163020489,01_ig-fb_seguidores_ig_fb,120247542163120489,ad07-bbe-ppt-mai26--sal-grosso-sozinho-não-salva,120247542163140489,2026-08-30,7.3,,,,37.05583756,,197,,,,,2026-08-30,2026-08-30
bbe-a2-ago-26--venda-perpetuo--hot_cbo_vencedores,120247542163020489,01_ig-fb_seguidores_ig_fb,120247542163120489,"ADS 4 V2 - WORKSHOP CHURRASCO",120247542163040489,2026-08-30,68.42,7,,0.89058524,87.04834606,9.77428571,786,114,20,71,21,2026-08-30,2026-08-30
bbe-a2-ago-26--venda-perpetuo--hot_cbo_vencedores,120247542163020489,01_ig-fb_seguidores_ig_fb,120247542163120489,"ADS 8 V1 - WORKSHOP CHURRASCO",120247542163070489,2026-08-30,15.65,2,,0.88105727,68.94273128,7.825,227,45,17,16,9,2026-08-30,2026-08-30
bbe-a1-jul-26--venda--perpetuo--cold_cbo_vencedores,120247542190730489,01_ig-fb_aberto,120247542190720489,"ADS 4 V2 - WORKSHOP CHURRASCO",120247542190740489,2026-08-30,0.14,,,,46.66666667,,3,,,,,2026-08-30,2026-08-30
bbe-a1-jul-26--venda--perpetuo--hot_cbo_vencedores,120246796479480489,01_automatico_seguidores_ig_fb,120246796490920489,ad04-bbe-ppt-mai26--o-netão-te-ensina-corrigido,120247024497160489,2026-08-30,83.34,32,1,0.82009226,21.35827781,2.604375,3902,,,,,2026-08-30,2026-08-30
bbe-a2-ago-26--venda-perpetuo--hot_cbo_vencedores,120247542163020489,01_ig-fb_seguidores_ig_fb,120247542163120489,"ADS 3 V5 - WORKSHOP CHURRASCO",120247542163080489,2026-08-30,62.68,17,,1.58286778,58.36126629,3.68705882,1074,159,37,68,26,2026-08-30,2026-08-30
bbe-a1-jul-26--venda--perpetuo--hot_cbo_vencedores-lpd,120247080021040489,01_automatico_seguidores_ig_fb,120247080021340489,"ADS 4 V2 - WORKSHOP CHURRASCO",120247080021220489,2026-08-30,111.05,35,,1.0742787,34.08532842,3.17285714,3258,509,92,320,102,2026-08-30,2026-08-30
bbe-a2-ago-26--venda-perpetuo--hot_cbo_vencedores,120247542163020489,01_ig-fb_seguidores_ig_fb,120247542163120489,ad04-bbe-ppt-mai26--o-netão-te-ensina,120247542163000489,2026-08-30,133.48,34,,1.15254237,45.24745763,3.92588235,2950,,,,,2026-08-30,2026-08-30
bbe-a2-ago-26--venda-perpetuo--hot_cbo_vencedores,120247542163020489,01_ig-fb_seguidores_ig_fb,120247542163120489,"ADS 5 V1 REEDITADO - WORKSHOP CHURRASCO",120247558300440489,2026-08-30,13.27,7,,4.76190476,90.27210884,1.89571429,147,37,12,15,7,2026-08-30,2026-08-30
bbe-a1-jul-26--venda--perpetuo--hot_cbo_vencedores-lpd,120247080021040489,01_automatico_seguidores_ig_fb,120247080021340489,"ADS 3 V5 - WORKSHOP CHURRASCO",120247080021090489,2026-08-30,2.1,1,,2.43902439,51.2195122,2.1,41,11,5,6,3,2026-08-30,2026-08-30
bbe-a2-ago-26--venda-perpetuo--hot_cbo_vencedores,120247542163020489,01_ig-fb_seguidores_ig_fb,120247542163120489,"ADS 3 V4 - WORKSHOP CHURRASCO",120247542162990489,2026-08-29,1.63,,,,74.09090909,,22,4,2,3,,2026-08-29,2026-08-29
bbe-a2-ago-26--venda--perpetuo--cold_cbo_vencedores,120247542152420489,01_ig-fb_aberto,120247542152480489,"ADS 4 V2 - WORKSHOP CHURRASCO",120247542152500489,2026-08-29,72.66,26,2,0.53311462,14.89850318,2.79461538,4877,390,69,245,92,2026-08-29,2026-08-29
bbe-a1-jul-26--venda--perpetuo--hot_cbo_vencedores,120246796479480489,01_automatico_seguidores_ig_fb,120246796490920489,"ADS 4 V2 - WORKSHOP CHURRASCO",120246796503260489,2026-08-29,39.7,12,,1.20724346,39.93963783,3.30833333,994,139,39,99,53,2026-08-29,2026-08-29
bbe-a1-jul-26--venda--perpetuo--hot_cbo_vencedores,120246796479480489,01_automatico_seguidores_ig_fb,120246796490920489,"ADS 8 V1 - WORKSHOP CHURRASCO",120246796503300489,2026-08-29,0.03,,,,30,,1,,,,,2026-08-29,2026-08-29
bbe-a1-jul-26--venda--perpetuo--hot_cbo_vencedores-lpd,120247080021040489,01_automatico_seguidores_ig_fb,120247080021340489,"ADS 8 V1 - WORKSHOP CHURRASCO",120247080021140489,2026-08-29,0.03,,,,30,,1,,,,,2026-08-29,2026-08-29
bbe-a2-ago-26--venda-perpetuo--hot_cbo_vencedores,120247542163020489,01_ig-fb_seguidores_ig_fb,120247542163120489,"ADS 3 V1 - WORKSHOP CHURRASCO",120247542163060489,2026-08-29,0.47,,,,20.43478261,,23,3,,,,2026-08-29,2026-08-29
bbe-a2-ago-26--venda-perpetuo--hot_cbo_vencedores,120247542163020489,01_ig-fb_seguidores_ig_fb,120247542163120489,ad04-bbe-ppt-mai26--o-netão-te-ensina-corrigido,120247542163130489,2026-08-29,2.94,1,,3.125,91.875,2.94,32,,,,,2026-08-29,2026-08-29
bbe-a2-ago-26--venda--perpetuo--cold_cbo_vencedores,120247542152420489,01_ig-fb_aberto,120247542152480489,"ADS 3 V1 - WORKSHOP CHURRASCO",120247542152590489,2026-08-29,19.27,9,,1.48514851,31.79867987,2.14111111,606,141,26,64,12,2026-08-29,2026-08-29
bbe-a2-ago-26--venda--perpetuo--cold_cbo_vencedores,120247542152420489,01_ig-fb_aberto,120247542152480489,"ADS 5 V1 REEDITADO - WORKSHOP CHURRASCO",120247558307390489,2026-08-29,19.42,7,,1.47991543,41.05708245,2.77428571,473,109,24,38,17,2026-08-29,2026-08-29
bbe-a2-ago-26--venda--perpetuo--cold_cbo_vencedores,120247542152420489,01_ig-fb_aberto,120247542152480489,ad04-bbe-ppt-mai26--o-netão-te-ensina-corrigido,120247542152670489,2026-08-29,17.62,10,,1.01832994,17.94297352,1.762,982,,,,,2026-08-29,2026-08-29
bbe-a1-jul-26--venda--perpetuo--hot_cbo_vencedores,120246796479480489,01_automatico_seguidores_ig_fb,120246796490920489,"ADS 3 V1 - WORKSHOP CHURRASCO",120246796503290489,2026-08-29,1.35,1,,3.03030303,40.90909091,1.35,33,9,3,7,1,2026-08-29,2026-08-29
bbe-a1-jul-26--venda--perpetuo--cold_cbo_vencedores,120247542190730489,01_ig-fb_aberto,120247542190720489,ad04-bbe-ppt-mai26--o-netão-te-ensina-corrigido,120247542190820489,2026-08-29,60.94,35,2,1.30450988,22.71338054,1.74114286,2683,,,,,2026-08-29,2026-08-29
bbe-a1-jul-26--venda--perpetuo--hot_cbo_vencedores,120246796479480489,01_automatico_seguidores_ig_fb,120246796490920489,ad04-bbe-ppt-mai26--o-netão-te-ensina-corrigido,120247024497160489,2026-08-29,25.88,9,,0.95744681,27.53191489,2.87555556,940,,,,,2026-08-29,2026-08-29
bbe-a2-ago-26--venda-perpetuo--hot_cbo_vencedores,120247542163020489,01_ig-fb_seguidores_ig_fb,120247542163120489,ad07-bbe-ppt-mai26--sal-grosso-sozinho-não-salva,120247542163140489,2026-08-29,0.34,,,,28.33333333,,12,,,,,2026-08-29,2026-08-29
bbe-a1-jul-26--venda--perpetuo--cold_cbo_vencedores,120247542190730489,01_ig-fb_aberto,120247542190720489,"ADS 3 V1 - WORKSHOP CHURRASCO",120247542190750489,2026-08-29,0.01,,,,10,,1,,,,,2026-08-29,2026-08-29
bbe-a2-ago-26--venda-perpetuo--hot_cbo_vencedores,120247542163020489,01_ig-fb_seguidores_ig_fb,120247542163120489,"ADS 4 V2 - WORKSHOP CHURRASCO",120247542163040489,2026-08-29,27.05,5,,1.04166667,56.35416667,5.41,480,62,16,33,18,2026-08-29,2026-08-29
bbe-a1-jul-26--venda--perpetuo--hot_cbo_vencedores,120246796479480489,01_automatico_seguidores_ig_fb,120246796490920489,"ADS 3 V5 - WORKSHOP CHURRASCO",120246796503310489,2026-08-29,0.73,,,,60.83333333,,12,2,,,,2026-08-29,2026-08-29
bbe-a2-ago-26--venda-perpetuo--hot_cbo_vencedores,120247542163020489,01_ig-fb_seguidores_ig_fb,120247542163120489,"ADS 3 V5 - WORKSHOP CHURRASCO",120247542163080489,2026-08-29,11.23,5,,1.93050193,43.35907336,2.246,259,53,10,14,6,2026-08-29,2026-08-29
bbe-a1-jul-26--venda--perpetuo--hot_cbo_vencedores-lpd,120247080021040489,01_automatico_seguidores_ig_fb,120247080021340489,"ADS 4 V2 - WORKSHOP CHURRASCO",120247080021220489,2026-08-29,60.95,21,,1.07969152,31.33676093,2.90238095,1945,295,53,184,61,2026-08-29,2026-08-29
bbe-a2-ago-26--venda-perpetuo--hot_cbo_vencedores,120247542163020489,01_ig-fb_seguidores_ig_fb,120247542163120489,ad04-bbe-ppt-mai26--o-netão-te-ensina,120247542163000489,2026-08-29,158.01,21,,0.6763285,50.88888889,7.52428571,3105,,,,,2026-08-29,2026-08-29
bbe-a2-ago-26--venda-perpetuo--hot_cbo_vencedores,120247542163020489,01_ig-fb_seguidores_ig_fb,120247542163120489,"ADS 5 V1 REEDITADO - WORKSHOP CHURRASCO",120247558300440489,2026-08-29,43.09,7,,1.0989011,67.64521193,6.15571429,637,125,27,45,12,2026-08-29,2026-08-29
bbe-a1-jul-26--venda--perpetuo--hot_cbo_vencedores-lpd,120247080021040489,01_automatico_seguidores_ig_fb,120247080021340489,"ADS 3 V5 - WORKSHOP CHURRASCO",120247080021090489,2026-08-29,1.86,1,,2.85714286,53.14285714,1.86,35,12,4,5,2,2026-08-29,2026-08-29
bbe-a2-ago-26--venda-perpetuo--hot_cbo_vencedores,120247542163020489,01_ig-fb_seguidores_ig_fb,120247542163120489,ad04-bbe-ppt-mai26--o-netão-te-ensina-corrigido,120247542163130489,2026-08-28,0.43,,,,16.53846154,,26,,,,,2026-08-28,2026-08-28
bbe-a2-ago-26--venda--perpetuo--cold_cbo_vencedores,120247542152420489,01_ig-fb_aberto,120247542152480489,"ADS 5 V1 REEDITADO - WORKSHOP CHURRASCO",120247558307390489,2026-08-28,3.3,3,,4.28571429,47.14285714,1.1,70,20,7,8,6,2026-08-28,2026-08-28
bbe-a2-ago-26--venda--perpetuo--cold_cbo_vencedores,120247542152420489,01_ig-fb_aberto,120247542152480489,"ADS 3 V1 - WORKSHOP CHURRASCO",120247542152590489,2026-08-28,1.54,3,,10,51.33333333,0.51333333,30,10,2,3,,2026-08-28,2026-08-28
bbe-a2-ago-26--venda-perpetuo--hot_cbo_vencedores,120247542163020489,01_ig-fb_seguidores_ig_fb,120247542163120489,"ADS 5 V2 - WORKSHOP CHURRASCO",120247542163010489,2026-08-28,17.26,6,,1.92307692,55.32051282,2.87666667,312,82,26,37,13,2026-08-28,2026-08-28
bbe-a1-jul-26--venda--perpetuo--hot_cbo_vencedores,120246796479480489,01_automatico_seguidores_ig_fb,120246796490920489,"ADS 3 V4 - WORKSHOP CHURRASCO",120246796503320489,2026-08-28,0.74,,,,33.63636364,,22,3,,,,2026-08-28,2026-08-28
bbe-a1-jul-26--venda--perpetuo--hot_cbo_vencedores-lpd,120247080021040489,01_automatico_seguidores_ig_fb,120247080021340489,"ADS 3 V1 - WORKSHOP CHURRASCO",120247080021110489,2026-08-28,2.19,,,,182.5,,12,4,,1,,2026-08-28,2026-08-28
bbe-a1-jul-26--venda--perpetuo--hot_cbo_vencedores-lpd,120247080021040489,01_automatico_seguidores_ig_fb,120247080021340489,ad07-bbe-ppt-mai26--sal-grosso-sozinho-não-salva,120247080021180489,2026-08-28,1.18,,,,34.70588235,,34,,,,,2026-08-28,2026-08-28
bbe-a2-ago-26--venda-perpetuo--hot_cbo_vencedores,120247542163020489,01_ig-fb_seguidores_ig_fb,120247542163120489,"ADS 3 V1 - WORKSHOP CHURRASCO",120247542163060489,2026-08-28,6.7,1,,0.54054054,36.21621622,6.7,185,27,1,5,1,2026-08-28,2026-08-28
bbe-a1-jul-26--venda--perpetuo--hot_cbo_vencedores-lpd,120247080021040489,01_automatico_seguidores_ig_fb,120247080021340489,"ADS 8 V1 - WORKSHOP CHURRASCO",120247080021140489,2026-08-28,0.55,,,,61.11111111,,9,,,,,2026-08-28,2026-08-28
bbe-a1-jul-26--venda--perpetuo--hot_cbo_vencedores,120246796479480489,01_automatico_seguidores_ig_fb,120246796490920489,"ADS 8 V1 - WORKSHOP CHURRASCO",120246796503300489,2026-08-28,1.15,1,,3.7037037,42.59259259,1.15,27,4,1,1,,2026-08-28,2026-08-28
bbe-a1-jul-26--venda--perpetuo--hot_cbo_vencedores,120246796479480489,01_automatico_seguidores_ig_fb,120246796490920489,"ADS 3 V1 - WORKSHOP CHURRASCO",120246796503290489,2026-08-28,3.64,,,,107.05882353,,34,9,,4,,2026-08-28,2026-08-28
bbe-a2-ago-26--venda--perpetuo--cold_cbo_vencedores,120247542152420489,01_ig-fb_aberto,120247542152480489,"ADS 4 V2 - WORKSHOP CHURRASCO",120247542152500489,2026-08-28,14.21,8,,1.13636364,20.18465909,1.77625,704,90,21,62,23,2026-08-28,2026-08-28
bbe-a2-ago-26--venda-perpetuo--hot_cbo_vencedores,120247542163020489,01_ig-fb_seguidores_ig_fb,120247542163120489,"ADS 3 V4 - WORKSHOP CHURRASCO",120247542162990489,2026-08-28,2.01,1,,2.77777778,55.83333333,2.01,36,8,1,2,,2026-08-28,2026-08-28
bbe-a1-jul-26--venda--perpetuo--hot_cbo_vencedores,120246796479480489,01_automatico_seguidores_ig_fb,120246796490920489,"ADS 4 V2 - WORKSHOP CHURRASCO",120246796503260489,2026-08-28,39.33,19,,2.10643016,43.60310421,2.07,902,152,31,98,34,2026-08-28,2026-08-28
bbe-a1-jul-26--venda--perpetuo--hot_cbo_vencedores-lpd,120247080021040489,01_automatico_seguidores_ig_fb,120247080021340489,"ADS 3 V4 - WORKSHOP CHURRASCO",120247080021690489,2026-08-28,2.9,1,,2,58,2.9,50,11,2,4,1,2026-08-28,2026-08-28
bbe-a2-ago-26--venda--perpetuo--cold_cbo_vencedores,120247542152420489,01_ig-fb_aberto,120247542152480489,ad04-bbe-ppt-mai26--o-netão-te-ensina-corrigido,120247542152670489,2026-08-28,1.64,,,,23.09859155,,71,,,,,2026-08-28,2026-08-28
bbe-a1-jul-26--venda--perpetuo--cold_cbo_vencedores,120247542190730489,01_ig-fb_aberto,120247542190720489,ad04-bbe-ppt-mai26--o-netão-te-ensina-corrigido,120247542190820489,2026-08-28,47.84,29,1,1.24838571,20.59405941,1.64965517,2323,,,,,2026-08-28,2026-08-28
bbe-a1-jul-26--venda--perpetuo--hot_cbo_vencedores,120246796479480489,01_automatico_seguidores_ig_fb,120246796490920489,ad04-bbe-ppt-mai26--o-netão-te-ensina-corrigido,120247024497160489,2026-08-28,37.11,15,,0.89820359,22.22155689,2.474,1670,,,,,2026-08-28,2026-08-28
bbe-a2-ago-26--venda-perpetuo--hot_cbo_vencedores,120247542163020489,01_ig-fb_seguidores_ig_fb,120247542163120489,ad07-bbe-ppt-mai26--sal-grosso-sozinho-não-salva,120247542163140489,2026-08-28,0.71,,,,35.5,,20,,,,,2026-08-28,2026-08-28
bbe-a1-jul-26--venda--perpetuo--cold_cbo_vencedores,120247542190730489,01_ig-fb_aberto,120247542190720489,"ADS 4 V2 - WORKSHOP CHURRASCO",120247542190740489,2026-08-28,1.86,,,,25.47945205,,73,8,1,5,1,2026-08-28,2026-08-28
bbe-a2-ago-26--venda-perpetuo--hot_cbo_vencedores,120247542163020489,01_ig-fb_seguidores_ig_fb,120247542163120489,"ADS 4 V2 - WORKSHOP CHURRASCO",120247542163040489,2026-08-28,4.36,1,,1.47058824,64.11764706,4.36,68,6,,4,1,2026-08-28,2026-08-28
bbe-a1-jul-26--venda--perpetuo--hot_cbo_vencedores,120246796479480489,01_automatico_seguidores_ig_fb,120246796490920489,ad07-bbe-ppt-mai26--sal-grosso-sozinho-não-salva,120246796503280489,2026-08-28,3.97,1,,5.26315789,208.94736842,3.97,19,,,,,2026-08-28,2026-08-28
bbe-a2-ago-26--venda-perpetuo--hot_cbo_vencedores,120247542163020489,01_ig-fb_seguidores_ig_fb,120247542163120489,"ADS 8 V1 - WORKSHOP CHURRASCO",120247542163070489,2026-08-28,1.38,1,,2.7027027,37.2972973,1.38,37,9,2,1,1,2026-08-28,2026-08-28
bbe-a1-jul-26--venda--perpetuo--hot_cbo_vencedores,120246796479480489,01_automatico_seguidores_ig_fb,120246796490920489,"ADS 3 V5 - WORKSHOP CHURRASCO",120246796503310489,2026-08-28,1.4,1,,5.88235294,82.35294118,1.4,17,6,1,3,,2026-08-28,2026-08-28
bbe-a1-jul-26--venda--perpetuo--cold_cbo_vencedores,120247542190730489,01_ig-fb_aberto,120247542190720489,"ADS 3 V1 - WORKSHOP CHURRASCO",120247542190750489,2026-08-28,0.19,,,,38,,5,1,,1,,2026-08-28,2026-08-28
bbe-a2-ago-26--venda--perpetuo--cold_cbo_vencedores,120247542152420489,01_ig-fb_aberto,120247542152480489,"ADS 5 V2 - WORKSHOP CHURRASCO",120247542152650489,2026-08-28,50.89,27,,1.56794425,29.55284553,1.88481481,1722,484,145,216,72,2026-08-28,2026-08-28
bbe-a1-jul-26--venda--perpetuo--hot_cbo_vencedores-lpd,120247080021040489,01_automatico_seguidores_ig_fb,120247080021340489,"ADS 4 V2 - WORKSHOP CHURRASCO",120247080021220489,2026-08-28,81.49,28,1,1.20378332,35.03439381,2.91035714,2326,360,59,219,67,2026-08-28,2026-08-28
bbe-a2-ago-26--venda-perpetuo--hot_cbo_vencedores,120247542163020489,01_ig-fb_seguidores_ig_fb,120247542163120489,ad04-bbe-ppt-mai26--o-netão-te-ensina,120247542163000489,2026-08-28,70.49,12,1,0.66298343,38.94475138,5.87416667,1810,,,,,2026-08-28,2026-08-28
bbe-a2-ago-26--venda-perpetuo--hot_cbo_vencedores,120247542163020489,01_ig-fb_seguidores_ig_fb,120247542163120489,"ADS 5 V1 REEDITADO - WORKSHOP CHURRASCO",120247558300440489,2026-08-28,2.57,,,,77.87878788,,33,12,2,6,2,2026-08-28,2026-08-28
bbe-a1-jul-26--venda--perpetuo--hot_cbo_vencedores-lpd,120247080021040489,01_automatico_seguidores_ig_fb,120247080021340489,"ADS 3 V5 - WORKSHOP CHURRASCO",120247080021090489,2026-08-28,4.24,2,,1.66666667,35.33333333,2.12,120,18,3,7,1,2026-08-28,2026-08-28
bbe-a2-ago-26--venda-perpetuo--hot_cbo_vencedores,120247542163020489,01_ig-fb_seguidores_ig_fb,120247542163120489,"ADS 3 V5 - WORKSHOP CHURRASCO",120247542163080489,2026-08-28,6.47,,,,147.04545455,,44,11,2,5,2,2026-08-28,2026-08-28
bbe-a2-ago-26--venda-perpetuo--hot_cbo_vencedores,120247542163020489,01_ig-fb_seguidores_ig_fb,120247542163120489,"ADS 3 V1 - WORKSHOP CHURRASCO",120247542163060489,2026-08-27,0.21,,,,35,,6,2,,,,2026-08-27,2026-08-27
bbe-a2-ago-26--venda--perpetuo--cold_cbo_vencedores,120247542152420489,01_ig-fb_aberto,120247542152480489,"ADS 5 V1 REEDITADO - WORKSHOP CHURRASCO",120247558307390489,2026-08-27,0.29,,,,41.42857143,,7,1,1,1,,2026-08-27,2026-08-27
bbe-a2-ago-26--venda--perpetuo--cold_cbo_vencedores,120247542152420489,01_ig-fb_aberto,120247542152480489,"ADS 3 V1 - WORKSHOP CHURRASCO",120247542152590489,2026-08-27,2.12,1,,3.7037037,78.51851852,2.12,27,9,2,6,2,2026-08-27,2026-08-27
bbe-a2-ago-26--venda-perpetuo--hot_cbo_vencedores,120247542163020489,01_ig-fb_seguidores_ig_fb,120247542163120489,"ADS 5 V2 - WORKSHOP CHURRASCO",120247542163010489,2026-08-27,25.19,6,,1.52284264,63.93401015,4.19833333,394,111,31,46,12,2026-08-27,2026-08-27
bbe-a1-jul-26--venda--perpetuo--hot_cbo_vencedores,120246796479480489,01_automatico_seguidores_ig_fb,120246796490920489,"ADS 3 V4 - WORKSHOP CHURRASCO",120246796503320489,2026-08-27,3.24,,,,135,,24,6,1,3,1,2026-08-27,2026-08-27
bbe-a1-jul-26--venda--perpetuo--hot_cbo_vencedores-lpd,120247080021040489,01_automatico_seguidores_ig_fb,120247080021340489,"ADS 3 V1 - WORKSHOP CHURRASCO",120247080021110489,2026-08-27,5.24,1,,1.1627907,60.93023256,5.24,86,13,2,4,1,2026-08-27,2026-08-27
bbe-a2-ago-26--venda-perpetuo--hot_cbo_vencedores,120247542163020489,01_ig-fb_seguidores_ig_fb,120247542163120489,ad04-bbe-ppt-mai26--o-netão-te-ensina-corrigido,120247542163130489,2026-08-27,0.65,,,,29.54545455,,22,,,,,2026-08-27,2026-08-27
bbe-a1-jul-26--venda--perpetuo--hot_cbo_vencedores,120246796479480489,01_automatico_seguidores_ig_fb,120246796490920489,"ADS 8 V1 - WORKSHOP CHURRASCO",120246796503300489,2026-08-27,6.02,,,,43.62318841,,138,29,10,12,4,2026-08-27,2026-08-27
bbe-a1-jul-26--venda--perpetuo--hot_cbo_vencedores-lpd,120247080021040489,01_automatico_seguidores_ig_fb,120247080021340489,"ADS 8 V1 - WORKSHOP CHURRASCO",120247080021140489,2026-08-27,0.91,1,,10,91,0.91,10,1,1,1,,2026-08-27,2026-08-27
bbe-a1-jul-26--venda--perpetuo--cold_cbo_vencedores,120247542190730489,01_ig-fb_aberto,120247542190720489,"ADS 5 V2 - WORKSHOP CHURRASCO",120247542190850489,2026-08-27,68.53,45,,2.0661157,31.46464646,1.52288889,2178,645,187,291,85,2026-08-27,2026-08-27
bbe-a1-jul-26--venda--perpetuo--hot_cbo_vencedores,120246796479480489,01_automatico_seguidores_ig_fb,120246796490920489,"ADS 3 V1 - WORKSHOP CHURRASCO",120246796503290489,2026-08-27,3.19,2,,4.44444444,70.88888889,1.595,45,10,1,4,1,2026-08-27,2026-08-27
bbe-a2-ago-26--venda--perpetuo--cold_cbo_vencedores,120247542152420489,01_ig-fb_aberto,120247542152480489,"ADS 4 V2 - WORKSHOP CHURRASCO",120247542152500489,2026-08-27,0.27,,,,30,,9,2,,1,,2026-08-27,2026-08-27
bbe-a1-jul-26--venda--perpetuo--hot_cbo_vencedores-lpd,120247080021040489,01_automatico_seguidores_ig_fb,120247080021340489,ad07-bbe-ppt-mai26--sal-grosso-sozinho-não-salva,120247080021180489,2026-08-27,2.59,,,,39.84615385,,65,,,,,2026-08-27,2026-08-27
bbe-a1-jul-26--venda--perpetuo--hot_cbo_vencedores,120246796479480489,01_automatico_seguidores_ig_fb,120246796490920489,"ADS 4 V2 - WORKSHOP CHURRASCO",120246796503260489,2026-08-27,81.62,14,1,1.00864553,58.80403458,5.83,1388,213,38,143,44,2026-08-27,2026-08-27
bbe-a2-ago-26--venda-perpetuo--hot_cbo_vencedores,120247542163020489,01_ig-fb_seguidores_ig_fb,120247542163120489,"ADS 5 V1 - WORKSHOP CHURRASCO",120247542163050489,2026-08-27,25.96,14,1,2.89256198,53.63636364,1.85428571,484,110,24,42,13,2026-08-27,2026-08-27
bbe-a2-ago-26--venda--perpetuo--cold_cbo_vencedores,120247542152420489,01_ig-fb_aberto,120247542152480489,ad04-bbe-ppt-mai26--o-netão-te-ensina-corrigido,120247542152670489,2026-08-27,0.89,,,,17.11538462,,52,,,,,2026-08-27,2026-08-27
bbe-a1-jul-26--venda--perpetuo--hot_cbo_vencedores,120246796479480489,01_automatico_seguidores_ig_fb,120246796490920489,"ADS 3 V5 - WORKSHOP CHURRASCO",120246796503310489,2026-08-27,0.13,,,,16.25,,8,3,,,,2026-08-27,2026-08-27
bbe-a2-ago-26--venda-perpetuo--hot_cbo_vencedores,120247542163020489,01_ig-fb_seguidores_ig_fb,120247542163120489,"ADS 3 V4 - WORKSHOP CHURRASCO",120247542162990489,2026-08-27,3.12,,,,43.94366197,,71,18,2,4,2,2026-08-27,2026-08-27
bbe-a1-jul-26--venda--perpetuo--hot_cbo_vencedores,120246796479480489,01_automatico_seguidores_ig_fb,120246796490920489,ad04-bbe-ppt-mai26--o-netão-te-ensina-corrigido,120247024497160489,2026-08-27,19.29,10,,1.59744409,30.81469649,1.929,626,,,,,2026-08-27,2026-08-27
bbe-a1-jul-26--venda--perpetuo--cold_cbo_vencedores,120247542190730489,01_ig-fb_aberto,120247542190720489,ad04-bbe-ppt-mai26--o-netão-te-ensina-corrigido,120247542190820489,2026-08-27,1.1,,,,23.40425532,,47,,,,,2026-08-27,2026-08-27
bbe-a1-jul-26--venda--perpetuo--cold_cbo_vencedores,120247542190730489,01_ig-fb_aberto,120247542190720489,"ADS 3 V1 - WORKSHOP CHURRASCO",120247542190750489,2026-08-27,0.95,,,,237.5,,4,1,,,,2026-08-27,2026-08-27
bbe-a1-jul-26--venda--perpetuo--cold_cbo_vencedores,120247542190730489,01_ig-fb_aberto,120247542190720489,"ADS 4 V2 - WORKSHOP CHURRASCO",120247542190740489,2026-08-27,0.21,,,,14,,15,3,,1,,2026-08-27,2026-08-27
bbe-a1-jul-26--venda--perpetuo--hot_cbo_vencedores,120246796479480489,01_automatico_seguidores_ig_fb,120246796490920489,ad07-bbe-ppt-mai26--sal-grosso-sozinho-não-salva,120246796503280489,2026-08-27,4.11,2,,2.63157895,54.07894737,2.055,76,,,,,2026-08-27,2026-08-27
bbe-a2-ago-26--venda-perpetuo--hot_cbo_vencedores,120247542163020489,01_ig-fb_seguidores_ig_fb,120247542163120489,"ADS 8 V1 - WORKSHOP CHURRASCO",120247542163070489,2026-08-27,2.04,,,,42.5,,48,14,3,3,3,2026-08-27,2026-08-27
bbe-a2-ago-26--venda-perpetuo--hot_cbo_vencedores,120247542163020489,01_ig-fb_seguidores_ig_fb,120247542163120489,"ADS 4 V2 - WORKSHOP CHURRASCO",120247542163040489,2026-08-27,6.18,1,,1.03092784,63.71134021,6.18,97,17,5,11,6,2026-08-27,2026-08-27
bbe-a2-ago-26--venda--perpetuo--cold_cbo_vencedores,120247542152420489,01_ig-fb_aberto,120247542152480489,"ADS 5 V2 - WORKSHOP CHURRASCO",120247542152650489,2026-08-27,71.79,41,1,1.77412376,31.06447425,1.75097561,2311,748,191,330,89,2026-08-27,2026-08-27
bbe-a1-jul-26--venda--perpetuo--hot_cbo_vencedores-lpd,120247080021040489,01_automatico_seguidores_ig_fb,120247080021340489,"ADS 4 V2 - WORKSHOP CHURRASCO",120247080021220489,2026-08-27,89.75,38,2,1.96382429,46.38242894,2.36184211,1935,301,72,190,79,2026-08-27,2026-08-27
bbe-a2-ago-26--venda-perpetuo--hot_cbo_vencedores,120247542163020489,01_ig-fb_seguidores_ig_fb,120247542163120489,ad04-bbe-ppt-mai26--o-netão-te-ensina,120247542163000489,2026-08-27,9.29,5,,2.48756219,46.21890547,1.858,201,,,,,2026-08-27,2026-08-27
bbe-a2-ago-26--venda-perpetuo--hot_cbo_vencedores,120247542163020489,01_ig-fb_seguidores_ig_fb,120247542163120489,"ADS 5 V1 REEDITADO - WORKSHOP CHURRASCO",120247558300440489,2026-08-27,1.53,,,,72.85714286,,21,4,1,2,1,2026-08-27,2026-08-27
bbe-a1-jul-26--venda--perpetuo--hot_cbo_vencedores-lpd,120247080021040489,01_automatico_seguidores_ig_fb,120247080021340489,"ADS 3 V5 - WORKSHOP CHURRASCO",120247080021090489,2026-08-27,16.02,8,1,2.27920228,45.64102564,2.0025,351,68,17,30,8,2026-08-27,2026-08-27
bbe-a2-ago-26--venda-perpetuo--hot_cbo_vencedores,120247542163020489,01_ig-fb_seguidores_ig_fb,120247542163120489,"ADS 3 V5 - WORKSHOP CHURRASCO",120247542163080489,2026-08-27,3.65,,,,68.86792453,,53,7,1,2,1,2026-08-27,2026-08-27
bbe-a2-ago-26--venda-perpetuo--hot_cbo_vencedores,120247542163020489,01_ig-fb_seguidores_ig_fb,120247542163120489,ad07-bbe-ppt-mai26--sal-grosso-sozinho-não-salva,120247542163140489,2026-08-27,0.09,,,,45,,2,,,,,2026-08-27,2026-08-27
bbe-a1-jul-26--venda--perpetuo--hot_cbo_vencedores-lpd,120247080021040489,01_automatico_ig180_fb180,120247080021330489,"ADS 3 V5 - WORKSHOP CHURRASCO",120247080021420489,2026-08-26,9.96,1,,0.39370079,39.21259843,9.96,254,41,8,24,4,2026-08-26,2026-08-26
bbe-a1-jul-26--venda--perpetuo--hot_cbo_videos,120246641531020489,00_automatico_ig030_fb030,120246641531090489,"ADS 2 - WORKSHOP CHURRASCO",120246641577330489,2026-08-26,0.87,,,,58,,15,2,,1,,2026-08-26,2026-08-26
bbe-a1-jul-26--venda--perpetuo--hot_cbo_videos,120246641531020489,00_automatico_ig030_fb030,120246641531090489,"ADS 4 V2 - WORKSHOP CHURRASCO",120246641577320489,2026-08-26,4.86,1,,0.84033613,40.84033613,4.86,119,17,3,8,3,2026-08-26,2026-08-26
bbe-a1-jul-26--venda--perpetuo--hot_cbo_videos,120246641531020489,01_automatico_ig180_fb180,120246641531130489,"ADS 1 - WORKSHOP CHURRASCO",120246641577410489,2026-08-26,0.93,,,,34.44444444,,27,4,1,2,,2026-08-26,2026-08-26
bbe-a2-ago-26--venda-perpetuo--hot_cbo_vencedores,120247542163020489,01_ig-fb_seguidores_ig_fb,120247542163120489,"ADS 5 V2 - WORKSHOP CHURRASCO",120247542163010489,2026-08-26,3.75,,,,58.59375,,64,24,9,11,6,2026-08-26,2026-08-26
bbe-a2-ago-26--venda-perpetuo--hot_cbo_vencedores,120247542163020489,01_ig-fb_seguidores_ig_fb,120247542163120489,ad04-bbe-ppt-mai26--o-netão-te-ensina-corrigido,120247542163130489,2026-08-26,2.91,,,,28.25242718,,103,,,,,2026-08-26,2026-08-26
bbe-a1-jul-26--venda--perpetuo--hot_cbo_vencedores-lpd,120247080021040489,01_automatico_seguidores_ig_fb,120247080021340489,"ADS 3 V1 - WORKSHOP CHURRASCO",120247080021110489,2026-08-26,2.37,1,,1.47058824,34.85294118,2.37,68,12,1,5,,2026-08-26,2026-08-26
bbe-a2-ago-26--venda--perpetuo--cold_cbo_vencedores,120247542152420489,01_ig-fb_aberto,120247542152480489,"ADS 3 V1 - WORKSHOP CHURRASCO",120247542152590489,2026-08-26,0.04,,,,13.33333333,,3,,,,,2026-08-26,2026-08-26
bbe-a1-jul-26--venda--perpetuo--hot_cbo_videos,120246641531020489,00_automatico_ig030_fb030,120246641531090489,"ADS 5 V1 REEDITADO - WORKSHOP CHURRASCO",120247230698190489,2026-08-26,1.44,,,,37.89473684,,38,10,1,3,,2026-08-26,2026-08-26
bbe-a1-jul-26--venda--perpetuo--hot_cbo_videos,120246641531020489,01_automatico_ig180_fb180,120246641531130489,"ADS 5 V1 REEDITADO - WORKSHOP CHURRASCO",120247230558390489,2026-08-26,0.28,1,,10,28,0.28,10,3,1,1,1,2026-08-26,2026-08-26
bbe-a1-jul-26--venda--perpetuo--hot_cbo_vencedores-lpd,120247080021040489,01_automatico_seguidores_ig_fb,120247080021340489,ad07-bbe-ppt-mai26--sal-grosso-sozinho-não-salva,120247080021180489,2026-08-26,69.27,17,,0.66173608,26.96379914,4.07470588,2569,,,,,2026-08-26,2026-08-26
bbe-a1-jul-26--venda--perpetuo--hot_cbo_vencedores,120246796479480489,01_automatico_seguidores_ig_fb,120246796490920489,"ADS 8 V1 - WORKSHOP CHURRASCO",120246796503300489,2026-08-26,2.47,1,,2.5,61.75,2.47,40,12,5,4,3,2026-08-26,2026-08-26
bbe-a1-jul-26--venda--perpetuo--hot_cbo_vencedores,120246796479480489,01_automatico_seguidores_ig_fb,120246796490920489,"ADS 3 V1 - WORKSHOP CHURRASCO",120246796503290489,2026-08-26,0.48,1,,3.57142857,17.14285714,0.48,28,3,1,2,,2026-08-26,2026-08-26
bbe-a1-jul-26--venda--perpetuo--hot_cbo_videos,120246641531020489,01_automatico_seguidores_ig_fb,120246641530990489,"ADS 3 V4 - WORKSHOP CHURRASCO",120246641577080489,2026-08-26,0.11,,,,55,,2,,,,,2026-08-26,2026-08-26
bbe-a1-jul-26--venda--perpetuo--hot_cbo_vencedores-lpd,120247080021040489,01_automatico_ig180_fb180,120247080021330489,"ADS 4 V2 - WORKSHOP CHURRASCO",120247080021430489,2026-08-26,54.41,21,,1.30111524,33.71127633,2.59095238,1614,232,32,144,41,2026-08-26,2026-08-26
bbe-a1-jul-26--venda--perpetuo--hot_cbo_videos,120246641531020489,00_automatico_ig030_fb030,120246641531090489,"ADS 3 V5 - WORKSHOP CHURRASCO",120246641577240489,2026-08-26,0.01,,,,10,,1,,,,,2026-08-26,2026-08-26
bbe-a1-jul-26--venda--perpetuo--hot_cbo_videos,120246641531020489,00_automatico_ig030_fb030,120246641531090489,"ADS 5 V3 REEDITADO - WORKSHOP CHURRASCO",120247230698200489,2026-08-26,0.11,,,,27.5,,4,,,,,2026-08-26,2026-08-26
bbe-a2-ago-26--venda--perpetuo--cold_cbo_vencedores,120247542152420489,01_ig-fb_aberto,120247542152480489,"ADS 4 V2 - WORKSHOP CHURRASCO",120247542152500489,2026-08-26,0,,,,0,,2,,,,,2026-08-26,2026-08-26
bbe-a1-jul-26--venda--perpetuo--hot_cbo_vencedores,120246796479480489,01_automatico_seguidores_ig_fb,120246796490920489,"ADS 4 V2 - WORKSHOP CHURRASCO",120246796503260489,2026-08-26,47.67,10,,0.97087379,46.2815534,4.767,1030,168,30,115,34,2026-08-26,2026-08-26
bbe-a1-jul-26--venda--perpetuo--cold_cbo_vencedores,120247542190730489,01_ig-fb_aberto,120247542190720489,"ADS 5 V2 - WORKSHOP CHURRASCO",120247542190850489,2026-08-26,8.36,6,,2.04081633,28.43537415,1.39333333,294,90,20,30,9,2026-08-26,2026-08-26
bbe-a2-ago-26--venda--perpetuo--cold_cbo_vencedores,120247542152420489,01_ig-fb_aberto,120247542152480489,ad04-bbe-ppt-mai26--o-netão-te-ensina-corrigido,120247542152670489,2026-08-26,14.96,7,,0.68493151,14.63796477,2.13714286,1022,,,,,2026-08-26,2026-08-26
bbe-a1-jul-26--venda--perpetuo--hot_cbo_videos,120246641531020489,00_automatico_ig030_fb030,120246641531090489,"ADS 6 - WORKSHOP CHURRASCO",120246641577230489,2026-08-26,6.91,1,,0.61728395,42.65432099,6.91,162,46,19,23,11,2026-08-26,2026-08-26
bbe-a1-jul-26--venda--perpetuo--hot_cbo_videos,120246641531020489,01_automatico_ig180_fb180,120246641531130489,"ADS 5 V3 REEDITADO - WORKSHOP CHURRASCO",120247230678220489,2026-08-26,0.39,1,,9.09090909,35.45454545,0.39,11,2,2,2,1,2026-08-26,2026-08-26
bbe-a2-ago-26--venda-perpetuo--hot_cbo_vencedores,120247542163020489,01_ig-fb_seguidores_ig_fb,120247542163120489,"ADS 5 V1 - WORKSHOP CHURRASCO",120247542163050489,2026-08-26,0.32,,,,53.33333333,,6,,,,,2026-08-26,2026-08-26
bbe-a1-jul-26--venda--perpetuo--hot_cbo_videos,120246641531020489,01_automatico_ig180_fb180,120246641531130489,"ADS 4 V2 - WORKSHOP CHURRASCO",120246641577380489,2026-08-26,0.6,,,,23.07692308,,26,5,,4,1,2026-08-26,2026-08-26
bbe-a1-jul-26--venda--perpetuo--hot_cbo_videos,120246641531020489,00_automatico_ig030_fb030,120246641531090489,"ADS 3 V4 - WORKSHOP CHURRASCO",120246641577310489,2026-08-26,0.24,,,,48,,5,2,,,,2026-08-26,2026-08-26
bbe-a1-jul-26--venda--perpetuo--cold_cbo_vencedores,120247542190730489,01_ig-fb_aberto,120247542190720489,"ADS 4 V2 - WORKSHOP CHURRASCO",120247542190740489,2026-08-26,0.25,,,,31.25,,8,1,,1,,2026-08-26,2026-08-26
bbe-a2-ago-26--venda-perpetuo--hot_cbo_vencedores,120247542163020489,01_ig-fb_seguidores_ig_fb,120247542163120489,"ADS 4 V2 - WORKSHOP CHURRASCO",120247542163040489,2026-08-26,0.04,,,,5.71428571,,7,2,,1,1,2026-08-26,2026-08-26
bbe-a1-jul-26--venda--perpetuo--hot_cbo_videos,120246641531020489,01_automatico_seguidores_ig_fb,120246641530990489,"ADS 2 - WORKSHOP CHURRASCO",120246641577090489,2026-08-26,0.02,,,,20,,1,,,,,2026-08-26,2026-08-26
bbe-a1-jul-26--venda--perpetuo--hot_cbo_videos,120246641531020489,01_automatico_seguidores_ig_fb,120246641530990489,"ADS 6 - WORKSHOP CHURRASCO",120246641577040489,2026-08-26,13.62,2,,0.66006601,44.95049505,6.81,303,98,45,46,35,2026-08-26,2026-08-26
bbe-a1-jul-26--venda--perpetuo--hot_cbo_videos,120246641531020489,01_automatico_ig180_fb180,120246641531130489,"ADS 6 - WORKSHOP CHURRASCO",120246641577450489,2026-08-26,11.67,4,,1.65289256,48.2231405,2.9175,242,81,36,37,24,2026-08-26,2026-08-26
bbe-a1-jul-26--venda--perpetuo--hot_cbo_vencedores,120246796479480489,01_automatico_seguidores_ig_fb,120246796490920489,"ADS 3 V5 - WORKSHOP CHURRASCO",120246796503310489,2026-08-26,0.81,,,,54,,15,2,1,2,1,2026-08-26,2026-08-26
bbe-a1-jul-26--venda--perpetuo--hot_cbo_vencedores,120246796479480489,01_automatico_seguidores_ig_fb,120246796490920489,ad04-bbe-ppt-mai26--o-netão-te-ensina-corrigido,120247024497160489,2026-08-26,58.75,17,,0.80378251,27.77777778,3.45588235,2115,,,,,2026-08-26,2026-08-26
bbe-a1-jul-26--venda--perpetuo--cold_cbo_vencedores,120247542190730489,01_ig-fb_aberto,120247542190720489,"ADS 3 V1 - WORKSHOP CHURRASCO",120247542190750489,2026-08-26,0.13,,,,26,,5,,,,,2026-08-26,2026-08-26
bbe-a2-ago-26--venda--perpetuo--cold_cbo_vencedores,120247542152420489,01_ig-fb_aberto,120247542152480489,"ADS 5 V2 - WORKSHOP CHURRASCO",120247542152650489,2026-08-26,14.35,8,,2.4024024,43.09309309,1.79375,333,111,37,49,18,2026-08-26,2026-08-26
bbe-a1-jul-26--venda--perpetuo--hot_cbo_vencedores-lpd,120247080021040489,01_automatico_ig180_fb180,120247080021330489,"ADS 8 V1 - WORKSHOP CHURRASCO",120247080021600489,2026-08-26,0.91,,,,50.55555556,,18,6,3,4,3,2026-08-26,2026-08-26
bbe-a1-jul-26--venda--perpetuo--hot_cbo_vencedores-lpd,120247080021040489,01_automatico_seguidores_ig_fb,120247080021340489,"ADS 3 V4 - WORKSHOP CHURRASCO",120247080021690489,2026-08-26,0.69,,,,57.5,,12,3,2,3,1,2026-08-26,2026-08-26
bbe-a1-jul-26--venda--perpetuo--hot_cbo_vencedores-lpd,120247080021040489,01_automatico_seguidores_ig_fb,120247080021340489,"ADS 4 V2 - WORKSHOP CHURRASCO",120247080021220489,2026-08-26,13.23,7,,1.89701897,35.85365854,1.89,369,70,15,49,17,2026-08-26,2026-08-26
bbe-a2-ago-26--venda-perpetuo--hot_cbo_vencedores,120247542163020489,01_ig-fb_seguidores_ig_fb,120247542163120489,ad04-bbe-ppt-mai26--o-netão-te-ensina,120247542163000489,2026-08-26,13.39,4,,1.34228188,44.93288591,3.3475,298,,,,,2026-08-26,2026-08-26
bbe-a1-jul-26--venda--perpetuo--hot_cbo_videos,120246641531020489,01_automatico_seguidores_ig_fb,120246641530990489,"ADS 3 V1 - WORKSHOP CHURRASCO",120246641577140489,2026-08-26,0.47,,,,23.5,,20,,,,,2026-08-26,2026-08-26
bbe-a1-jul-26--venda--perpetuo--hot_cbo_vencedores-lpd,120247080021040489,01_automatico_seguidores_ig_fb,120247080021340489,"ADS 3 V5 - WORKSHOP CHURRASCO",120247080021090489,2026-08-26,16.89,5,,1.04384134,35.26096033,3.378,479,94,23,57,12,2026-08-26,2026-08-26
bbe-a1-jul-26--venda--perpetuo--hot_cbo_videos,120246641531020489,01_automatico_seguidores_ig_fb,120246641530990489,"ADS 1 - WORKSHOP CHURRASCO",120246641576970489,2026-08-26,0.95,,,,29.6875,,32,7,2,2,1,2026-08-26,2026-08-26
bbe-a2-ago-26--venda-perpetuo--hot_cbo_vencedores,120247542163020489,01_ig-fb_seguidores_ig_fb,120247542163120489,ad07-bbe-ppt-mai26--sal-grosso-sozinho-não-salva,120247542163140489,2026-08-26,1.07,,,,24.88372093,,43,,,,,2026-08-26,2026-08-26
bbe-a1-jul-26--venda--perpetuo--cold_cbo_vencedores,120247542190730489,01_ig-fb_aberto,120247542190720489,ad04-bbe-ppt-mai26--o-netão-te-ensina-corrigido,120247542190820489,2026-08-26,6.68,2,,0.66006601,22.04620462,3.34,303,,,,,2026-08-26,2026-08-26
bbe-a1-jul-26--venda--perpetuo--hot_cbo_videos,120246641531020489,01_automatico_ig180_fb180,120246641531130489,"ADS 1 - WORKSHOP CHURRASCO",120246641577410489,2026-08-25,1.86,1,,2.04081633,37.95918367,1.86,49,8,1,5,,2026-08-25,2026-08-25
bbe-a1-jul-26--venda--perpetuo--hot_cbo_vencedores-lpd,120247080021040489,01_automatico_ig180_fb180,120247080021330489,"ADS 3 V5 - WORKSHOP CHURRASCO",120247080021420489,2026-08-25,52.58,21,,1.15511551,28.92189219,2.50380952,1818,360,78,159,50,2026-08-25,2026-08-25
bbe-a1-jul-26--venda--perpetuo--hot_cbo_videos,120246641531020489,00_automatico_ig030_fb030,120246641531090489,"ADS 6 - WORKSHOP CHURRASCO",120246641577230489,2026-08-25,22.21,10,,1.79533214,39.87432675,2.221,557,197,101,102,65,2026-08-25,2026-08-25
bbe-a1-jul-26--venda--perpetuo--hot_cbo_vencedores-lpd,120247080021040489,01_automatico_ig180_fb180,120247080021330489,ad07-bbe-ppt-mai26--sal-grosso-sozinho-não-salva,120247080021470489,2026-08-25,0.76,,,,20.54054054,,37,,,,,2026-08-25,2026-08-25
bbe-a1-jul-26--venda--perpetuo--hot_cbo_vencedores-lpd,120247080021040489,01_automatico_seguidores_ig_fb,120247080021340489,"ADS 3 V1 - WORKSHOP CHURRASCO",120247080021110489,2026-08-25,0.44,,,,48.88888889,,9,3,2,3,,2026-08-25,2026-08-25
bbe-a1-jul-26--venda--perpetuo--hot_cbo_vencedores,120246796479480489,01_automatico_seguidores_ig_fb,120246796490920489,"ADS 3 V4 - WORKSHOP CHURRASCO",120246796503320489,2026-08-25,0.17,1,,9.09090909,15.45454545,0.17,11,2,,,,2026-08-25,2026-08-25
bbe-a1-jul-26--venda--perpetuo--hot_cbo_videos,120246641531020489,01_automatico_seguidores_ig_fb,120246641530990489,"ADS 8 V1 - WORKSHOP CHURRASCO",120246641577150489,2026-08-25,0.14,,,,28,,5,1,1,1,,2026-08-25,2026-08-25
bbe-a1-jul-26--venda--perpetuo--hot_cbo_videos,120246641531020489,00_automatico_ig030_fb030,120246641531090489,"ADS 4 V2 - WORKSHOP CHURRASCO",120246641577320489,2026-08-25,2.66,1,,5.55555556,147.77777778,2.66,18,5,1,1,1,2026-08-25,2026-08-25
bbe-a1-jul-26--venda--perpetuo--hot_cbo_videos,120246641531020489,00_automatico_ig030_fb030,120246641531090489,"ADS 5 V2 REEDITADO - WORKSHOP CHURRASCO",120247230698180489,2026-08-25,0,,,,0,,1,,,,,2026-08-25,2026-08-25
bbe-a1-jul-26--venda--perpetuo--hot_cbo_vencedores-lpd,120247080021040489,01_automatico_seguidores_ig_fb,120247080021340489,"ADS 8 V1 - WORKSHOP CHURRASCO",120247080021140489,2026-08-25,0.3,2,,14.28571429,21.42857143,0.15,14,4,1,1,,2026-08-25,2026-08-25
bbe-a1-jul-26--venda--perpetuo--hot_cbo_vencedores,120246796479480489,01_automatico_seguidores_ig_fb,120246796490920489,"ADS 3 V1 - WORKSHOP CHURRASCO",120246796503290489,2026-08-25,3.37,3,,3.15789474,35.47368421,1.12333333,95,17,3,3,2,2026-08-25,2026-08-25
bbe-a1-jul-26--venda--perpetuo--hot_cbo_videos,120246641531020489,01_automatico_seguidores_ig_fb,120246641530990489,"ADS 3 V4 - WORKSHOP CHURRASCO",120246641577080489,2026-08-25,0.01,,,,10,,1,,,,,2026-08-25,2026-08-25
bbe-a1-jul-26--venda--perpetuo--hot_cbo_vencedores-lpd,120247080021040489,01_automatico_ig180_fb180,120247080021330489,"ADS 4 V2 - WORKSHOP CHURRASCO",120247080021430489,2026-08-25,81.69,32,,1.1878248,30.32293987,2.5528125,2694,435,86,272,111,2026-08-25,2026-08-25
bbe-a1-jul-26--venda--perpetuo--hot_cbo_videos,120246641531020489,00_automatico_ig030_fb030,120246641531090489,"ADS 3 V5 - WORKSHOP CHURRASCO",120246641577240489,2026-08-25,0.38,,,,63.33333333,,6,2,,1,,2026-08-25,2026-08-25
bbe-a1-jul-26--venda--perpetuo--hot_cbo_videos,120246641531020489,00_automatico_ig030_fb030,120246641531090489,"ADS 5 V3 REEDITADO - WORKSHOP CHURRASCO",120247230698200489,2026-08-25,0.47,,,,58.75,,8,4,,2,,2026-08-25,2026-08-25
bbe-a1-jul-26--venda--perpetuo--hot_cbo_vencedores-lpd,120247080021040489,01_automatico_seguidores_ig_fb,120247080021340489,ad07-bbe-ppt-mai26--sal-grosso-sozinho-não-salva,120247080021180489,2026-08-25,76.15,39,,1.0594947,20.68731323,1.9525641,3681,,,,,2026-08-25,2026-08-25
bbe-a1-jul-26--venda--perpetuo--hot_cbo_vencedores,120246796479480489,01_automatico_seguidores_ig_fb,120246796490920489,"ADS 4 V2 - WORKSHOP CHURRASCO",120246796503260489,2026-08-25,6.29,1,,0.8,50.32,6.29,125,14,2,7,3,2026-08-25,2026-08-25
bbe-a1-jul-26--venda--perpetuo--hot_cbo_videos,120246641531020489,01_automatico_seguidores_ig_fb,120246641530990489,"ADS 5 V2 REEDITADO - WORKSHOP CHURRASCO",120247230698170489,2026-08-25,0.01,,,,5,,2,,,,,2026-08-25,2026-08-25
bbe-a1-jul-26--venda--perpetuo--hot_cbo_vencedores-lpd,120247080021040489,01_automatico_seguidores_ig_fb,120247080021340489,"ADS 3 V4 - WORKSHOP CHURRASCO",120247080021690489,2026-08-25,0,,,,0,,1,1,,,,2026-08-25,2026-08-25
bbe-a1-jul-26--venda--perpetuo--hot_cbo_vencedores-lpd,120247080021040489,01_automatico_seguidores_ig_fb,120247080021340489,"ADS 3 V5 - WORKSHOP CHURRASCO",120247080021090489,2026-08-25,2.18,1,,1.28205128,27.94871795,2.18,78,18,3,9,,2026-08-25,2026-08-25
bbe-a1-jul-26--venda--perpetuo--hot_cbo_vencedores-lpd,120247080021040489,01_automatico_ig180_fb180,120247080021330489,"ADS 3 V4 - WORKSHOP CHURRASCO",120247080021590489,2026-08-25,0.18,,,,12.85714286,,14,3,,,,2026-08-25,2026-08-25
bbe-a1-jul-26--venda--perpetuo--hot_cbo_videos,120246641531020489,01_automatico_seguidores_ig_fb,120246641530990489,"ADS 3 V5 - WORKSHOP CHURRASCO",120246641577050489,2026-08-25,0,,,,0,,1,,,,,2026-08-25,2026-08-25
bbe-a1-jul-26--venda--perpetuo--hot_cbo_videos,120246641531020489,01_automatico_seguidores_ig_fb,120246641530990489,"ADS 5 V1 REEDITADO - WORKSHOP CHURRASCO",120247230698150489,2026-08-25,0.09,,,,30,,3,,,,,2026-08-25,2026-08-25
bbe-a1-jul-26--venda--perpetuo--hot_cbo_videos,120246641531020489,01_automatico_seguidores_ig_fb,120246641530990489,"ADS 1 - WORKSHOP CHURRASCO",120246641576970489,2026-08-25,3.59,2,,2.06185567,37.01030928,1.795,97,19,9,12,4,2026-08-25,2026-08-25
bbe-a1-jul-26--venda--perpetuo--hot_cbo_videos,120246641531020489,01_automatico_seguidores_ig_fb,120246641530990489,"ADS 2 - WORKSHOP CHURRASCO",120246641577090489,2026-08-25,0.52,,,,27.36842105,,19,4,,3,,2026-08-25,2026-08-25
bbe-a1-jul-26--venda--perpetuo--hot_cbo_vencedores-lpd,120247080021040489,01_automatico_ig180_fb180,120247080021330489,"ADS 3 V1 - WORKSHOP CHURRASCO",120247080021620489,2026-08-25,0.72,2,,4.87804878,17.56097561,0.36,41,8,3,7,2,2026-08-25,2026-08-25
bbe-a1-jul-26--venda--perpetuo--hot_cbo_videos,120246641531020489,01_automatico_seguidores_ig_fb,120246641530990489,"ADS 6 - WORKSHOP CHURRASCO",120246641577040489,2026-08-25,30.35,16,,1.81818182,34.48863636,1.896875,880,265,131,133,93,2026-08-25,2026-08-25
bbe-a1-jul-26--venda--perpetuo--hot_cbo_videos,120246641531020489,01_automatico_ig180_fb180,120246641531130489,"ADS 5 V2 REEDITADO - WORKSHOP CHURRASCO",120247230665620489,2026-08-25,0.36,,,,32.72727273,,11,6,1,2,1,2026-08-25,2026-08-25
bbe-a1-jul-26--venda--perpetuo--hot_cbo_videos,120246641531020489,01_automatico_ig180_fb180,120246641531130489,"ADS 6 - WORKSHOP CHURRASCO",120246641577450489,2026-08-25,21.8,9,,1.41732283,34.33070866,2.42222222,635,219,99,104,71,2026-08-25,2026-08-25
bbe-a1-jul-26--venda--perpetuo--hot_cbo_videos,120246641531020489,01_automatico_seguidores_ig_fb,120246641530990489,"ADS 5 V3 REEDITADO - WORKSHOP CHURRASCO",120247230698160489,2026-08-25,0.08,1,,33.33333333,26.66666667,0.08,3,1,,,,2026-08-25,2026-08-25
bbe-a1-jul-26--venda--perpetuo--hot_cbo_vencedores,120246796479480489,01_automatico_seguidores_ig_fb,120246796490920489,ad07-bbe-ppt-mai26--sal-grosso-sozinho-não-salva,120246796503280489,2026-08-25,0,1,,50,0,0,2,,,,,2026-08-25,2026-08-25
bbe-a1-jul-26--venda--perpetuo--hot_cbo_vencedores,120246796479480489,01_automatico_seguidores_ig_fb,120246796490920489,"ADS 3 V5 - WORKSHOP CHURRASCO",120246796503310489,2026-08-25,0.03,,,,30,,1,,,,,2026-08-25,2026-08-25
bbe-a1-jul-26--venda--perpetuo--hot_cbo_vencedores,120246796479480489,01_automatico_seguidores_ig_fb,120246796490920489,ad04-bbe-ppt-mai26--o-netão-te-ensina-corrigido,120247024497160489,2026-08-25,87.53,40,1,1.08049703,23.64397623,2.18825,3702,,,,,2026-08-25,2026-08-25
bbe-a1-jul-26--venda--perpetuo--hot_cbo_videos,120246641531020489,01_automatico_ig180_fb180,120246641531130489,"ADS 4 V2 - WORKSHOP CHURRASCO",120246641577380489,2026-08-25,0.15,,,,25,,6,,,,,2026-08-25,2026-08-25
bbe-a1-jul-26--venda--perpetuo--hot_cbo_vencedores-lpd,120247080021040489,01_automatico_seguidores_ig_fb,120247080021340489,ad04-bbe-ppt-mai26--o-netão-te-ensina-corrigido,120247080021660489,2026-08-25,0,,1,,,,0,,,,,2026-08-25,2026-08-25
bbe-a1-jul-26--venda--perpetuo--hot_cbo_videos,120246641531020489,00_automatico_ig030_fb030,120246641531090489,"ADS 3 V1 - WORKSHOP CHURRASCO",120246641577250489,2026-08-25,0.01,,,,10,,1,,,,,2026-08-25,2026-08-25
bbe-a1-jul-26--venda--perpetuo--hot_cbo_vencedores-lpd,120247080021040489,01_automatico_ig180_fb180,120247080021330489,"ADS 8 V1 - WORKSHOP CHURRASCO",120247080021600489,2026-08-25,0.01,,,,5,,2,2,2,2,2,2026-08-25,2026-08-25
bbe-a1-jul-26--venda--perpetuo--hot_cbo_videos,120246641531020489,00_automatico_ig030_fb030,120246641531090489,"ADS 8 V1 - WORKSHOP CHURRASCO",120246641577340489,2026-08-25,0.05,,,,50,,1,1,,,,2026-08-25,2026-08-25
bbe-a1-jul-26--venda--perpetuo--hot_cbo_videos,120246641531020489,00_automatico_ig030_fb030,120246641531090489,"ADS 1 - WORKSHOP CHURRASCO",120246641577180489,2026-08-25,0.08,,,,16,,5,,,,,2026-08-25,2026-08-25
bbe-a1-jul-26--venda--perpetuo--hot_cbo_videos,120246641531020489,01_automatico_ig180_fb180,120246641531130489,"ADS 5 V1 REEDITADO - WORKSHOP CHURRASCO",120247230558390489,2026-08-24,0.45,,,,450,,1,1,1,1,,2026-08-24,2026-08-24
bbe-a1-jul-26--venda--perpetuo--hot_cbo_vencedores-lpd,120247080021040489,01_automatico_seguidores_ig_fb,120247080021340489,"ADS 3 V1 - WORKSHOP CHURRASCO",120247080021110489,2026-08-24,0.73,,,,38.42105263,,19,5,1,2,,2026-08-24,2026-08-24
bbe-a1-jul-26--venda--perpetuo--hot_cbo_vencedores-lpd,120247080021040489,01_automatico_ig180_fb180,120247080021330489,ad07-bbe-ppt-mai26--sal-grosso-sozinho-não-salva,120247080021470489,2026-08-24,0.19,,,,19,,10,,,,,2026-08-24,2026-08-24
bbe-a1-jul-26--venda--perpetuo--hot_cbo_vencedores-lpd,120247080021040489,01_automatico_ig180_fb180,120247080021330489,"ADS 3 V5 - WORKSHOP CHURRASCO",120247080021420489,2026-08-24,75.77,22,,0.92320604,31.79605539,3.44409091,2383,469,107,204,59,2026-08-24,2026-08-24
bbe-a1-jul-26--venda--perpetuo--hot_cbo_videos,120246641531020489,01_automatico_ig180_fb180,120246641531130489,"ADS 1 - WORKSHOP CHURRASCO",120246641577410489,2026-08-24,5.41,1,,0.69444444,37.56944444,5.41,144,30,15,18,7,2026-08-24,2026-08-24
bbe-a1-jul-26--venda--perpetuo--hot_cbo_videos,120246641531020489,00_automatico_ig030_fb030,120246641531090489,"ADS 4 V2 - WORKSHOP CHURRASCO",120246641577320489,2026-08-24,4.52,2,,2.38095238,53.80952381,2.26,84,19,6,15,6,2026-08-24,2026-08-24
bbe-a1-jul-26--venda--perpetuo--hot_cbo_videos,120246641531020489,00_automatico_ig030_fb030,120246641531090489,"ADS 2 - WORKSHOP CHURRASCO",120246641577330489,2026-08-24,0.2,,,,28.57142857,,7,1,,,,2026-08-24,2026-08-24
bbe-a1-jul-26--venda--perpetuo--hot_cbo_videos,120246641531020489,01_automatico_seguidores_ig_fb,120246641530990489,"ADS 8 V1 - WORKSHOP CHURRASCO",120246641577150489,2026-08-24,0.07,,,,35,,2,,,,,2026-08-24,2026-08-24
bbe-a1-jul-26--venda--perpetuo--hot_cbo_vencedores,120246796479480489,01_automatico_seguidores_ig_fb,120246796490920489,"ADS 3 V1 - WORKSHOP CHURRASCO",120246796503290489,2026-08-24,1.77,1,,1.33333333,23.6,1.77,75,14,4,6,1,2026-08-24,2026-08-24
bbe-a1-jul-26--venda--perpetuo--hot_cbo_vencedores-lpd,120247080021040489,01_automatico_seguidores_ig_fb,120247080021340489,"ADS 8 V1 - WORKSHOP CHURRASCO",120247080021140489,2026-08-24,0,,,,0,,1,,,,,2026-08-24,2026-08-24
bbe-a1-jul-26--venda--perpetuo--hot_cbo_videos,120246641531020489,00_automatico_ig030_fb030,120246641531090489,"ADS 5 V1 REEDITADO - WORKSHOP CHURRASCO",120247230698190489,2026-08-24,0.02,,,,5,,4,,,,,2026-08-24,2026-08-24
bbe-a1-jul-26--venda--perpetuo--hot_cbo_vencedores,120246796479480489,01_automatico_seguidores_ig_fb,120246796490920489,"ADS 8 V1 - WORKSHOP CHURRASCO",120246796503300489,2026-08-24,0.19,,,,95,,2,,,,,2026-08-24,2026-08-24
bbe-a1-jul-26--venda--perpetuo--hot_cbo_vencedores-lpd,120247080021040489,01_automatico_ig180_fb180,120247080021330489,"ADS 4 V2 - WORKSHOP CHURRASCO",120247080021430489,2026-08-24,13.67,7,,1.33079848,25.98859316,1.95285714,526,86,22,59,26,2026-08-24,2026-08-24
bbe-a1-jul-26--venda--perpetuo--hot_cbo_videos,120246641531020489,00_automatico_ig030_fb030,120246641531090489,"ADS 5 V3 REEDITADO - WORKSHOP CHURRASCO",120247230698200489,2026-08-24,0.96,,,,26.66666667,,36,8,,2,,2026-08-24,2026-08-24
bbe-a1-jul-26--venda--perpetuo--hot_cbo_vencedores-lpd,120247080021040489,01_automatico_seguidores_ig_fb,120247080021340489,ad07-bbe-ppt-mai26--sal-grosso-sozinho-não-salva,120247080021180489,2026-08-24,25.62,10,1,0.91157703,23.35460346,2.562,1097,,,,,2026-08-24,2026-08-24
bbe-a1-jul-26--venda--perpetuo--hot_cbo_vencedores,120246796479480489,01_automatico_seguidores_ig_fb,120246796490920489,"ADS 4 V2 - WORKSHOP CHURRASCO",120246796503260489,2026-08-24,17.56,8,,1.14285714,25.08571429,2.195,700,102,20,62,21,2026-08-24,2026-08-24
bbe-a1-jul-26--venda--perpetuo--hot_cbo_videos,120246641531020489,00_automatico_ig030_fb030,120246641531090489,"ADS 6 - WORKSHOP CHURRASCO",120246641577230489,2026-08-24,15.45,10,1,2.42718447,37.5,1.545,412,133,55,59,41,2026-08-24,2026-08-24
bbe-a1-jul-26--venda--perpetuo--hot_cbo_vencedores,120246796479480489,01_automatico_seguidores_ig_fb,120246796490920489,"ADS 3 V4 - WORKSHOP CHURRASCO",120246796503320489,2026-08-24,2.83,,,,20.35971223,,139,28,8,15,8,2026-08-24,2026-08-24
bbe-a1-jul-26--venda--perpetuo--hot_cbo_vencedores,120246796479480489,01_automatico_seguidores_ig_fb,120246796490920489,ad04-bbe-ppt-mai26--o-netão-te-ensina-corrigido,120247024497160489,2026-08-24,36.17,22,,1.72955975,28.43553459,1.64409091,1272,,,,,2026-08-24,2026-08-24
bbe-a1-jul-26--venda--perpetuo--hot_cbo_videos,120246641531020489,01_automatico_seguidores_ig_fb,120246641530990489,"ADS 1 - WORKSHOP CHURRASCO",120246641576970489,2026-08-24,6.71,3,1,1.60427807,35.88235294,2.23666667,187,43,22,24,9,2026-08-24,2026-08-24
bbe-a1-jul-26--venda--perpetuo--hot_cbo_vencedores,120246796479480489,01_automatico_seguidores_ig_fb,120246796490920489,"ADS 3 V5 - WORKSHOP CHURRASCO",120246796503310489,2026-08-24,2.38,1,,2.17391304,51.73913043,2.38,46,7,1,3,,2026-08-24,2026-08-24
bbe-a1-jul-26--venda--perpetuo--hot_cbo_videos,120246641531020489,00_automatico_ig030_fb030,120246641531090489,"ADS 3 V4 - WORKSHOP CHURRASCO",120246641577310489,2026-08-24,0.02,,,,20,,1,,,,,2026-08-24,2026-08-24
bbe-a1-jul-26--venda--perpetuo--hot_cbo_videos,120246641531020489,01_automatico_seguidores_ig_fb,120246641530990489,"ADS 5 V1 REEDITADO - WORKSHOP CHURRASCO",120247230698150489,2026-08-24,0.04,,,,13.33333333,,3,1,,1,,2026-08-24,2026-08-24
bbe-a1-jul-26--venda--perpetuo--hot_cbo_vencedores-lpd,120247080021040489,01_automatico_seguidores_ig_fb,120247080021340489,"ADS 3 V5 - WORKSHOP CHURRASCO",120247080021090489,2026-08-24,1.64,1,1,1.72413793,28.27586207,1.64,58,11,4,5,3,2026-08-24,2026-08-24
bbe-a1-jul-26--venda--perpetuo--hot_cbo_videos,120246641531020489,01_automatico_seguidores_ig_fb,120246641530990489,"ADS 6 - WORKSHOP CHURRASCO",120246641577040489,2026-08-24,33.83,21,,2.4,38.66285714,1.61095238,875,286,127,132,95,2026-08-24,2026-08-24
bbe-a1-jul-26--venda--perpetuo--hot_cbo_videos,120246641531020489,01_automatico_ig180_fb180,120246641531130489,"ADS 6 - WORKSHOP CHURRASCO",120246641577450489,2026-08-24,13.44,12,,2.43407708,27.26166329,1.12,493,162,85,90,62,2026-08-24,2026-08-24
bbe-a1-jul-26--venda--perpetuo--hot_cbo_videos,120246641531020489,01_automatico_seguidores_ig_fb,120246641530990489,"ADS 5 V3 REEDITADO - WORKSHOP CHURRASCO",120247230698160489,2026-08-24,0.01,,,,10,,1,,,,,2026-08-24,2026-08-24
bbe-a1-jul-26--venda--perpetuo--hot_cbo_videos,120246641531020489,01_automatico_seguidores_ig_fb,120246641530990489,"ADS 3 V5 - WORKSHOP CHURRASCO",120246641577050489,2026-08-24,0.03,,,,15,,2,1,,,,2026-08-24,2026-08-24
bbe-a1-jul-26--venda--perpetuo--hot_cbo_vencedores,120246796479480489,01_automatico_seguidores_ig_fb,120246796490920489,ad07-bbe-ppt-mai26--sal-grosso-sozinho-não-salva,120246796503280489,2026-08-24,0.56,,,,40,,14,,,,,2026-08-24,2026-08-24
bbe-a1-jul-26--venda--perpetuo--hot_cbo_videos,120246641531020489,00_automatico_ig030_fb030,120246641531090489,"ADS 1 - WORKSHOP CHURRASCO",120246641577180489,2026-08-24,0.2,,,,28.57142857,,7,2,,1,,2026-08-24,2026-08-24
bbe-a1-jul-26--venda--perpetuo--hot_cbo_videos,120246641531020489,01_automatico_ig180_fb180,120246641531130489,"ADS 4 V2 - WORKSHOP CHURRASCO",120246641577380489,2026-08-24,1.94,3,,6.97674419,45.11627907,0.64666667,43,12,5,8,5,2026-08-24,2026-08-24
bbe-a1-jul-26--venda--perpetuo--hot_cbo_vencedores-lpd,120247080021040489,01_automatico_seguidores_ig_fb,120247080021340489,ad04-bbe-ppt-mai26--o-netão-te-ensina-corrigido,120247080021660489,2026-08-24,32.2,20,,1.06382979,17.12765957,1.61,1880,,,,,2026-08-24,2026-08-24
bbe-a1-jul-26--venda--perpetuo--hot_cbo_videos,120246641531020489,01_automatico_ig180_fb180,120246641531130489,"ADS 3 V1 - WORKSHOP CHURRASCO",120246641577490489,2026-08-24,0.09,,,,15,,6,1,,,,2026-08-24,2026-08-24
bbe-a1-jul-26--venda--perpetuo--hot_cbo_videos,120246641531020489,01_automatico_ig180_fb180,120246641531130489,"ADS 5 V3 REEDITADO - WORKSHOP CHURRASCO",120247230678220489,2026-08-24,0,,,,0,,4,1,,,,2026-08-24,2026-08-24
bbe-a1-jul-26--venda--perpetuo--hot_cbo_vencedores-lpd,120247080021040489,01_automatico_seguidores_ig_fb,120247080021340489,"ADS 4 V2 - WORKSHOP CHURRASCO",120247080021220489,2026-08-24,0.13,,,,14.44444444,,9,2,1,1,1,2026-08-24,2026-08-24
bbe-a1-jul-26--venda--perpetuo--hot_cbo_videos,120246641531020489,01_automatico_seguidores_ig_fb,120246641530990489,"ADS 3 V1 - WORKSHOP CHURRASCO",120246641577140489,2026-08-24,0.08,,,,80,,1,,,,,2026-08-24,2026-08-24
bbe-a1-jul-26--venda--perpetuo--hot_cbo_videos,120246641531020489,01_automatico_seguidores_ig_fb,120246641530990489,"ADS 8 V1 - WORKSHOP CHURRASCO",120246641577150489,2026-08-23,0.41,,,,27.33333333,,15,2,1,1,1,2026-08-23,2026-08-23
bbe-a1-jul-26--venda--perpetuo--hot_cbo_vencedores-lpd,120247080021040489,01_automatico_ig180_fb180,120247080021330489,ad07-bbe-ppt-mai26--sal-grosso-sozinho-não-salva,120247080021470489,2026-08-23,0.21,,,,14,,15,,,,,2026-08-23,2026-08-23
bbe-a1-jul-26--venda--perpetuo--hot_cbo_vencedores-lpd,120247080021040489,01_automatico_ig180_fb180,120247080021330489,"ADS 3 V5 - WORKSHOP CHURRASCO",120247080021420489,2026-08-23,94.06,36,,1.45513339,38.01940178,2.61277778,2474,561,116,259,68,2026-08-23,2026-08-23
bbe-a1-jul-26--venda--perpetuo--hot_cbo_videos,120246641531020489,01_automatico_ig180_fb180,120246641531130489,"ADS 1 - WORKSHOP CHURRASCO",120246641577410489,2026-08-23,4.22,1,,1.2345679,52.09876543,4.22,81,16,8,11,2,2026-08-23,2026-08-23
bbe-a1-jul-26--venda--perpetuo--hot_cbo_videos,120246641531020489,00_automatico_ig030_fb030,120246641531090489,"ADS 4 V2 - WORKSHOP CHURRASCO",120246641577320489,2026-08-23,1.99,,,,20.94736842,,95,11,3,7,4,2026-08-23,2026-08-23
bbe-a1-jul-26--venda--perpetuo--hot_cbo_videos,120246641531020489,00_automatico_ig030_fb030,120246641531090489,"ADS 5 V2 REEDITADO - WORKSHOP CHURRASCO",120247230698180489,2026-08-23,0.18,,,,22.5,,8,2,,,,2026-08-23,2026-08-23
bbe-a1-jul-26--venda--perpetuo--hot_cbo_videos,120246641531020489,00_automatico_ig030_fb030,120246641531090489,"ADS 5 V1 REEDITADO - WORKSHOP CHURRASCO",120247230698190489,2026-08-23,0.11,,,,27.5,,4,2,,,,2026-08-23,2026-08-23
bbe-a1-jul-26--venda--perpetuo--hot_cbo_vencedores,120246796479480489,01_automatico_seguidores_ig_fb,120246796490920489,"ADS 3 V1 - WORKSHOP CHURRASCO",120246796503290489,2026-08-23,6.71,1,,0.41322314,27.72727273,6.71,242,55,4,22,2,2026-08-23,2026-08-23
bbe-a1-jul-26--venda--perpetuo--hot_cbo_videos,120246641531020489,01_automatico_seguidores_ig_fb,120246641530990489,"ADS 3 V4 - WORKSHOP CHURRASCO",120246641577080489,2026-08-23,0.14,,,,23.33333333,,6,1,,1,,2026-08-23,2026-08-23
bbe-a1-jul-26--venda--perpetuo--hot_cbo_vencedores,120246796479480489,01_automatico_seguidores_ig_fb,120246796490920489,"ADS 4 V2 - WORKSHOP CHURRASCO",120246796503260489,2026-08-23,50.12,19,,1.38282387,36.47743814,2.63789474,1374,211,47,135,50,2026-08-23,2026-08-23
bbe-a1-jul-26--venda--perpetuo--hot_cbo_videos,120246641531020489,00_automatico_ig030_fb030,120246641531090489,"ADS 5 V3 REEDITADO - WORKSHOP CHURRASCO",120247230698200489,2026-08-23,0.73,,,,45.625,,16,4,,,,2026-08-23,2026-08-23
bbe-a1-jul-26--venda--perpetuo--hot_cbo_vencedores-lpd,120247080021040489,01_automatico_seguidores_ig_fb,120247080021340489,ad07-bbe-ppt-mai26--sal-grosso-sozinho-não-salva,120247080021180489,2026-08-23,14.39,1,1,0.20449898,29.42740286,14.39,489,,,,,2026-08-23,2026-08-23
bbe-a1-jul-26--venda--perpetuo--hot_cbo_vencedores,120246796479480489,01_automatico_seguidores_ig_fb,120246796490920489,"ADS 3 V4 - WORKSHOP CHURRASCO",120246796503320489,2026-08-23,7.38,3,,1.48514851,36.53465347,2.46,202,45,12,20,10,2026-08-23,2026-08-23
bbe-a1-jul-26--venda--perpetuo--hot_cbo_videos,120246641531020489,00_automatico_ig030_fb030,120246641531090489,"ADS 6 - WORKSHOP CHURRASCO",120246641577230489,2026-08-23,16.08,8,,2.51572327,50.56603774,2.01,318,117,53,52,36,2026-08-23,2026-08-23
bbe-a1-jul-26--venda--perpetuo--hot_cbo_videos,120246641531020489,01_automatico_seguidores_ig_fb,120246641530990489,"ADS 5 V2 REEDITADO - WORKSHOP CHURRASCO",120247230698170489,2026-08-23,0.01,,,,5,,2,,,,,2026-08-23,2026-08-23
bbe-a1-jul-26--venda--perpetuo--hot_cbo_vencedores,120246796479480489,01_automatico_seguidores_ig_fb,120246796490920489,"ADS 3 V5 - WORKSHOP CHURRASCO",120246796503310489,2026-08-23,3.36,,,,40.97560976,,82,15,1,4,,2026-08-23,2026-08-23
bbe-a1-jul-26--venda--perpetuo--hot_cbo_videos,120246641531020489,01_automatico_seguidores_ig_fb,120246641530990489,"ADS 1 - WORKSHOP CHURRASCO",120246641576970489,2026-08-23,3.15,3,,2.63157895,27.63157895,1.05,114,28,12,15,7,2026-08-23,2026-08-23
bbe-a1-jul-26--venda--perpetuo--hot_cbo_videos,120246641531020489,01_automatico_seguidores_ig_fb,120246641530990489,"ADS 5 V1 REEDITADO - WORKSHOP CHURRASCO",120247230698150489,2026-08-23,0,,,,0,,1,,,,,2026-08-23,2026-08-23
bbe-a1-jul-26--venda--perpetuo--hot_cbo_videos,120246641531020489,01_automatico_seguidores_ig_fb,120246641530990489,"ADS 2 - WORKSHOP CHURRASCO",120246641577090489,2026-08-23,0.2,,,,11.76470588,,17,1,,,,2026-08-23,2026-08-23
bbe-a1-jul-26--venda--perpetuo--hot_cbo_videos,120246641531020489,01_automatico_ig180_fb180,120246641531130489,"ADS 6 - WORKSHOP CHURRASCO",120246641577450489,2026-08-23,22.33,6,,1.16959064,43.52826511,3.72166667,513,159,70,72,52,2026-08-23,2026-08-23
bbe-a1-jul-26--venda--perpetuo--hot_cbo_videos,120246641531020489,01_automatico_seguidores_ig_fb,120246641530990489,"ADS 6 - WORKSHOP CHURRASCO",120246641577040489,2026-08-23,38.4,14,,2.07715134,56.97329377,2.74285714,674,226,124,127,90,2026-08-23,2026-08-23
bbe-a1-jul-26--venda--perpetuo--hot_cbo_vencedores,120246796479480489,01_automatico_seguidores_ig_fb,120246796490920489,ad04-bbe-ppt-mai26--o-netão-te-ensina-corrigido,120247024497160489,2026-08-23,24.26,8,1,0.93131548,28.24214203,3.0325,859,,,,,2026-08-23,2026-08-23
bbe-a1-jul-26--venda--perpetuo--hot_cbo_videos,120246641531020489,01_automatico_ig180_fb180,120246641531130489,"ADS 4 V2 - WORKSHOP CHURRASCO",120246641577380489,2026-08-23,1.56,,,,104,,15,4,1,1,1,2026-08-23,2026-08-23
bbe-a1-jul-26--venda--perpetuo--hot_cbo_vencedores-lpd,120247080021040489,01_automatico_seguidores_ig_fb,120247080021340489,ad04-bbe-ppt-mai26--o-netão-te-ensina-corrigido,120247080021660489,2026-08-23,100.67,46,,1.07101281,23.43888242,2.18847826,4295,,,,,2026-08-23,2026-08-23
bbe-a1-jul-26--venda--perpetuo--hot_cbo_videos,120246641531020489,01_automatico_ig180_fb180,120246641531130489,"ADS 3 V1 - WORKSHOP CHURRASCO",120246641577490489,2026-08-23,1.01,,,,40.4,,25,4,1,1,1,2026-08-23,2026-08-23
bbe-a1-jul-26--venda--perpetuo--hot_cbo_videos,120246641531020489,00_automatico_ig030_fb030,120246641531090489,"ADS 3 V1 - WORKSHOP CHURRASCO",120246641577250489,2026-08-23,0.78,,,,16.95652174,,46,7,1,1,1,2026-08-23,2026-08-23
bbe-a1-jul-26--venda--perpetuo--hot_cbo_videos,120246641531020489,00_automatico_ig030_fb030,120246641531090489,"ADS 8 V1 - WORKSHOP CHURRASCO",120246641577340489,2026-08-23,0.01,,,,10,,1,,,,,2026-08-23,2026-08-23
bbe-a1-jul-26--venda--perpetuo--hot_cbo_videos,120246641531020489,00_automatico_ig030_fb030,120246641531090489,"ADS 5 V1 REEDITADO - WORKSHOP CHURRASCO",120247230698190489,2026-08-22,0.01,,,,10,,1,1,,,,2026-08-22,2026-08-22
bbe-a1-jul-26--venda--perpetuo--hot_cbo_vencedores-lpd,120247080021040489,01_automatico_ig180_fb180,120247080021330489,ad07-bbe-ppt-mai26--sal-grosso-sozinho-não-salva,120247080021470489,2026-08-22,0.07,,,,17.5,,4,,,,,2026-08-22,2026-08-22
bbe-a1-jul-26--venda--perpetuo--hot_cbo_vencedores-lpd,120247080021040489,01_automatico_ig180_fb180,120247080021330489,"ADS 3 V5 - WORKSHOP CHURRASCO",120247080021420489,2026-08-22,72.86,33,,1.68797954,37.2685422,2.20787879,1955,431,104,208,59,2026-08-22,2026-08-22
bbe-a1-jul-26--venda--perpetuo--hot_cbo_vencedores,120246796479480489,01_automatico_seguidores_ig_fb,120246796490920489,"ADS 4 V2 - WORKSHOP CHURRASCO",120246796503260489,2026-08-22,45.73,20,,1.24300808,28.42137974,2.2865,1609,236,40,156,47,2026-08-22,2026-08-22
bbe-a1-jul-26--venda--perpetuo--hot_cbo_videos,120246641531020489,00_automatico_ig030_fb030,120246641531090489,"ADS 4 V2 - WORKSHOP CHURRASCO",120246641577320489,2026-08-22,1.26,,,,30.73170732,,41,5,,2,1,2026-08-22,2026-08-22
bbe-a1-jul-26--venda--perpetuo--hot_cbo_videos,120246641531020489,00_automatico_ig030_fb030,120246641531090489,"ADS 2 - WORKSHOP CHURRASCO",120246641577330489,2026-08-22,0.17,,,,56.66666667,,3,,,,,2026-08-22,2026-08-22
bbe-a1-jul-26--venda--perpetuo--hot_cbo_estaticos,120246640738580489,01_automatico_ig180_fb180,120246640738570489,ad06-bbe-ppt-mai26--agora-é-sua-vez,120246640809130489,2026-08-22,1.44,,,,32.72727273,,44,,,,,2026-08-22,2026-08-22
bbe-a1-jul-26--venda--perpetuo--hot_cbo_videos,120246641531020489,01_automatico_ig180_fb180,120246641531130489,"ADS 5 V1 REEDITADO - WORKSHOP CHURRASCO",120247230558390489,2026-08-22,0.03,,,,6,,5,1,,,,2026-08-22,2026-08-22
bbe-a1-jul-26--venda--perpetuo--hot_cbo_estaticos,120246640738580489,01_automatico_ig180_fb180,120246640738570489,ad05-bbe-ppt-mai26--estraga-no-preparo,120246640809140489,2026-08-22,1.69,,,,28.16666667,,60,,,,,2026-08-22,2026-08-22
bbe-a1-jul-26--venda--perpetuo--hot_cbo_vencedores,120246796479480489,01_automatico_seguidores_ig_fb,120246796490920489,"ADS 8 V1 - WORKSHOP CHURRASCO",120246796503300489,2026-08-22,0.39,,,,43.33333333,,9,4,2,2,1,2026-08-22,2026-08-22
bbe-a1-jul-26--venda--perpetuo--hot_cbo_vencedores,120246796479480489,01_automatico_seguidores_ig_fb,120246796490920489,"ADS 3 V1 - WORKSHOP CHURRASCO",120246796503290489,2026-08-22,2.07,5,,4.1322314,17.10743802,0.414,121,31,5,13,3,2026-08-22,2026-08-22
bbe-a1-jul-26--venda--perpetuo--hot_cbo_estaticos,120246640738580489,01_automatico_ig180_fb180,120246640738570489,ad04-bbe-ppt-mai26--o-netão-te-ensina-corrigido,120247024457420489,2026-08-22,4.87,3,,1.36363636,22.13636364,1.62333333,220,,,,,2026-08-22,2026-08-22
bbe-a1-jul-26--venda--perpetuo--hot_cbo_estaticos,120246640738580489,00_automatico_ig030_fb030,120246640738730489,ad04-bbe-ppt-mai26--o-netão-te-ensina-corrigido,120247024497110489,2026-08-22,77.06,25,,0.81459759,25.10915608,3.0824,3069,,,,,2026-08-22,2026-08-22
bbe-a1-jul-26--venda--perpetuo--hot_cbo_videos,120246641531020489,00_automatico_ig030_fb030,120246641531090489,"ADS 5 V2 REEDITADO - WORKSHOP CHURRASCO",120247230698180489,2026-08-22,0.06,,,,15,,4,1,,,,2026-08-22,2026-08-22
bbe-a1-jul-26--venda--perpetuo--hot_cbo_videos,120246641531020489,00_automatico_ig030_fb030,120246641531090489,"ADS 5 V3 REEDITADO - WORKSHOP CHURRASCO",120247230698200489,2026-08-22,1.2,,,,30.76923077,,39,11,2,2,1,2026-08-22,2026-08-22
bbe-a1-jul-26--venda--perpetuo--hot_cbo_vencedores-lpd,120247080021040489,01_automatico_seguidores_ig_fb,120247080021340489,ad07-bbe-ppt-mai26--sal-grosso-sozinho-não-salva,120247080021180489,2026-08-22,5.78,2,,1.18343195,34.20118343,2.89,169,,,,,2026-08-22,2026-08-22
bbe-a1-jul-26--venda--perpetuo--hot_cbo_videos,120246641531020489,00_automatico_ig030_fb030,120246641531090489,"ADS 6 - WORKSHOP CHURRASCO",120246641577230489,2026-08-22,7.88,5,,3.04878049,48.04878049,1.576,164,52,23,24,13,2026-08-22,2026-08-22
bbe-a1-jul-26--venda--perpetuo--hot_cbo_vencedores,120246796479480489,01_automatico_seguidores_ig_fb,120246796490920489,"ADS 3 V4 - WORKSHOP CHURRASCO",120246796503320489,2026-08-22,2.36,1,,1.81818182,42.90909091,2.36,55,14,4,6,2,2026-08-22,2026-08-22
bbe-a1-jul-26--venda--perpetuo--hot_cbo_videos,120246641531020489,01_automatico_ig180_fb180,120246641531130489,"ADS 1 - WORKSHOP CHURRASCO",120246641577410489,2026-08-22,3.35,,,,29.91071429,,112,18,5,6,2,2026-08-22,2026-08-22
bbe-a1-jul-26--venda--perpetuo--hot_cbo_estaticos,120246640738580489,01_automatico_ig180_fb180,120246640738570489,ad07-bbe-ppt-mai26--sal-grosso-sozinho-não-salva,120246640809150489,2026-08-22,4.05,1,,0.66666667,27,4.05,150,,,,,2026-08-22,2026-08-22
bbe-a1-jul-26--venda--perpetuo--hot_cbo_videos,120246641531020489,01_automatico_seguidores_ig_fb,120246641530990489,"ADS 3 V5 - WORKSHOP CHURRASCO",120246641577050489,2026-08-22,0.15,,,,16.66666667,,9,,,,,2026-08-22,2026-08-22
bbe-a1-jul-26--venda--perpetuo--hot_cbo_estaticos,120246640738580489,00_automatico_ig030_fb030,120246640738730489,ad05-bbe-ppt-mai26--estraga-no-preparo,120246640809550489,2026-08-22,0.44,,,,18.33333333,,24,,,,,2026-08-22,2026-08-22
bbe-a1-jul-26--venda--perpetuo--hot_cbo_videos,120246641531020489,01_automatico_seguidores_ig_fb,120246641530990489,"ADS 5 V1 REEDITADO - WORKSHOP CHURRASCO",120247230698150489,2026-08-22,0.29,,,,32.22222222,,9,3,2,2,2,2026-08-22,2026-08-22
bbe-a1-jul-26--venda--perpetuo--hot_cbo_estaticos,120246640738580489,00_automatico_ig030_fb030,120246640738730489,ad02-bbe-ppt-mai26--o-maior-inimigo-do-churrasqueiro,120246640809570489,2026-08-22,9.48,,,,26.11570248,,363,,,,,2026-08-22,2026-08-22
bbe-a1-jul-26--venda--perpetuo--hot_cbo_vencedores,120246796479480489,01_automatico_seguidores_ig_fb,120246796490920489,ad07-bbe-ppt-mai26--sal-grosso-sozinho-não-salva,120246796503280489,2026-08-22,0,,,,0,,5,,,,,2026-08-22,2026-08-22
bbe-a1-jul-26--venda--perpetuo--hot_cbo_videos,120246641531020489,01_automatico_seguidores_ig_fb,120246641530990489,"ADS 6 - WORKSHOP CHURRASCO",120246641577040489,2026-08-22,22.9,10,,1.91570881,43.8697318,2.29,522,168,79,84,55,2026-08-22,2026-08-22
bbe-a1-jul-26--venda--perpetuo--hot_cbo_videos,120246641531020489,01_automatico_ig180_fb180,120246641531130489,"ADS 6 - WORKSHOP CHURRASCO",120246641577450489,2026-08-22,44.45,17,,1.47186147,38.48484848,2.61470588,1155,378,172,184,115,2026-08-22,2026-08-22
bbe-a1-jul-26--venda--perpetuo--hot_cbo_videos,120246641531020489,01_automatico_seguidores_ig_fb,120246641530990489,"ADS 5 V3 REEDITADO - WORKSHOP CHURRASCO",120247230698160489,2026-08-22,0.02,,,,6.66666667,,3,,,,,2026-08-22,2026-08-22
bbe-a1-jul-26--venda--perpetuo--hot_cbo_videos,120246641531020489,00_automatico_ig030_fb030,120246641531090489,"ADS 3 V4 - WORKSHOP CHURRASCO",120246641577310489,2026-08-22,0.09,,,,15,,6,1,,,,2026-08-22,2026-08-22
bbe-a1-jul-26--venda--perpetuo--hot_cbo_vencedores,120246796479480489,01_automatico_seguidores_ig_fb,120246796490920489,"ADS 3 V5 - WORKSHOP CHURRASCO",120246796503310489,2026-08-22,2.01,2,,3.38983051,34.06779661,1.005,59,17,6,10,2,2026-08-22,2026-08-22
bbe-a1-jul-26--venda--perpetuo--hot_cbo_vencedores,120246796479480489,01_automatico_seguidores_ig_fb,120246796490920489,ad04-bbe-ppt-mai26--o-netão-te-ensina-corrigido,120247024497160489,2026-08-22,13.74,3,,0.55045872,25.21100917,4.58,545,,,,,2026-08-22,2026-08-22
bbe-a1-jul-26--venda--perpetuo--hot_cbo_vencedores-lpd,120247080021040489,01_automatico_seguidores_ig_fb,120247080021340489,ad04-bbe-ppt-mai26--o-netão-te-ensina-corrigido,120247080021660489,2026-08-22,90.6,59,1,1.30214081,19.99558596,1.53559322,4531,,,,,2026-08-22,2026-08-22
bbe-a1-jul-26--venda--perpetuo--hot_cbo_videos,120246641531020489,01_automatico_ig180_fb180,120246641531130489,"ADS 3 V1 - WORKSHOP CHURRASCO",120246641577490489,2026-08-22,0.06,,,,12,,5,1,1,1,1,2026-08-22,2026-08-22
bbe-a1-jul-26--venda--perpetuo--hot_cbo_estaticos,120246640738580489,00_automatico_ig030_fb030,120246640738730489,ad06-bbe-ppt-mai26--agora-é-sua-vez,120246640809520489,2026-08-22,0.05,,,,10,,5,,,,,2026-08-22,2026-08-22
bbe-a1-jul-26--venda--perpetuo--hot_cbo_estaticos,120246640738580489,01_automatico_ig180_fb180,120246640738570489,ad04-bbe-ppt-mai26--o-netão-te-ensina-corrigido,120247024497090489,2026-08-22,3.64,1,,0.68965517,25.10344828,3.64,145,,,,,2026-08-22,2026-08-22
bbe-a1-jul-26--venda--perpetuo--hot_cbo_videos,120246641531020489,01_automatico_seguidores_ig_fb,120246641530990489,"ADS 1 - WORKSHOP CHURRASCO",120246641576970489,2026-08-22,2.1,1,,1.12359551,23.59550562,2.1,89,22,11,12,5,2026-08-22,2026-08-22
bbe-a1-jul-26--venda--perpetuo--hot_cbo_estaticos,120246640738580489,00_automatico_ig030_fb030,120246640738730489,ad07-bbe-ppt-mai26--sal-grosso-sozinho-não-salva,120246640809540489,2026-08-22,1.42,2,,3.50877193,24.9122807,0.71,57,,,,,2026-08-22,2026-08-22
bbe-a1-jul-26--venda--perpetuo--hot_cbo_videos,120246641531020489,00_automatico_ig030_fb030,120246641531090489,"ADS 1 - WORKSHOP CHURRASCO",120246641577180489,2026-08-22,0.15,,,,50,,3,,,,,2026-08-22,2026-08-22
bbe-a1-jul-26--venda--perpetuo--hot_cbo_estaticos,120246640738580489,01_automatico_ig180_fb180,120246640738570489,ad06-bbe-ppt-mai26--agora-é-sua-vez,120246640809130489,2026-08-21,38.04,6,1,0.40983607,25.98360656,6.34,1464,,,,,2026-08-21,2026-08-21
bbe-a1-jul-26--venda--perpetuo--hot_cbo_videos,120246641531020489,00_automatico_ig030_fb030,120246641531090489,"ADS 6 - WORKSHOP CHURRASCO",120246641577230489,2026-08-21,16.33,8,,2.16216216,44.13513514,2.04125,370,121,59,65,42,2026-08-21,2026-08-21
bbe-a1-jul-26--venda--perpetuo--hot_cbo_vencedores,120246796479480489,01_automatico_seguidores_ig_fb,120246796490920489,"ADS 3 V4 - WORKSHOP CHURRASCO",120246796503320489,2026-08-21,5.45,3,,2.4,43.6,1.81666667,125,25,5,13,4,2026-08-21,2026-08-21
bbe-a1-jul-26--venda--perpetuo--hot_cbo_vencedores-lpd,120247080021040489,01_automatico_ig180_fb180,120247080021330489,ad07-bbe-ppt-mai26--sal-grosso-sozinho-não-salva,120247080021470489,2026-08-21,1.27,,,,33.42105263,,38,,,,,2026-08-21,2026-08-21
bbe-a1-jul-26--venda--perpetuo--hot_cbo_vencedores-lpd,120247080021040489,01_automatico_ig180_fb180,120247080021330489,"ADS 3 V5 - WORKSHOP CHURRASCO",120247080021420489,2026-08-21,69.89,38,1,1.95977308,36.04435276,1.83921053,1939,452,108,238,69,2026-08-21,2026-08-21
bbe-a1-jul-26--venda--perpetuo--hot_cbo_videos,120246641531020489,01_automatico_ig180_fb180,120246641531130489,"ADS 1 - WORKSHOP CHURRASCO",120246641577410489,2026-08-21,1.55,,,,77.5,,20,2,,2,,2026-08-21,2026-08-21
bbe-a1-jul-26--venda--perpetuo--hot_cbo_videos,120246641531020489,00_automatico_ig030_fb030,120246641531090489,"ADS 4 V2 - WORKSHOP CHURRASCO",120246641577320489,2026-08-21,4,,,,37.73584906,,106,20,2,14,2,2026-08-21,2026-08-21
bbe-a1-jul-26--venda--perpetuo--hot_cbo_estaticos,120246640738580489,00_automatico_ig030_fb030,120246640738730489,ad04-bbe-ppt-mai26--o-netão-te-ensina-corrigido,120247024497110489,2026-08-21,113.9,54,,0.81929904,17.28114095,2.10925926,6591,,,,,2026-08-21,2026-08-21
bbe-a1-jul-26--venda--perpetuo--hot_cbo_videos,120246641531020489,01_automatico_seguidores_ig_fb,120246641530990489,"ADS 8 V1 - WORKSHOP CHURRASCO",120246641577150489,2026-08-21,0.03,,,,30,,1,,,,,2026-08-21,2026-08-21
bbe-a1-jul-26--venda--perpetuo--hot_cbo_videos,120246641531020489,01_automatico_ig180_fb180,120246641531130489,"ADS 5 V1 REEDITADO - WORKSHOP CHURRASCO",120247230558390489,2026-08-21,0.03,,,,15,,2,1,1,1,,2026-08-21,2026-08-21
bbe-a1-jul-26--venda--perpetuo--hot_cbo_videos,120246641531020489,00_automatico_ig030_fb030,120246641531090489,"ADS 5 V1 REEDITADO - WORKSHOP CHURRASCO",120247230698190489,2026-08-21,0.01,,,,10,,1,1,,1,,2026-08-21,2026-08-21
bbe-a1-jul-26--venda--perpetuo--hot_cbo_vencedores,120246796479480489,01_automatico_seguidores_ig_fb,120246796490920489,"ADS 3 V1 - WORKSHOP CHURRASCO",120246796503290489,2026-08-21,0.66,,,,27.5,,24,4,1,2,1,2026-08-21,2026-08-21
bbe-a1-jul-26--venda--perpetuo--hot_cbo_videos,120246641531020489,00_automatico_ig030_fb030,120246641531090489,"ADS 5 V3 REEDITADO - WORKSHOP CHURRASCO",120247230698200489,2026-08-21,0.71,,,,47.33333333,,15,2,,,,2026-08-21,2026-08-21
bbe-a1-jul-26--venda--perpetuo--hot_cbo_vencedores-lpd,120247080021040489,01_automatico_seguidores_ig_fb,120247080021340489,ad07-bbe-ppt-mai26--sal-grosso-sozinho-não-salva,120247080021180489,2026-08-21,1.18,1,,1.49253731,17.6119403,1.18,67,,,,,2026-08-21,2026-08-21
bbe-a1-jul-26--venda--perpetuo--hot_cbo_vencedores,120246796479480489,01_automatico_seguidores_ig_fb,120246796490920489,"ADS 4 V2 - WORKSHOP CHURRASCO",120246796503260489,2026-08-21,34.6,15,,1.36239782,31.42597639,2.30666667,1101,168,27,103,31,2026-08-21,2026-08-21
bbe-a1-jul-26--venda--perpetuo--hot_cbo_estaticos,120246640738580489,00_automatico_ig030_fb030,120246640738730489,ad05-bbe-ppt-mai26--estraga-no-preparo,120246640809550489,2026-08-21,3.24,,,,21.17647059,,153,,,,,2026-08-21,2026-08-21
bbe-a1-jul-26--venda--perpetuo--hot_cbo_videos,120246641531020489,01_automatico_seguidores_ig_fb,120246641530990489,"ADS 5 V2 REEDITADO - WORKSHOP CHURRASCO",120247230698170489,2026-08-21,0.06,,,,30,,2,1,1,1,,2026-08-21,2026-08-21
bbe-a1-jul-26--venda--perpetuo--hot_cbo_estaticos,120246640738580489,01_automatico_ig180_fb180,120246640738570489,ad04-bbe-ppt-mai26--o-netão-te-ensina-corrigido,120247024497090489,2026-08-21,11.32,7,,1.52173913,24.60869565,1.61714286,460,,,,,2026-08-21,2026-08-21
bbe-a1-jul-26--venda--perpetuo--hot_cbo_estaticos,120246640738580489,00_automatico_ig030_fb030,120246640738730489,ad07-bbe-ppt-mai26--sal-grosso-sozinho-não-salva,120246640809540489,2026-08-21,0.54,1,,2.7027027,14.59459459,0.54,37,,,,,2026-08-21,2026-08-21
bbe-a1-jul-26--venda--perpetuo--hot_cbo_vencedores,120246796479480489,01_automatico_seguidores_ig_fb,120246796490920489,ad04-bbe-ppt-mai26--o-netão-te-ensina-corrigido,120247024497160489,2026-08-21,24.93,10,,1.12866817,28.13769752,2.493,886,,,,,2026-08-21,2026-08-21
bbe-a1-jul-26--venda--perpetuo--hot_cbo_videos,120246641531020489,01_automatico_seguidores_ig_fb,120246641530990489,"ADS 2 - WORKSHOP CHURRASCO",120246641577090489,2026-08-21,0.23,,,,14.375,,16,1,,2,,2026-08-21,2026-08-21
bbe-a1-jul-26--venda--perpetuo--hot_cbo_videos,120246641531020489,01_automatico_seguidores_ig_fb,120246641530990489,"ADS 6 - WORKSHOP CHURRASCO",120246641577040489,2026-08-21,13.43,2,,0.57471264,38.59195402,6.715,348,110,39,42,33,2026-08-21,2026-08-21
bbe-a1-jul-26--venda--perpetuo--hot_cbo_videos,120246641531020489,01_automatico_seguidores_ig_fb,120246641530990489,"ADS 1 - WORKSHOP CHURRASCO",120246641576970489,2026-08-21,0.24,,,,15,,16,2,2,2,1,2026-08-21,2026-08-21
bbe-a1-jul-26--venda--perpetuo--hot_cbo_videos,120246641531020489,01_automatico_ig180_fb180,120246641531130489,"ADS 6 - WORKSHOP CHURRASCO",120246641577450489,2026-08-21,20.03,9,,2.21674877,49.33497537,2.22555556,406,134,68,70,42,2026-08-21,2026-08-21
bbe-a1-jul-26--venda--perpetuo--hot_cbo_videos,120246641531020489,01_automatico_seguidores_ig_fb,120246641530990489,"ADS 3 V5 - WORKSHOP CHURRASCO",120246641577050489,2026-08-21,0.14,,,,140,,1,1,,1,,2026-08-21,2026-08-21
bbe-a1-jul-26--venda--perpetuo--hot_cbo_vencedores,120246796479480489,01_automatico_seguidores_ig_fb,120246796490920489,"ADS 3 V5 - WORKSHOP CHURRASCO",120246796503310489,2026-08-21,2.53,,,,105.41666667,,24,8,3,4,1,2026-08-21,2026-08-21
bbe-a1-jul-26--venda--perpetuo--hot_cbo_videos,120246641531020489,00_automatico_ig030_fb030,120246641531090489,"ADS 1 - WORKSHOP CHURRASCO",120246641577180489,2026-08-21,0.07,,,,70,,1,,,,,2026-08-21,2026-08-21
bbe-a1-jul-26--venda--perpetuo--hot_cbo_videos,120246641531020489,01_automatico_ig180_fb180,120246641531130489,"ADS 5 V2 REEDITADO - WORKSHOP CHURRASCO",120247230665620489,2026-08-21,0.23,,,,25.55555556,,9,2,,1,,2026-08-21,2026-08-21
bbe-a1-jul-26--venda--perpetuo--hot_cbo_videos,120246641531020489,01_automatico_ig180_fb180,120246641531130489,"ADS 4 V2 - WORKSHOP CHURRASCO",120246641577380489,2026-08-21,0,,,,0,,1,,,,,2026-08-21,2026-08-21
bbe-a1-jul-26--venda--perpetuo--hot_cbo_videos,120246641531020489,01_automatico_ig180_fb180,120246641531130489,"ADS 3 V1 - WORKSHOP CHURRASCO",120246641577490489,2026-08-21,0.72,,,,120,,6,2,1,1,1,2026-08-21,2026-08-21
bbe-a1-jul-26--venda--perpetuo--hot_cbo_videos,120246641531020489,00_automatico_ig030_fb030,120246641531090489,"ADS 3 V1 - WORKSHOP CHURRASCO",120246641577250489,2026-08-21,0.07,,,,11.66666667,,6,2,,,,2026-08-21,2026-08-21
bbe-a1-jul-26--venda--perpetuo--hot_cbo_videos,120246641531020489,00_automatico_ig030_fb030,120246641531090489,"ADS 8 V1 - WORKSHOP CHURRASCO",120246641577340489,2026-08-21,0.05,,,,25,,2,1,1,1,,2026-08-21,2026-08-21
bbe-a1-jul-26--venda--perpetuo--hot_cbo_videos,120246641531020489,01_automatico_ig180_fb180,120246641531130489,"ADS 5 V3 REEDITADO - WORKSHOP CHURRASCO",120247230678220489,2026-08-21,0.15,,,,50,,3,,,,,2026-08-21,2026-08-21
bbe-a1-jul-26--venda--perpetuo--hot_cbo_videos,120246641531020489,01_automatico_seguidores_ig_fb,120246641530990489,"ADS 3 V1 - WORKSHOP CHURRASCO",120246641577140489,2026-08-21,0.01,,,,10,,1,,,,,2026-08-21,2026-08-21
bbe-a1-jul-26--venda--perpetuo--hot_cbo_vencedores-lpd,120247080021040489,01_automatico_seguidores_ig_fb,120247080021340489,ad04-bbe-ppt-mai26--o-netão-te-ensina-corrigido,120247080021660489,2026-08-21,100.25,56,,0.95432856,17.08418541,1.79017857,5868,,,,,2026-08-21,2026-08-21
bbe-a1-jul-26--venda--perpetuo--hot_cbo_vencedores,120246796479480489,01_automatico_seguidores_ig_fb,120246796490920489,"ADS 4 V2 - WORKSHOP CHURRASCO",120246796503260489,2026-08-20,39.07,13,1,1.1627907,34.94633274,3.00538462,1118,186,33,112,40,2026-08-20,2026-08-20
bbe-a1-jul-26--venda--perpetuo--hot_cbo_vencedores,120246796479480489,01_automatico_seguidores_ig_fb,120246796490920489,"ADS 3 V4 - WORKSHOP CHURRASCO",120246796503320489,2026-08-20,7.47,4,,2.5974026,48.50649351,1.8675,154,28,3,10,2,2026-08-20,2026-08-20
bbe-a1-jul-26--venda--perpetuo--hot_cbo_vencedores-lpd,120247080021040489,01_automatico_ig180_fb180,120247080021330489,ad07-bbe-ppt-mai26--sal-grosso-sozinho-não-salva,120247080021470489,2026-08-20,0.18,,,,45,,4,,,,,2026-08-20,2026-08-20
bbe-a1-jul-26--venda--perpetuo--hot_cbo_vencedores-lpd,120247080021040489,01_automatico_ig180_fb180,120247080021330489,"ADS 3 V5 - WORKSHOP CHURRASCO",120247080021420489,2026-08-20,68.53,18,,0.94191523,35.86080586,3.80722222,1911,430,97,183,57,2026-08-20,2026-08-20
bbe-a1-jul-26--venda--perpetuo--hot_cbo_videos,120246641531020489,01_automatico_ig180_fb180,120246641531130489,"ADS 1 - WORKSHOP CHURRASCO",120246641577410489,2026-08-20,3.02,1,,2.12765957,64.25531915,3.02,47,17,12,12,4,2026-08-20,2026-08-20
bbe-a1-jul-26--venda--perpetuo--hot_cbo_videos,120246641531020489,00_automatico_ig030_fb030,120246641531090489,"ADS 4 V2 - WORKSHOP CHURRASCO",120246641577320489,2026-08-20,3.85,1,,0.66666667,25.66666667,3.85,150,21,3,11,3,2026-08-20,2026-08-20
bbe-a1-jul-26--venda--perpetuo--hot_cbo_videos,120246641531020489,00_automatico_ig030_fb030,120246641531090489,"ADS 5 V2 REEDITADO - WORKSHOP CHURRASCO",120247230698180489,2026-08-20,0.15,,,,21.42857143,,7,1,1,1,,2026-08-20,2026-08-20
bbe-a1-jul-26--venda--perpetuo--hot_cbo_vencedores,120246796479480489,01_automatico_seguidores_ig_fb,120246796490920489,"ADS 8 V1 - WORKSHOP CHURRASCO",120246796503300489,2026-08-20,0.91,,,,56.875,,16,5,2,2,2,2026-08-20,2026-08-20
bbe-a1-jul-26--venda--perpetuo--hot_cbo_vencedores,120246796479480489,01_automatico_seguidores_ig_fb,120246796490920489,"ADS 3 V1 - WORKSHOP CHURRASCO",120246796503290489,2026-08-20,2.74,,,,53.7254902,,51,9,2,5,2,2026-08-20,2026-08-20
bbe-a1-jul-26--venda--perpetuo--hot_cbo_estaticos,120246640738580489,00_automatico_ig030_fb030,120246640738730489,ad04-bbe-ppt-mai26--o-netão-te-ensina-corrigido,120247024497110489,2026-08-20,1.68,3,,5.17241379,28.96551724,0.56,58,,,,,2026-08-20,2026-08-20
bbe-a1-jul-26--venda--perpetuo--hot_cbo_videos,120246641531020489,00_automatico_ig030_fb030,120246641531090489,"ADS 5 V3 REEDITADO - WORKSHOP CHURRASCO",120247230698200489,2026-08-20,3.06,1,,11.11111111,340,3.06,9,4,1,1,1,2026-08-20,2026-08-20
bbe-a1-jul-26--venda--perpetuo--hot_cbo_vencedores-lpd,120247080021040489,01_automatico_seguidores_ig_fb,120247080021340489,ad07-bbe-ppt-mai26--sal-grosso-sozinho-não-salva,120247080021180489,2026-08-20,4.45,1,,0.96153846,42.78846154,4.45,104,,,,,2026-08-20,2026-08-20
bbe-a1-jul-26--venda--perpetuo--hot_cbo_estaticos,120246640738580489,00_automatico_ig030_fb030,120246640738730489,ad05-bbe-ppt-mai26--estraga-no-preparo,120246640809550489,2026-08-20,1.8,1,,0.96153846,17.30769231,1.8,104,,,,,2026-08-20,2026-08-20
bbe-a1-jul-26--venda--perpetuo--hot_cbo_videos,120246641531020489,00_automatico_ig030_fb030,120246641531090489,"ADS 6 - WORKSHOP CHURRASCO",120246641577230489,2026-08-20,15.49,4,,1.5625,60.5078125,3.8725,256,78,41,41,27,2026-08-20,2026-08-20
bbe-a1-jul-26--venda--perpetuo--hot_cbo_videos,120246641531020489,00_automatico_ig030_fb030,120246641531090489,"ADS 5 V1 REEDITADO - WORKSHOP CHURRASCO",120247230698190489,2026-08-20,0.08,,,,20,,4,2,,,,2026-08-20,2026-08-20
bbe-a1-jul-26--venda--perpetuo--hot_cbo_estaticos,120246640738580489,00_automatico_ig030_fb030,120246640738730489,ad07-bbe-ppt-mai26--sal-grosso-sozinho-não-salva,120246640809540489,2026-08-20,0.04,,,,5.71428571,,7,,,,,2026-08-20,2026-08-20
bbe-a1-jul-26--venda--perpetuo--hot_cbo_videos,120246641531020489,00_automatico_ig030_fb030,120246641531090489,"ADS 1 - WORKSHOP CHURRASCO",120246641577180489,2026-08-20,0,,,,0,,1,,,,,2026-08-20,2026-08-20
bbe-a1-jul-26--venda--perpetuo--hot_cbo_videos,120246641531020489,01_automatico_seguidores_ig_fb,120246641530990489,"ADS 1 - WORKSHOP CHURRASCO",120246641576970489,2026-08-20,2.22,1,1,2.27272727,50.45454545,2.22,44,4,3,3,2,2026-08-20,2026-08-20
bbe-a1-jul-26--venda--perpetuo--hot_cbo_videos,120246641531020489,01_automatico_seguidores_ig_fb,120246641530990489,"ADS 5 V1 REEDITADO - WORKSHOP CHURRASCO",120247230698150489,2026-08-20,0.1,,,,16.66666667,,6,2,1,1,,2026-08-20,2026-08-20
bbe-a1-jul-26--venda--perpetuo--hot_cbo_videos,120246641531020489,01_automatico_seguidores_ig_fb,120246641530990489,"ADS 6 - WORKSHOP CHURRASCO",120246641577040489,2026-08-20,22.57,14,,2.54083485,40.96188748,1.61214286,551,176,83,88,57,2026-08-20,2026-08-20
bbe-a1-jul-26--venda--perpetuo--hot_cbo_videos,120246641531020489,01_automatico_ig180_fb180,120246641531130489,"ADS 6 - WORKSHOP CHURRASCO",120246641577450489,2026-08-20,19.64,11,,2.82051282,50.35897436,1.78545455,390,131,76,76,49,2026-08-20,2026-08-20
bbe-a1-jul-26--venda--perpetuo--hot_cbo_vencedores,120246796479480489,01_automatico_seguidores_ig_fb,120246796490920489,"ADS 3 V5 - WORKSHOP CHURRASCO",120246796503310489,2026-08-20,3.17,1,,1.72413793,54.65517241,3.17,58,9,3,4,1,2026-08-20,2026-08-20
bbe-a1-jul-26--venda--perpetuo--hot_cbo_videos,120246641531020489,00_automatico_ig030_fb030,120246641531090489,"ADS 3 V4 - WORKSHOP CHURRASCO",120246641577310489,2026-08-20,0.23,1,,33.33333333,76.66666667,0.23,3,1,1,1,1,2026-08-20,2026-08-20
bbe-a1-jul-26--venda--perpetuo--hot_cbo_vencedores,120246796479480489,01_automatico_seguidores_ig_fb,120246796490920489,ad04-bbe-ppt-mai26--o-netão-te-ensina-corrigido,120247024497160489,2026-08-20,16.06,8,,1.48975791,29.90689013,2.0075,537,,,,,2026-08-20,2026-08-20
bbe-a1-jul-26--venda--perpetuo--hot_cbo_vencedores-lpd,120247080021040489,01_automatico_seguidores_ig_fb,120247080021340489,ad04-bbe-ppt-mai26--o-netão-te-ensina-corrigido,120247080021660489,2026-08-20,86.36,46,,0.9647651,18.11241611,1.8773913,4768,,,,,2026-08-20,2026-08-20
bbe-a1-jul-26--venda--perpetuo--hot_cbo_videos,120246641531020489,01_automatico_ig180_fb180,120246641531130489,"ADS 3 V1 - WORKSHOP CHURRASCO",120246641577490489,2026-08-20,0.41,,,,34.16666667,,12,4,1,3,,2026-08-20,2026-08-20
bbe-a1-jul-26--venda--perpetuo--hot_cbo_videos,120246641531020489,00_automatico_ig030_fb030,120246641531090489,"ADS 3 V1 - WORKSHOP CHURRASCO",120246641577250489,2026-08-20,0.02,,,,20,,1,,,,,2026-08-20,2026-08-20
bbe-a1-jul-26--venda--perpetuo--hot_cbo_estaticos,120246640738580489,01_automatico_ig180_fb180,120246640738570489,ad04-bbe-ppt-mai26--o-netão-te-ensina-corrigido,120247024497090489,2026-08-20,3.11,2,,0.96618357,15.02415459,1.555,207,,,,,2026-08-20,2026-08-20
bbe-a1-jul-26--venda--perpetuo--hot_cbo_videos,120246641531020489,01_automatico_ig180_fb180,120246641531130489,"ADS 4 V2 - WORKSHOP CHURRASCO",120246641577380489,2026-08-20,0.04,,,,40,,1,,,,,2026-08-20,2026-08-20
bbe-a1-jul-26--venda--perpetuo--hot_cbo_vencedores,120246796479480489,01_automatico_seguidores_ig_fb,120246796490920489,"ADS 8 V1 - WORKSHOP CHURRASCO",120246796503300489,2026-08-19,0.03,,,,30,,1,,,,,2026-08-19,2026-08-19
bbe-a1-jul-26--venda--perpetuo--hot_cbo_videos,120246641531020489,01_automatico_ig180_fb180,120246641531130489,"ADS 1 - WORKSHOP CHURRASCO",120246641577410489,2026-08-19,3.28,,,,38.13953488,,86,20,7,12,3,2026-08-19,2026-08-19
bbe-a1-jul-26--venda--perpetuo--hot_cbo_videos,120246641531020489,00_automatico_ig030_fb030,120246641531090489,"ADS 4 V2 - WORKSHOP CHURRASCO",120246641577320489,2026-08-19,8.86,6,1,2.1978022,32.45421245,1.47666667,273,45,12,34,14,2026-08-19,2026-08-19
bbe-a1-jul-26--venda--perpetuo--hot_cbo_videos,120246641531020489,00_automatico_ig030_fb030,120246641531090489,"ADS 2 - WORKSHOP CHURRASCO",120246641577330489,2026-08-19,0.14,,,,46.66666667,,3,,,,,2026-08-19,2026-08-19
bbe-a1-jul-26--venda--perpetuo--hot_cbo_videos,120246641531020489,01_automatico_ig180_fb180,120246641531130489,"ADS 5 V1 REEDITADO - WORKSHOP CHURRASCO",120247230558390489,2026-08-19,0.06,,,,10,,6,1,,,1,2026-08-19,2026-08-19
bbe-a1-jul-26--venda--perpetuo--hot_cbo_videos,120246641531020489,00_automatico_ig030_fb030,120246641531090489,"ADS 5 V2 REEDITADO - WORKSHOP CHURRASCO",120247230698180489,2026-08-19,0.14,,,,35,,4,2,,,,2026-08-19,2026-08-19
bbe-a1-jul-26--venda--perpetuo--hot_cbo_vencedores,120246796479480489,01_automatico_seguidores_ig_fb,120246796490920489,"ADS 3 V1 - WORKSHOP CHURRASCO",120246796503290489,2026-08-19,3.78,1,,0.94339623,35.66037736,3.78,106,16,4,10,2,2026-08-19,2026-08-19
bbe-a1-jul-26--venda--perpetuo--hot_cbo_videos,120246641531020489,00_automatico_ig030_fb030,120246641531090489,"ADS 3 V5 - WORKSHOP CHURRASCO",120246641577240489,2026-08-19,0.02,,,,20,,1,,,,,2026-08-19,2026-08-19
bbe-a1-jul-26--venda--perpetuo--hot_cbo_vencedores-lpd,120247080021040489,01_automatico_seguidores_ig_fb,120247080021340489,ad07-bbe-ppt-mai26--sal-grosso-sozinho-não-salva,120247080021180489,2026-08-19,8.38,3,,1.01351351,28.31081081,2.79333333,296,,,,,2026-08-19,2026-08-19
bbe-a1-jul-26--venda--perpetuo--hot_cbo_vencedores,120246796479480489,01_automatico_seguidores_ig_fb,120246796490920489,"ADS 4 V2 - WORKSHOP CHURRASCO",120246796503260489,2026-08-19,55.83,19,1,1.0122536,29.74427278,2.93842105,1877,302,55,209,67,2026-08-19,2026-08-19
bbe-a1-jul-26--venda--perpetuo--hot_cbo_vencedores-lpd,120247080021040489,01_automatico_ig180_fb180,120247080021330489,ad07-bbe-ppt-mai26--sal-grosso-sozinho-não-salva,120247080021470489,2026-08-19,0.78,,,,21.08108108,,37,,,,,2026-08-19,2026-08-19
bbe-a1-jul-26--venda--perpetuo--hot_cbo_vencedores-lpd,120247080021040489,01_automatico_ig180_fb180,120247080021330489,"ADS 3 V5 - WORKSHOP CHURRASCO",120247080021420489,2026-08-19,72.37,38,,1.7649791,33.61356247,1.90447368,2153,493,120,228,67,2026-08-19,2026-08-19
bbe-a1-jul-26--venda--perpetuo--hot_cbo_vencedores,120246796479480489,01_automatico_seguidores_ig_fb,120246796490920489,"ADS 3 V4 - WORKSHOP CHURRASCO",120246796503320489,2026-08-19,6.08,1,,0.68493151,41.64383562,6.08,146,33,8,16,6,2026-08-19,2026-08-19
bbe-a1-jul-26--venda--perpetuo--hot_cbo_videos,120246641531020489,01_automatico_seguidores_ig_fb,120246641530990489,"ADS 3 V5 - WORKSHOP CHURRASCO",120246641577050489,2026-08-19,0.04,,,,13.33333333,,3,,,,,2026-08-19,2026-08-19
bbe-a1-jul-26--venda--perpetuo--hot_cbo_videos,120246641531020489,01_automatico_seguidores_ig_fb,120246641530990489,"ADS 1 - WORKSHOP CHURRASCO",120246641576970489,2026-08-19,0.63,1,,4,25.2,0.63,25,7,2,3,1,2026-08-19,2026-08-19
bbe-a1-jul-26--venda--perpetuo--hot_cbo_videos,120246641531020489,01_automatico_seguidores_ig_fb,120246641530990489,"ADS 3 V1 - WORKSHOP CHURRASCO",120246641577140489,2026-08-19,0.11,,,,36.66666667,,3,2,,,,2026-08-19,2026-08-19
bbe-a1-jul-26--venda--perpetuo--hot_cbo_videos,120246641531020489,00_automatico_ig030_fb030,120246641531090489,"ADS 8 V1 - WORKSHOP CHURRASCO",120246641577340489,2026-08-19,0.03,,,,15,,2,,,,,2026-08-19,2026-08-19
bbe-a1-jul-26--venda--perpetuo--hot_cbo_vencedores-lpd,120247080021040489,01_automatico_seguidores_ig_fb,120247080021340489,ad04-bbe-ppt-mai26--o-netão-te-ensina-corrigido,120247080021660489,2026-08-19,86.46,53,1,1.04187144,16.99626499,1.63132075,5087,,,,,2026-08-19,2026-08-19
bbe-a1-jul-26--venda--perpetuo--hot_cbo_vencedores,120246796479480489,01_automatico_seguidores_ig_fb,120246796490920489,ad04-bbe-ppt-mai26--o-netão-te-ensina-corrigido,120247024497160489,2026-08-19,10.21,4,,0.92592593,23.63425926,2.5525,432,,,,,2026-08-19,2026-08-19
bbe-a1-jul-26--venda--perpetuo--hot_cbo_videos,120246641531020489,00_automatico_ig030_fb030,120246641531090489,"ADS 1 - WORKSHOP CHURRASCO",120246641577180489,2026-08-19,0.41,,,,41,,10,1,,,,2026-08-19,2026-08-19
bbe-a1-jul-26--venda--perpetuo--hot_cbo_vencedores,120246796479480489,01_automatico_seguidores_ig_fb,120246796490920489,"ADS 3 V5 - WORKSHOP CHURRASCO",120246796503310489,2026-08-19,1.89,1,,1.69491525,32.03389831,1.89,59,10,1,4,,2026-08-19,2026-08-19
bbe-a1-jul-26--venda--perpetuo--hot_cbo_videos,120246641531020489,01_automatico_ig180_fb180,120246641531130489,"ADS 6 - WORKSHOP CHURRASCO",120246641577450489,2026-08-19,19,13,1,2.86343612,41.85022026,1.46153846,454,169,81,86,57,2026-08-19,2026-08-19
bbe-a1-jul-26--venda--perpetuo--hot_cbo_videos,120246641531020489,01_automatico_seguidores_ig_fb,120246641530990489,"ADS 6 - WORKSHOP CHURRASCO",120246641577040489,2026-08-19,28.82,8,,1.29449838,46.63430421,3.6025,618,199,88,93,63,2026-08-19,2026-08-19
bbe-a1-jul-26--venda--perpetuo--hot_cbo_vencedores,120246796479480489,01_automatico_seguidores_ig_fb,120246796490920489,ad07-bbe-ppt-mai26--sal-grosso-sozinho-não-salva,120246796503280489,2026-08-19,0.17,,,,28.33333333,,6,,,,,2026-08-19,2026-08-19
bbe-a1-jul-26--venda--perpetuo--hot_cbo_videos,120246641531020489,00_automatico_ig030_fb030,120246641531090489,"ADS 6 - WORKSHOP CHURRASCO",120246641577230489,2026-08-19,14.06,7,,3.27102804,65.70093458,2.00857143,214,69,37,40,25,2026-08-19,2026-08-19
bbe-a1-jul-26--venda--perpetuo--hot_cbo_vencedores-lpd,120247080021040489,01_automatico_ig180_fb180,120247080021330489,"ADS 3 V5 - WORKSHOP CHURRASCO",120247080021420489,2026-08-18,70.82,41,,2.09504343,36.18804292,1.72731707,1957,484,113,229,70,2026-08-18,2026-08-18
bbe-a1-jul-26--venda--perpetuo--hot_cbo_videos,120246641531020489,01_automatico_ig180_fb180,120246641531130489,"ADS 1 - WORKSHOP CHURRASCO",120246641577410489,2026-08-18,6.16,1,,1.28205128,78.97435897,6.16,78,24,7,13,1,2026-08-18,2026-08-18
bbe-a1-jul-26--venda--perpetuo--hot_cbo_videos,120246641531020489,01_automatico_seguidores_ig_fb,120246641530990489,"ADS 5 V2 REEDITADO - WORKSHOP CHURRASCO",120247230698170489,2026-08-18,0.03,,,,15,,2,,,,,2026-08-18,2026-08-18
bbe-a1-jul-26--venda--perpetuo--hot_cbo_vencedores-lpd,120247080021040489,01_automatico_ig180_fb180,120247080021330489,ad07-bbe-ppt-mai26--sal-grosso-sozinho-não-salva,120247080021470489,2026-08-18,2.85,2,,2.40963855,34.3373494,1.425,83,,,,,2026-08-18,2026-08-18
bbe-a1-jul-26--venda--perpetuo--hot_cbo_vencedores,120246796479480489,01_automatico_seguidores_ig_fb,120246796490920489,"ADS 3 V4 - WORKSHOP CHURRASCO",120246796503320489,2026-08-18,6.42,4,,2.18579235,35.08196721,1.605,183,33,11,15,5,2026-08-18,2026-08-18
bbe-a1-jul-26--venda--perpetuo--hot_cbo_videos,120246641531020489,01_automatico_seguidores_ig_fb,120246641530990489,"ADS 8 V1 - WORKSHOP CHURRASCO",120246641577150489,2026-08-18,0.01,,,,10,,1,,,,,2026-08-18,2026-08-18
bbe-a1-jul-26--venda--perpetuo--hot_cbo_videos,120246641531020489,00_automatico_ig030_fb030,120246641531090489,"ADS 4 V2 - WORKSHOP CHURRASCO",120246641577320489,2026-08-18,8.88,10,,3.5335689,31.37809187,0.888,283,48,14,31,15,2026-08-18,2026-08-18
bbe-a1-jul-26--venda--perpetuo--hot_cbo_vencedores-lpd,120247080021040489,01_automatico_seguidores_ig_fb,120247080021340489,ad07-bbe-ppt-mai26--sal-grosso-sozinho-não-salva,120247080021180489,2026-08-18,9,5,,1.28865979,23.19587629,1.8,388,,,,,2026-08-18,2026-08-18
bbe-a1-jul-26--venda--perpetuo--hot_cbo_videos,120246641531020489,01_automatico_ig180_fb180,120246641531130489,"ADS 5 V1 REEDITADO - WORKSHOP CHURRASCO",120247230558390489,2026-08-18,0.67,,,,67,,10,2,1,1,1,2026-08-18,2026-08-18
bbe-a1-jul-26--venda--perpetuo--hot_cbo_videos,120246641531020489,00_automatico_ig030_fb030,120246641531090489,"ADS 5 V1 REEDITADO - WORKSHOP CHURRASCO",120247230698190489,2026-08-18,0.04,,,,13.33333333,,3,1,1,1,,2026-08-18,2026-08-18
bbe-a1-jul-26--venda--perpetuo--hot_cbo_vencedores,120246796479480489,01_automatico_seguidores_ig_fb,120246796490920489,"ADS 3 V1 - WORKSHOP CHURRASCO",120246796503290489,2026-08-18,3.95,,,,26.8707483,,147,37,6,15,4,2026-08-18,2026-08-18
bbe-a1-jul-26--venda--perpetuo--hot_cbo_videos,120246641531020489,00_automatico_ig030_fb030,120246641531090489,"ADS 3 V5 - WORKSHOP CHURRASCO",120246641577240489,2026-08-18,0.07,1,,20,14,0.07,5,3,,,,2026-08-18,2026-08-18
bbe-a1-jul-26--venda--perpetuo--hot_cbo_vencedores,120246796479480489,01_automatico_seguidores_ig_fb,120246796490920489,"ADS 4 V2 - WORKSHOP CHURRASCO",120246796503260489,2026-08-18,65.01,22,,1.17836101,34.82056776,2.955,1867,281,66,177,71,2026-08-18,2026-08-18
bbe-a1-jul-26--venda--perpetuo--hot_cbo_videos,120246641531020489,00_automatico_ig030_fb030,120246641531090489,"ADS 5 V2 REEDITADO - WORKSHOP CHURRASCO",120247230698180489,2026-08-18,0.56,,,,56,,10,5,,1,,2026-08-18,2026-08-18
bbe-a1-jul-26--venda--perpetuo--hot_cbo_videos,120246641531020489,00_automatico_ig030_fb030,120246641531090489,"ADS 6 - WORKSHOP CHURRASCO",120246641577230489,2026-08-18,12.41,5,,1.42857143,35.45714286,2.482,350,118,45,49,36,2026-08-18,2026-08-18
bbe-a1-jul-26--venda--perpetuo--hot_cbo_videos,120246641531020489,01_automatico_seguidores_ig_fb,120246641530990489,"ADS 6 - WORKSHOP CHURRASCO",120246641577040489,2026-08-18,26.05,9,,1.31771596,38.14055637,2.89444444,683,250,121,127,86,2026-08-18,2026-08-18
bbe-a1-jul-26--venda--perpetuo--hot_cbo_videos,120246641531020489,01_automatico_seguidores_ig_fb,120246641530990489,"ADS 1 - WORKSHOP CHURRASCO",120246641576970489,2026-08-18,0.92,,,,27.87878788,,33,10,5,7,2,2026-08-18,2026-08-18
bbe-a1-jul-26--venda--perpetuo--hot_cbo_vencedores,120246796479480489,01_automatico_seguidores_ig_fb,120246796490920489,"ADS 3 V5 - WORKSHOP CHURRASCO",120246796503310489,2026-08-18,2.6,1,,1.1627907,30.23255814,2.6,86,30,1,8,,2026-08-18,2026-08-18
bbe-a1-jul-26--venda--perpetuo--hot_cbo_videos,120246641531020489,01_automatico_seguidores_ig_fb,120246641530990489,"ADS 3 V1 - WORKSHOP CHURRASCO",120246641577140489,2026-08-18,0.17,,,,21.25,,8,3,,2,,2026-08-18,2026-08-18
bbe-a1-jul-26--venda--perpetuo--hot_cbo_videos,120246641531020489,01_automatico_seguidores_ig_fb,120246641530990489,"ADS 2 - WORKSHOP CHURRASCO",120246641577090489,2026-08-18,0.23,,,,32.85714286,,7,1,,,,2026-08-18,2026-08-18
bbe-a1-jul-26--venda--perpetuo--hot_cbo_videos,120246641531020489,01_automatico_ig180_fb180,120246641531130489,"ADS 5 V2 REEDITADO - WORKSHOP CHURRASCO",120247230665620489,2026-08-18,0.04,,,,20,,2,,,,,2026-08-18,2026-08-18
bbe-a1-jul-26--venda--perpetuo--hot_cbo_videos,120246641531020489,01_automatico_ig180_fb180,120246641531130489,"ADS 6 - WORKSHOP CHURRASCO",120246641577450489,2026-08-18,17.86,10,,2.10526316,37.6,1.786,475,149,73,75,44,2026-08-18,2026-08-18
bbe-a1-jul-26--venda--perpetuo--hot_cbo_videos,120246641531020489,01_automatico_seguidores_ig_fb,120246641530990489,"ADS 3 V5 - WORKSHOP CHURRASCO",120246641577050489,2026-08-18,0.15,,,,50,,3,1,,,,2026-08-18,2026-08-18
bbe-a1-jul-26--venda--perpetuo--hot_cbo_videos,120246641531020489,00_automatico_ig030_fb030,120246641531090489,"ADS 3 V4 - WORKSHOP CHURRASCO",120246641577310489,2026-08-18,0.52,,,,47.27272727,,11,3,1,2,1,2026-08-18,2026-08-18
bbe-a1-jul-26--venda--perpetuo--hot_cbo_videos,120246641531020489,00_automatico_ig030_fb030,120246641531090489,"ADS 1 - WORKSHOP CHURRASCO",120246641577180489,2026-08-18,0.03,,,,30,,1,,,,,2026-08-18,2026-08-18
bbe-a1-jul-26--venda--perpetuo--hot_cbo_videos,120246641531020489,01_automatico_ig180_fb180,120246641531130489,"ADS 4 V2 - WORKSHOP CHURRASCO",120246641577380489,2026-08-18,0.3,,,,100,,3,,,,,2026-08-18,2026-08-18
bbe-a1-jul-26--venda--perpetuo--hot_cbo_vencedores-lpd,120247080021040489,01_automatico_seguidores_ig_fb,120247080021340489,ad04-bbe-ppt-mai26--o-netão-te-ensina-corrigido,120247080021660489,2026-08-18,85.43,48,,1.01180438,18.00801012,1.77979167,4744,,,,,2026-08-18,2026-08-18
bbe-a1-jul-26--venda--perpetuo--hot_cbo_videos,120246641531020489,01_automatico_ig180_fb180,120246641531130489,"ADS 3 V1 - WORKSHOP CHURRASCO",120246641577490489,2026-08-18,0.18,,,,20,,9,1,,,,2026-08-18,2026-08-18
bbe-a1-jul-26--venda--perpetuo--hot_cbo_videos,120246641531020489,00_automatico_ig030_fb030,120246641531090489,"ADS 3 V1 - WORKSHOP CHURRASCO",120246641577250489,2026-08-18,0.03,,,,10,,3,,,,,2026-08-18,2026-08-18
bbe-a1-jul-26--venda--perpetuo--hot_cbo_videos,120246641531020489,00_automatico_ig030_fb030,120246641531090489,"ADS 8 V1 - WORKSHOP CHURRASCO",120246641577340489,2026-08-18,0.92,,,,46,,20,6,1,1,1,2026-08-18,2026-08-18
bbe-a1-jul-26--venda--perpetuo--hot_cbo_vencedores,120246796479480489,01_automatico_seguidores_ig_fb,120246796490920489,ad04-bbe-ppt-mai26--o-netão-te-ensina-corrigido,120247024497160489,2026-08-18,13.15,5,,0.89285714,23.48214286,2.63,560,,,,,2026-08-18,2026-08-18
bbe-a1-jul-26--venda--perpetuo--hot_cbo_videos,120246641531020489,01_automatico_ig180_fb180,120246641531130489,"ADS 5 V1 REEDITADO - WORKSHOP CHURRASCO",120247230558390489,2026-08-17,0.01,,,,10,,1,1,,,,2026-08-17,2026-08-17
bbe-a1-jul-26--venda--perpetuo--hot_cbo_vencedores-lpd,120247080021040489,01_automatico_ig180_fb180,120247080021330489,ad07-bbe-ppt-mai26--sal-grosso-sozinho-não-salva,120247080021470489,2026-08-17,1.94,,,,23.65853659,,82,,,,,2026-08-17,2026-08-17
bbe-a1-jul-26--venda--perpetuo--hot_cbo_vencedores-lpd,120247080021040489,01_automatico_ig180_fb180,120247080021330489,"ADS 3 V5 - WORKSHOP CHURRASCO",120247080021420489,2026-08-17,64.94,26,2,1.46644106,36.62718556,2.49769231,1773,419,95,194,60,2026-08-17,2026-08-17
bbe-a1-jul-26--venda--perpetuo--hot_cbo_videos,120246641531020489,01_automatico_ig180_fb180,120246641531130489,"ADS 1 - WORKSHOP CHURRASCO",120246641577410489,2026-08-17,1.17,1,,2.63157895,30.78947368,1.17,38,8,4,5,1,2026-08-17,2026-08-17
bbe-a1-jul-26--venda--perpetuo--hot_cbo_videos,120246641531020489,00_automatico_ig030_fb030,120246641531090489,"ADS 4 V2 - WORKSHOP CHURRASCO",120246641577320489,2026-08-17,8.05,5,,1.80505415,29.06137184,1.61,277,47,7,33,7,2026-08-17,2026-08-17
bbe-a1-jul-26--venda--perpetuo--hot_cbo_videos,120246641531020489,00_automatico_ig030_fb030,120246641531090489,"ADS 2 - WORKSHOP CHURRASCO",120246641577330489,2026-08-17,0.35,,,,31.81818182,,11,3,,1,,2026-08-17,2026-08-17
bbe-a1-jul-26--venda--perpetuo--hot_cbo_videos,120246641531020489,00_automatico_ig030_fb030,120246641531090489,"ADS 5 V3 REEDITADO - WORKSHOP CHURRASCO",120247230698200489,2026-08-17,0.06,,,,15,,4,,,,,2026-08-17,2026-08-17
bbe-a1-jul-26--venda--perpetuo--hot_cbo_vencedores,120246796479480489,01_automatico_seguidores_ig_fb,120246796490920489,"ADS 8 V1 - WORKSHOP CHURRASCO",120246796503300489,2026-08-17,0.09,,,,30,,3,1,1,1,,2026-08-17,2026-08-17
bbe-a1-jul-26--venda--perpetuo--hot_cbo_vencedores,120246796479480489,01_automatico_seguidores_ig_fb,120246796490920489,"ADS 3 V1 - WORKSHOP CHURRASCO",120246796503290489,2026-08-17,2.28,1,,0.8,18.24,2.28,125,21,4,11,1,2026-08-17,2026-08-17
bbe-a1-jul-26--venda--perpetuo--hot_cbo_videos,120246641531020489,00_automatico_ig030_fb030,120246641531090489,"ADS 5 V2 REEDITADO - WORKSHOP CHURRASCO",120247230698180489,2026-08-17,1.23,,,,42.4137931,,29,9,3,4,2,2026-08-17,2026-08-17
bbe-a1-jul-26--venda--perpetuo--hot_cbo_vencedores-lpd,120247080021040489,01_automatico_seguidores_ig_fb,120247080021340489,ad07-bbe-ppt-mai26--sal-grosso-sozinho-não-salva,120247080021180489,2026-08-17,11.68,2,,0.62305296,36.38629283,5.84,321,,,,,2026-08-17,2026-08-17
bbe-a1-jul-26--venda--perpetuo--hot_cbo_vencedores,120246796479480489,01_automatico_seguidores_ig_fb,120246796490920489,"ADS 4 V2 - WORKSHOP CHURRASCO",120246796503260489,2026-08-17,42.38,28,1,1.90088255,28.77121521,1.51357143,1473,275,54,174,62,2026-08-17,2026-08-17
bbe-a1-jul-26--venda--perpetuo--hot_cbo_videos,120246641531020489,00_automatico_ig030_fb030,120246641531090489,"ADS 6 - WORKSHOP CHURRASCO",120246641577230489,2026-08-17,8.34,7,,4.04624277,48.20809249,1.19142857,173,73,30,31,21,2026-08-17,2026-08-17
bbe-a1-jul-26--venda--perpetuo--hot_cbo_vencedores,120246796479480489,01_automatico_seguidores_ig_fb,120246796490920489,"ADS 3 V4 - WORKSHOP CHURRASCO",120246796503320489,2026-08-17,4.39,2,,2.15053763,47.20430108,2.195,93,22,4,10,5,2026-08-17,2026-08-17
bbe-a1-jul-26--venda--perpetuo--hot_cbo_videos,120246641531020489,01_automatico_ig180_fb180,120246641531130489,"ADS 6 - WORKSHOP CHURRASCO",120246641577450489,2026-08-17,19.79,9,,1.73745174,38.2046332,2.19888889,518,161,68,75,50,2026-08-17,2026-08-17
bbe-a1-jul-26--venda--perpetuo--hot_cbo_videos,120246641531020489,01_automatico_seguidores_ig_fb,120246641530990489,"ADS 1 - WORKSHOP CHURRASCO",120246641576970489,2026-08-17,1.81,1,,2.38095238,43.0952381,1.81,42,11,6,8,,2026-08-17,2026-08-17
bbe-a1-jul-26--venda--perpetuo--hot_cbo_videos,120246641531020489,01_automatico_ig180_fb180,120246641531130489,"ADS 5 V2 REEDITADO - WORKSHOP CHURRASCO",120247230665620489,2026-08-17,0.01,,,,10,,1,,,,,2026-08-17,2026-08-17
bbe-a1-jul-26--venda--perpetuo--hot_cbo_videos,120246641531020489,01_automatico_seguidores_ig_fb,120246641530990489,"ADS 5 V1 REEDITADO - WORKSHOP CHURRASCO",120247230698150489,2026-08-17,0.2,,,,28.57142857,,7,4,1,1,,2026-08-17,2026-08-17
bbe-a1-jul-26--venda--perpetuo--hot_cbo_vencedores,120246796479480489,01_automatico_seguidores_ig_fb,120246796490920489,ad07-bbe-ppt-mai26--sal-grosso-sozinho-não-salva,120246796503280489,2026-08-17,0.91,,,,31.37931034,,29,,,,,2026-08-17,2026-08-17
bbe-a1-jul-26--venda--perpetuo--hot_cbo_videos,120246641531020489,01_automatico_seguidores_ig_fb,120246641530990489,"ADS 2 - WORKSHOP CHURRASCO",120246641577090489,2026-08-17,0.05,,,,50,,1,,,,,2026-08-17,2026-08-17
bbe-a1-jul-26--venda--perpetuo--hot_cbo_videos,120246641531020489,01_automatico_seguidores_ig_fb,120246641530990489,"ADS 6 - WORKSHOP CHURRASCO",120246641577040489,2026-08-17,31.42,17,,2.29419703,42.40215924,1.84823529,741,226,109,111,84,2026-08-17,2026-08-17
bbe-a1-jul-26--venda--perpetuo--hot_cbo_videos,120246641531020489,01_automatico_seguidores_ig_fb,120246641530990489,"ADS 3 V1 - WORKSHOP CHURRASCO",120246641577140489,2026-08-17,0.06,,,,20,,3,1,1,1,1,2026-08-17,2026-08-17
bbe-a1-jul-26--venda--perpetuo--hot_cbo_videos,120246641531020489,00_automatico_ig030_fb030,120246641531090489,"ADS 3 V4 - WORKSHOP CHURRASCO",120246641577310489,2026-08-17,0.39,,,,32.5,,12,1,1,1,,2026-08-17,2026-08-17
bbe-a1-jul-26--venda--perpetuo--hot_cbo_videos,120246641531020489,01_automatico_seguidores_ig_fb,120246641530990489,"ADS 3 V5 - WORKSHOP CHURRASCO",120246641577050489,2026-08-17,0.34,,,,28.33333333,,12,4,1,2,,2026-08-17,2026-08-17
bbe-a1-jul-26--venda--perpetuo--hot_cbo_videos,120246641531020489,00_automatico_ig030_fb030,120246641531090489,"ADS 1 - WORKSHOP CHURRASCO",120246641577180489,2026-08-17,0.56,,,,50.90909091,,11,,,,,2026-08-17,2026-08-17
bbe-a1-jul-26--venda--perpetuo--hot_cbo_vencedores,120246796479480489,01_automatico_seguidores_ig_fb,120246796490920489,ad04-bbe-ppt-mai26--o-netão-te-ensina-corrigido,120247024497160489,2026-08-17,8.35,4,,1.02827763,21.46529563,2.0875,389,,,,,2026-08-17,2026-08-17
bbe-a1-jul-26--venda--perpetuo--hot_cbo_vencedores-lpd,120247080021040489,01_automatico_seguidores_ig_fb,120247080021340489,ad04-bbe-ppt-mai26--o-netão-te-ensina-corrigido,120247080021660489,2026-08-17,91.4,48,1,1.0654828,20.28856826,1.90416667,4505,,,,,2026-08-17,2026-08-17
bbe-a1-jul-26--venda--perpetuo--hot_cbo_videos,120246641531020489,01_automatico_ig180_fb180,120246641531130489,"ADS 3 V1 - WORKSHOP CHURRASCO",120246641577490489,2026-08-17,0.01,,,,5,,2,,,,,2026-08-17,2026-08-17
bbe-a1-jul-26--venda--perpetuo--hot_cbo_vencedores,120246796479480489,01_automatico_seguidores_ig_fb,120246796490920489,"ADS 3 V5 - WORKSHOP CHURRASCO",120246796503310489,2026-08-17,2.03,3,,3.79746835,25.69620253,0.67666667,79,19,5,8,5,2026-08-17,2026-08-17
bbe-a1-jul-26--venda--perpetuo--hot_cbo_videos,120246641531020489,00_automatico_ig030_fb030,120246641531090489,"ADS 2 - WORKSHOP CHURRASCO",120246641577330489,2026-08-16,0.34,,,,30.90909091,,11,4,1,3,1,2026-08-16,2026-08-16
bbe-a1-jul-26--venda--perpetuo--hot_cbo_vencedores,120246796479480489,01_automatico_seguidores_ig_fb,120246796490920489,"ADS 3 V4 - WORKSHOP CHURRASCO",120246796503320489,2026-08-16,1.07,1,,2.5,26.75,1.07,40,7,1,4,1,2026-08-16,2026-08-16
bbe-a1-jul-26--venda--perpetuo--hot_cbo_vencedores-lpd,120247080021040489,01_automatico_ig180_fb180,120247080021330489,ad07-bbe-ppt-mai26--sal-grosso-sozinho-não-salva,120247080021470489,2026-08-16,1.05,,,,45.65217391,,23,,,,,2026-08-16,2026-08-16
bbe-a1-jul-26--venda--perpetuo--hot_cbo_vencedores-lpd,120247080021040489,01_automatico_ig180_fb180,120247080021330489,"ADS 3 V5 - WORKSHOP CHURRASCO",120247080021420489,2026-08-16,105.48,59,,1.88197767,33.64593301,1.78779661,3135,698,173,323,105,2026-08-16,2026-08-16
bbe-a1-jul-26--venda--perpetuo--hot_cbo_videos,120246641531020489,01_automatico_ig180_fb180,120246641531130489,"ADS 1 - WORKSHOP CHURRASCO",120246641577410489,2026-08-16,1.74,1,,1.81818182,31.63636364,1.74,55,11,7,9,3,2026-08-16,2026-08-16
bbe-a1-jul-26--venda--perpetuo--hot_cbo_videos,120246641531020489,00_automatico_ig030_fb030,120246641531090489,"ADS 4 V2 - WORKSHOP CHURRASCO",120246641577320489,2026-08-16,21.19,8,,1.29659643,34.34359806,2.64875,617,101,16,63,16,2026-08-16,2026-08-16
bbe-a1-jul-26--venda--perpetuo--hot_cbo_videos,120246641531020489,00_automatico_ig030_fb030,120246641531090489,"ADS 3 V5 - WORKSHOP CHURRASCO",120246641577240489,2026-08-16,0.16,,,,12.30769231,,13,4,1,2,1,2026-08-16,2026-08-16
bbe-a1-jul-26--venda--perpetuo--hot_cbo_videos,120246641531020489,01_automatico_seguidores_ig_fb,120246641530990489,"ADS 8 V1 - WORKSHOP CHURRASCO",120246641577150489,2026-08-16,0.05,,,,10,,5,,,,,2026-08-16,2026-08-16
bbe-a1-jul-26--venda--perpetuo--hot_cbo_videos,120246641531020489,01_automatico_ig180_fb180,120246641531130489,"ADS 5 V1 REEDITADO - WORKSHOP CHURRASCO",120247230558390489,2026-08-16,0.04,,,,20,,2,,,,,2026-08-16,2026-08-16
bbe-a1-jul-26--venda--perpetuo--hot_cbo_vencedores,120246796479480489,01_automatico_seguidores_ig_fb,120246796490920489,"ADS 3 V1 - WORKSHOP CHURRASCO",120246796503290489,2026-08-16,1.81,1,,1.85185185,33.51851852,1.81,54,15,4,7,2,2026-08-16,2026-08-16
bbe-a1-jul-26--venda--perpetuo--hot_cbo_videos,120246641531020489,00_automatico_ig030_fb030,120246641531090489,"ADS 5 V2 REEDITADO - WORKSHOP CHURRASCO",120247230698180489,2026-08-16,0.87,,,,43.5,,20,6,2,2,1,2026-08-16,2026-08-16
bbe-a1-jul-26--venda--perpetuo--hot_cbo_vencedores-lpd,120247080021040489,01_automatico_seguidores_ig_fb,120247080021340489,ad07-bbe-ppt-mai26--sal-grosso-sozinho-não-salva,120247080021180489,2026-08-16,1.79,2,,4.34782609,38.91304348,0.895,46,,,,,2026-08-16,2026-08-16
bbe-a1-jul-26--venda--perpetuo--hot_cbo_vencedores,120246796479480489,01_automatico_seguidores_ig_fb,120246796490920489,"ADS 4 V2 - WORKSHOP CHURRASCO",120246796503260489,2026-08-16,56.77,19,,1.00158144,29.92619926,2.98789474,1897,320,65,202,71,2026-08-16,2026-08-16
bbe-a1-jul-26--venda--perpetuo--hot_cbo_videos,120246641531020489,01_automatico_seguidores_ig_fb,120246641530990489,"ADS 5 V2 REEDITADO - WORKSHOP CHURRASCO",120247230698170489,2026-08-16,0.21,,,,16.15384615,,13,3,,,,2026-08-16,2026-08-16
bbe-a1-jul-26--venda--perpetuo--hot_cbo_videos,120246641531020489,00_automatico_ig030_fb030,120246641531090489,"ADS 6 - WORKSHOP CHURRASCO",120246641577230489,2026-08-16,0.23,,,,17.69230769,,13,3,,,,2026-08-16,2026-08-16
bbe-a1-jul-26--venda--perpetuo--hot_cbo_videos,120246641531020489,01_automatico_seguidores_ig_fb,120246641530990489,"ADS 1 - WORKSHOP CHURRASCO",120246641576970489,2026-08-16,1.78,1,,2.77777778,49.44444444,1.78,36,9,5,6,1,2026-08-16,2026-08-16
bbe-a1-jul-26--venda--perpetuo--hot_cbo_videos,120246641531020489,01_automatico_seguidores_ig_fb,120246641530990489,"ADS 3 V1 - WORKSHOP CHURRASCO",120246641577140489,2026-08-16,0.21,,,,23.33333333,,9,,,,,2026-08-16,2026-08-16
bbe-a1-jul-26--venda--perpetuo--hot_cbo_videos,120246641531020489,00_automatico_ig030_fb030,120246641531090489,"ADS 1 - WORKSHOP CHURRASCO",120246641577180489,2026-08-16,0.42,1,,8.33333333,35,0.42,12,2,1,1,1,2026-08-16,2026-08-16
bbe-a1-jul-26--venda--perpetuo--hot_cbo_videos,120246641531020489,01_automatico_seguidores_ig_fb,120246641530990489,"ADS 2 - WORKSHOP CHURRASCO",120246641577090489,2026-08-16,0.18,,,,12,,15,4,,1,,2026-08-16,2026-08-16
bbe-a1-jul-26--venda--perpetuo--hot_cbo_videos,120246641531020489,01_automatico_seguidores_ig_fb,120246641530990489,"ADS 6 - WORKSHOP CHURRASCO",120246641577040489,2026-08-16,35.93,20,,1.70212766,30.5787234,1.7965,1175,393,194,204,136,2026-08-16,2026-08-16
bbe-a1-jul-26--venda--perpetuo--hot_cbo_videos,120246641531020489,01_automatico_ig180_fb180,120246641531130489,"ADS 5 V2 REEDITADO - WORKSHOP CHURRASCO",120247230665620489,2026-08-16,0.13,,,,21.66666667,,6,1,,,,2026-08-16,2026-08-16
bbe-a1-jul-26--venda--perpetuo--hot_cbo_videos,120246641531020489,01_automatico_ig180_fb180,120246641531130489,"ADS 6 - WORKSHOP CHURRASCO",120246641577450489,2026-08-16,19.21,6,,1.23966942,39.69008264,3.20166667,484,153,69,71,44,2026-08-16,2026-08-16
bbe-a1-jul-26--venda--perpetuo--hot_cbo_videos,120246641531020489,01_automatico_seguidores_ig_fb,120246641530990489,"ADS 3 V5 - WORKSHOP CHURRASCO",120246641577050489,2026-08-16,0.58,1,,4,23.2,0.58,25,10,2,8,2,2026-08-16,2026-08-16
bbe-a1-jul-26--venda--perpetuo--hot_cbo_vencedores,120246796479480489,01_automatico_seguidores_ig_fb,120246796490920489,"ADS 3 V5 - WORKSHOP CHURRASCO",120246796503310489,2026-08-16,1.64,2,,4.16666667,34.16666667,0.82,48,15,5,8,,2026-08-16,2026-08-16
bbe-a1-jul-26--venda--perpetuo--hot_cbo_vencedores,120246796479480489,01_automatico_seguidores_ig_fb,120246796490920489,ad07-bbe-ppt-mai26--sal-grosso-sozinho-não-salva,120246796503280489,2026-08-16,0.16,,,,32,,5,,,,,2026-08-16,2026-08-16
bbe-a1-jul-26--venda--perpetuo--hot_cbo_vencedores,120246796479480489,01_automatico_seguidores_ig_fb,120246796490920489,ad04-bbe-ppt-mai26--o-netão-te-ensina-corrigido,120247024497160489,2026-08-16,28.29,11,,0.95320624,24.51473137,2.57181818,1154,,,,,2026-08-16,2026-08-16
bbe-a1-jul-26--venda--perpetuo--hot_cbo_vencedores-lpd,120247080021040489,01_automatico_seguidores_ig_fb,120247080021340489,ad04-bbe-ppt-mai26--o-netão-te-ensina-corrigido,120247080021660489,2026-08-16,120.58,89,1,1.25582052,17.01425145,1.35483146,7087,,,,,2026-08-16,2026-08-16
bbe-a1-jul-26--venda--perpetuo--hot_cbo_videos,120246641531020489,01_automatico_ig180_fb180,120246641531130489,"ADS 3 V1 - WORKSHOP CHURRASCO",120246641577490489,2026-08-16,0.04,,,,13.33333333,,3,2,1,2,,2026-08-16,2026-08-16
bbe-a1-jul-26--venda--perpetuo--hot_cbo_videos,120246641531020489,00_automatico_ig030_fb030,120246641531090489,"ADS 3 V1 - WORKSHOP CHURRASCO",120246641577250489,2026-08-16,0.31,,,,23.84615385,,13,1,,1,,2026-08-16,2026-08-16
bbe-a1-jul-26--venda--perpetuo--hot_cbo_videos,120246641531020489,00_automatico_ig030_fb030,120246641531090489,"ADS 8 V1 - WORKSHOP CHURRASCO",120246641577340489,2026-08-16,0.02,,,,10,,2,1,1,1,1,2026-08-16,2026-08-16
bbe-a1-jul-26--venda--perpetuo--hot_cbo_videos,120246641531020489,01_automatico_ig180_fb180,120246641531130489,"ADS 5 V3 REEDITADO - WORKSHOP CHURRASCO",120247230678220489,2026-08-16,0.09,,,,30,,3,,,,,2026-08-16,2026-08-16
bbe-a1-jul-26--venda--perpetuo--hot_cbo_videos,120246641531020489,01_automatico_ig180_fb180,120246641531130489,"ADS 4 V2 - WORKSHOP CHURRASCO",120246641577380489,2026-08-16,0.2,,,,28.57142857,,7,1,,1,,2026-08-16,2026-08-16
bbe-a1-jul-26--venda--perpetuo--hot_cbo_videos,120246641531020489,00_automatico_ig030_fb030,120246641531090489,"ADS 2 - WORKSHOP CHURRASCO",120246641577330489,2026-08-15,0.29,,,,48.33333333,,6,1,1,1,1,2026-08-15,2026-08-15
bbe-a1-jul-26--venda--perpetuo--hot_cbo_videos,120246641531020489,00_automatico_ig030_fb030,120246641531090489,"ADS 6 - WORKSHOP CHURRASCO",120246641577230489,2026-08-15,0.28,,,,70,,4,3,,,,2026-08-15,2026-08-15
bbe-a1-jul-26--venda--perpetuo--hot_cbo_vencedores,120246796479480489,01_automatico_seguidores_ig_fb,120246796490920489,"ADS 3 V4 - WORKSHOP CHURRASCO",120246796503320489,2026-08-15,0.13,,,,43.33333333,,3,,,,,2026-08-15,2026-08-15
bbe-a1-jul-26--venda--perpetuo--hot_cbo_vencedores-lpd,120247080021040489,01_automatico_ig180_fb180,120247080021330489,ad07-bbe-ppt-mai26--sal-grosso-sozinho-não-salva,120247080021470489,2026-08-15,0,,,,0,,2,,,,,2026-08-15,2026-08-15
bbe-a1-jul-26--venda--perpetuo--hot_cbo_vencedores-lpd,120247080021040489,01_automatico_ig180_fb180,120247080021330489,"ADS 3 V5 - WORKSHOP CHURRASCO",120247080021420489,2026-08-15,67.35,29,,1.64866401,38.28880045,2.32241379,1759,387,86,180,50,2026-08-15,2026-08-15
bbe-a1-jul-26--venda--perpetuo--hot_cbo_videos,120246641531020489,01_automatico_ig180_fb180,120246641531130489,"ADS 1 - WORKSHOP CHURRASCO",120246641577410489,2026-08-15,1.44,1,,1.85185185,26.66666667,1.44,54,8,6,7,3,2026-08-15,2026-08-15
bbe-a1-jul-26--venda--perpetuo--hot_cbo_videos,120246641531020489,00_automatico_ig030_fb030,120246641531090489,"ADS 4 V2 - WORKSHOP CHURRASCO",120246641577320489,2026-08-15,2.93,1,,1.05263158,30.84210526,2.93,95,7,,3,1,2026-08-15,2026-08-15
bbe-a1-jul-26--venda--perpetuo--hot_cbo_videos,120246641531020489,00_automatico_ig030_fb030,120246641531090489,"ADS 5 V2 REEDITADO - WORKSHOP CHURRASCO",120247230698180489,2026-08-15,0.73,,,,42.94117647,,17,3,1,1,,2026-08-15,2026-08-15
bbe-a1-jul-26--venda--perpetuo--hot_cbo_videos,120246641531020489,01_automatico_seguidores_ig_fb,120246641530990489,"ADS 8 V1 - WORKSHOP CHURRASCO",120246641577150489,2026-08-15,0.16,,,,53.33333333,,3,1,1,1,1,2026-08-15,2026-08-15
bbe-a1-jul-26--venda--perpetuo--hot_cbo_vencedores,120246796479480489,01_automatico_seguidores_ig_fb,120246796490920489,"ADS 8 V1 - WORKSHOP CHURRASCO",120246796503300489,2026-08-15,0.15,,,,21.42857143,,7,,,,,2026-08-15,2026-08-15
bbe-a1-jul-26--venda--perpetuo--hot_cbo_vencedores,120246796479480489,01_automatico_seguidores_ig_fb,120246796490920489,"ADS 3 V1 - WORKSHOP CHURRASCO",120246796503290489,2026-08-15,1.27,,,,26.45833333,,48,10,1,5,,2026-08-15,2026-08-15
bbe-a1-jul-26--venda--perpetuo--hot_cbo_videos,120246641531020489,00_automatico_ig030_fb030,120246641531090489,"ADS 5 V3 REEDITADO - WORKSHOP CHURRASCO",120247230698200489,2026-08-15,0.05,,,,50,,1,,,,,2026-08-15,2026-08-15
bbe-a1-jul-26--venda--perpetuo--hot_cbo_vencedores-lpd,120247080021040489,01_automatico_seguidores_ig_fb,120247080021340489,ad07-bbe-ppt-mai26--sal-grosso-sozinho-não-salva,120247080021180489,2026-08-15,0.72,,,,48,,15,,,,,2026-08-15,2026-08-15
bbe-a1-jul-26--venda--perpetuo--hot_cbo_vencedores,120246796479480489,01_automatico_seguidores_ig_fb,120246796490920489,"ADS 4 V2 - WORKSHOP CHURRASCO",120246796503260489,2026-08-15,42.44,17,,1.1548913,28.83152174,2.49647059,1472,254,58,163,61,2026-08-15,2026-08-15
bbe-a1-jul-26--venda--perpetuo--hot_cbo_videos,120246641531020489,01_automatico_seguidores_ig_fb,120246641530990489,"ADS 1 - WORKSHOP CHURRASCO",120246641576970489,2026-08-15,1.48,,,,42.28571429,,35,9,5,7,2,2026-08-15,2026-08-15
bbe-a1-jul-26--venda--perpetuo--hot_cbo_videos,120246641531020489,01_automatico_seguidores_ig_fb,120246641530990489,"ADS 5 V2 REEDITADO - WORKSHOP CHURRASCO",120247230698170489,2026-08-15,0.12,,,,24,,5,1,,1,,2026-08-15,2026-08-15
bbe-a1-jul-26--venda--perpetuo--hot_cbo_videos,120246641531020489,01_automatico_seguidores_ig_fb,120246641530990489,"ADS 3 V4 - WORKSHOP CHURRASCO",120246641577080489,2026-08-15,0.29,1,,12.5,36.25,0.29,8,2,1,2,1,2026-08-15,2026-08-15
bbe-a1-jul-26--venda--perpetuo--hot_cbo_videos,120246641531020489,01_automatico_seguidores_ig_fb,120246641530990489,"ADS 3 V1 - WORKSHOP CHURRASCO",120246641577140489,2026-08-15,1.31,1,,2.38095238,31.19047619,1.31,42,8,4,5,2,2026-08-15,2026-08-15
bbe-a1-jul-26--venda--perpetuo--hot_cbo_videos,120246641531020489,01_automatico_ig180_fb180,120246641531130489,"ADS 6 - WORKSHOP CHURRASCO",120246641577450489,2026-08-15,12.24,2,,0.69686411,42.64808362,6.12,287,85,39,43,27,2026-08-15,2026-08-15
bbe-a1-jul-26--venda--perpetuo--hot_cbo_videos,120246641531020489,00_automatico_ig030_fb030,120246641531090489,"ADS 3 V4 - WORKSHOP CHURRASCO",120246641577310489,2026-08-15,0.04,,,,20,,2,1,,,,2026-08-15,2026-08-15
bbe-a1-jul-26--venda--perpetuo--hot_cbo_videos,120246641531020489,01_automatico_seguidores_ig_fb,120246641530990489,"ADS 5 V1 REEDITADO - WORKSHOP CHURRASCO",120247230698150489,2026-08-15,0.14,,,,35,,4,,,,,2026-08-15,2026-08-15
bbe-a1-jul-26--venda--perpetuo--hot_cbo_videos,120246641531020489,01_automatico_seguidores_ig_fb,120246641530990489,"ADS 2 - WORKSHOP CHURRASCO",120246641577090489,2026-08-15,0.16,,,,40,,4,1,,,,2026-08-15,2026-08-15
bbe-a1-jul-26--venda--perpetuo--hot_cbo_videos,120246641531020489,01_automatico_ig180_fb180,120246641531130489,"ADS 5 V3 REEDITADO - WORKSHOP CHURRASCO",120247230678220489,2026-08-15,0.01,,,,10,,1,1,,,,2026-08-15,2026-08-15
bbe-a1-jul-26--venda--perpetuo--hot_cbo_videos,120246641531020489,01_automatico_seguidores_ig_fb,120246641530990489,"ADS 6 - WORKSHOP CHURRASCO",120246641577040489,2026-08-15,43.75,22,,2.2022022,43.79379379,1.98863636,999,296,133,138,94,2026-08-15,2026-08-15
bbe-a1-jul-26--venda--perpetuo--hot_cbo_videos,120246641531020489,01_automatico_ig180_fb180,120246641531130489,"ADS 5 V2 REEDITADO - WORKSHOP CHURRASCO",120247230665620489,2026-08-15,0.81,,,,162,,5,1,,,,2026-08-15,2026-08-15
bbe-a1-jul-26--venda--perpetuo--hot_cbo_vencedores,120246796479480489,01_automatico_seguidores_ig_fb,120246796490920489,ad07-bbe-ppt-mai26--sal-grosso-sozinho-não-salva,120246796503280489,2026-08-15,0.02,,,,20,,1,,,,,2026-08-15,2026-08-15
bbe-a1-jul-26--venda--perpetuo--hot_cbo_videos,120246641531020489,01_automatico_seguidores_ig_fb,120246641530990489,"ADS 3 V5 - WORKSHOP CHURRASCO",120246641577050489,2026-08-15,0.2,,,,15.38461538,,13,1,,,,2026-08-15,2026-08-15
bbe-a1-jul-26--venda--perpetuo--hot_cbo_videos,120246641531020489,00_automatico_ig030_fb030,120246641531090489,"ADS 1 - WORKSHOP CHURRASCO",120246641577180489,2026-08-15,0.05,,,,10,,5,1,,,,2026-08-15,2026-08-15
bbe-a1-jul-26--venda--perpetuo--hot_cbo_vencedores,120246796479480489,01_automatico_seguidores_ig_fb,120246796490920489,ad04-bbe-ppt-mai26--o-netão-te-ensina-corrigido,120247024497160489,2026-08-15,13.48,4,,0.75329567,25.38606403,3.37,531,,,,,2026-08-15,2026-08-15
bbe-a1-jul-26--venda--perpetuo--hot_cbo_videos,120246641531020489,01_automatico_ig180_fb180,120246641531130489,"ADS 4 V2 - WORKSHOP CHURRASCO",120246641577380489,2026-08-15,0,,,,0,,1,,,,,2026-08-15,2026-08-15
bbe-a1-jul-26--venda--perpetuo--hot_cbo_vencedores-lpd,120247080021040489,01_automatico_seguidores_ig_fb,120247080021340489,ad04-bbe-ppt-mai26--o-netão-te-ensina-corrigido,120247080021660489,2026-08-15,106.79,61,,1.15486558,20.21772056,1.75065574,5282,,,,,2026-08-15,2026-08-15
bbe-a1-jul-26--venda--perpetuo--hot_cbo_videos,120246641531020489,01_automatico_ig180_fb180,120246641531130489,"ADS 3 V1 - WORKSHOP CHURRASCO",120246641577490489,2026-08-15,0.03,,,,30,,1,,,,,2026-08-15,2026-08-15
bbe-a1-jul-26--venda--perpetuo--hot_cbo_vencedores,120246796479480489,01_automatico_seguidores_ig_fb,120246796490920489,"ADS 3 V5 - WORKSHOP CHURRASCO",120246796503310489,2026-08-15,1.01,1,,3.125,31.5625,1.01,32,9,2,3,1,2026-08-15,2026-08-15
bbe-a1-jul-26--venda--perpetuo--hot_cbo_videos,120246641531020489,00_automatico_ig030_fb030,120246641531090489,"ADS 5 V1 REEDITADO - WORKSHOP CHURRASCO",120247230698190489,2026-08-14,0.01,,,,10,,1,,,,,2026-08-14,2026-08-14
bbe-a1-jul-26--venda--perpetuo--hot_cbo_vencedores-lpd,120247080021040489,01_automatico_ig180_fb180,120247080021330489,"ADS 3 V5 - WORKSHOP CHURRASCO",120247080021420489,2026-08-14,86.82,40,,1.57666535,34.22152148,2.1705,2537,594,133,282,95,2026-08-14,2026-08-14
bbe-a1-jul-26--venda--perpetuo--hot_cbo_videos,120246641531020489,01_automatico_ig180_fb180,120246641531130489,"ADS 1 - WORKSHOP CHURRASCO",120246641577410489,2026-08-14,5.25,,,,44.87179487,,117,27,13,17,9,2026-08-14,2026-08-14
bbe-a1-jul-26--venda--perpetuo--hot_cbo_videos,120246641531020489,00_automatico_ig030_fb030,120246641531090489,"ADS 4 V2 - WORKSHOP CHURRASCO",120246641577320489,2026-08-14,4.46,2,,1.68067227,37.4789916,2.23,119,20,5,12,5,2026-08-14,2026-08-14
bbe-a1-jul-26--venda--perpetuo--hot_cbo_videos,120246641531020489,00_automatico_ig030_fb030,120246641531090489,"ADS 2 - WORKSHOP CHURRASCO",120246641577330489,2026-08-14,0.5,,,,45.45454545,,11,1,,,,2026-08-14,2026-08-14
bbe-a1-jul-26--venda--perpetuo--hot_cbo_videos,120246641531020489,00_automatico_ig030_fb030,120246641531090489,"ADS 5 V2 REEDITADO - WORKSHOP CHURRASCO",120247230698180489,2026-08-14,1.33,,,,30.22727273,,44,11,1,1,,2026-08-14,2026-08-14
bbe-a1-jul-26--venda--perpetuo--hot_cbo_vencedores,120246796479480489,01_automatico_seguidores_ig_fb,120246796490920489,"ADS 8 V1 - WORKSHOP CHURRASCO",120246796503300489,2026-08-14,0.08,,,,40,,2,,,,,2026-08-14,2026-08-14
bbe-a1-jul-26--venda--perpetuo--hot_cbo_vencedores,120246796479480489,01_automatico_seguidores_ig_fb,120246796490920489,"ADS 3 V1 - WORKSHOP CHURRASCO",120246796503290489,2026-08-14,0.41,,,,68.33333333,,6,1,,,,2026-08-14,2026-08-14
bbe-a1-jul-26--venda--perpetuo--hot_cbo_videos,120246641531020489,00_automatico_ig030_fb030,120246641531090489,"ADS 3 V5 - WORKSHOP CHURRASCO",120246641577240489,2026-08-14,0.04,1,,50,20,0.04,2,1,,1,,2026-08-14,2026-08-14
bbe-a1-jul-26--venda--perpetuo--hot_cbo_videos,120246641531020489,00_automatico_ig030_fb030,120246641531090489,"ADS 5 V3 REEDITADO - WORKSHOP CHURRASCO",120247230698200489,2026-08-14,0.01,,,,10,,1,,,,,2026-08-14,2026-08-14
bbe-a1-jul-26--venda--perpetuo--hot_cbo_vencedores-lpd,120247080021040489,01_automatico_seguidores_ig_fb,120247080021340489,ad07-bbe-ppt-mai26--sal-grosso-sozinho-não-salva,120247080021180489,2026-08-14,0.08,,,,16,,5,,,,,2026-08-14,2026-08-14
bbe-a1-jul-26--venda--perpetuo--hot_cbo_videos,120246641531020489,00_automatico_ig030_fb030,120246641531090489,"ADS 6 - WORKSHOP CHURRASCO",120246641577230489,2026-08-14,0.23,,,,46,,5,1,,,,2026-08-14,2026-08-14
bbe-a1-jul-26--venda--perpetuo--hot_cbo_vencedores,120246796479480489,01_automatico_seguidores_ig_fb,120246796490920489,"ADS 3 V4 - WORKSHOP CHURRASCO",120246796503320489,2026-08-14,0.49,,,,19.6,,25,3,1,2,,2026-08-14,2026-08-14
bbe-a1-jul-26--venda--perpetuo--hot_cbo_vencedores,120246796479480489,01_automatico_seguidores_ig_fb,120246796490920489,"ADS 4 V2 - WORKSHOP CHURRASCO",120246796503260489,2026-08-14,48.27,14,1,0.98939929,34.1130742,3.44785714,1415,233,49,142,53,2026-08-14,2026-08-14
bbe-a1-jul-26--venda--perpetuo--hot_cbo_videos,120246641531020489,01_automatico_seguidores_ig_fb,120246641530990489,"ADS 1 - WORKSHOP CHURRASCO",120246641576970489,2026-08-14,0.63,,,,90,,7,4,1,2,,2026-08-14,2026-08-14
bbe-a1-jul-26--venda--perpetuo--hot_cbo_videos,120246641531020489,01_automatico_seguidores_ig_fb,120246641530990489,"ADS 5 V3 REEDITADO - WORKSHOP CHURRASCO",120247230698160489,2026-08-14,0.17,,,,85,,2,,,,,2026-08-14,2026-08-14
bbe-a1-jul-26--venda--perpetuo--hot_cbo_videos,120246641531020489,01_automatico_seguidores_ig_fb,120246641530990489,"ADS 3 V1 - WORKSHOP CHURRASCO",120246641577140489,2026-08-14,0.94,,,,62.66666667,,15,3,,1,1,2026-08-14,2026-08-14
bbe-a1-jul-26--venda--perpetuo--hot_cbo_vencedores,120246796479480489,01_automatico_seguidores_ig_fb,120246796490920489,ad07-bbe-ppt-mai26--sal-grosso-sozinho-não-salva,120246796503280489,2026-08-14,0.14,,,,28,,5,,,,,2026-08-14,2026-08-14
bbe-a1-jul-26--venda--perpetuo--hot_cbo_videos,120246641531020489,01_automatico_seguidores_ig_fb,120246641530990489,"ADS 6 - WORKSHOP CHURRASCO",120246641577040489,2026-08-14,24.63,8,,1.50943396,46.47169811,3.07875,530,158,63,72,41,2026-08-14,2026-08-14
bbe-a1-jul-26--venda--perpetuo--hot_cbo_videos,120246641531020489,01_automatico_ig180_fb180,120246641531130489,"ADS 5 V2 REEDITADO - WORKSHOP CHURRASCO",120247230665620489,2026-08-14,0.35,,,,38.88888889,,9,1,,,,2026-08-14,2026-08-14
bbe-a1-jul-26--venda--perpetuo--hot_cbo_videos,120246641531020489,01_automatico_ig180_fb180,120246641531130489,"ADS 6 - WORKSHOP CHURRASCO",120246641577450489,2026-08-14,13.35,7,,1.93370166,36.87845304,1.90714286,362,117,53,55,38,2026-08-14,2026-08-14
bbe-a1-jul-26--venda--perpetuo--hot_cbo_videos,120246641531020489,01_automatico_seguidores_ig_fb,120246641530990489,"ADS 3 V5 - WORKSHOP CHURRASCO",120246641577050489,2026-08-14,0.46,2,,13.33333333,30.66666667,0.23,15,3,,,,2026-08-14,2026-08-14
bbe-a1-jul-26--venda--perpetuo--hot_cbo_vencedores,120246796479480489,01_automatico_seguidores_ig_fb,120246796490920489,"ADS 3 V5 - WORKSHOP CHURRASCO",120246796503310489,2026-08-14,0.57,2,,14.28571429,40.71428571,0.285,14,5,2,3,2,2026-08-14,2026-08-14
bbe-a1-jul-26--venda--perpetuo--hot_cbo_videos,120246641531020489,00_automatico_ig030_fb030,120246641531090489,"ADS 1 - WORKSHOP CHURRASCO",120246641577180489,2026-08-14,1.48,,,,77.89473684,,19,5,1,1,1,2026-08-14,2026-08-14
bbe-a1-jul-26--venda--perpetuo--hot_cbo_vencedores,120246796479480489,01_automatico_seguidores_ig_fb,120246796490920489,ad04-bbe-ppt-mai26--o-netão-te-ensina-corrigido,120247024497160489,2026-08-14,18.42,7,,0.85784314,22.57352941,2.63142857,816,,,,,2026-08-14,2026-08-14
bbe-a1-jul-26--venda--perpetuo--hot_cbo_vencedores-lpd,120247080021040489,01_automatico_seguidores_ig_fb,120247080021340489,ad04-bbe-ppt-mai26--o-netão-te-ensina-corrigido,120247080021660489,2026-08-14,84.13,44,,1.10803324,21.18609922,1.91204545,3971,,,,,2026-08-14,2026-08-14
bbe-a1-jul-26--venda--perpetuo--hot_cbo_videos,120246641531020489,00_automatico_ig030_fb030,120246641531090489,"ADS 8 V1 - WORKSHOP CHURRASCO",120246641577340489,2026-08-14,0.02,,,,10,,2,,,,,2026-08-14,2026-08-14
bbe-a1-jul-26--venda--perpetuo--hot_cbo_videos,120246641531020489,00_automatico_ig030_fb030,120246641531090489,"ADS 4 V2 - WORKSHOP CHURRASCO",120246641577320489,2026-08-13,5.43,5,,2.90697674,31.56976744,1.086,172,37,9,22,10,2026-08-13,2026-08-13
bbe-a1-jul-26--venda--perpetuo--hot_cbo_vencedores,120246796479480489,01_automatico_seguidores_ig_fb,120246796490920489,"ADS 3 V4 - WORKSHOP CHURRASCO",120246796503320489,2026-08-13,0.66,,,,31.42857143,,21,3,,2,,2026-08-13,2026-08-13
bbe-a1-jul-26--venda--perpetuo--hot_cbo_vencedores-lpd,120247080021040489,01_automatico_ig180_fb180,120247080021330489,ad07-bbe-ppt-mai26--sal-grosso-sozinho-não-salva,120247080021470489,2026-08-13,0.66,,,,27.5,,24,,,,,2026-08-13,2026-08-13
bbe-a1-jul-26--venda--perpetuo--hot_cbo_vencedores-lpd,120247080021040489,01_automatico_ig180_fb180,120247080021330489,"ADS 3 V5 - WORKSHOP CHURRASCO",120247080021420489,2026-08-13,92.42,28,,1.05660377,34.8754717,3.30071429,2650,598,155,292,93,2026-08-13,2026-08-13
bbe-a1-jul-26--venda--perpetuo--hot_cbo_videos,120246641531020489,01_automatico_ig180_fb180,120246641531130489,"ADS 1 - WORKSHOP CHURRASCO",120246641577410489,2026-08-13,5.76,5,,5.61797753,64.71910112,1.152,89,23,11,12,5,2026-08-13,2026-08-13
bbe-a1-jul-26--venda--perpetuo--hot_cbo_vencedores,120246796479480489,01_automatico_seguidores_ig_fb,120246796490920489,"ADS 4 V2 - WORKSHOP CHURRASCO",120246796503260489,2026-08-13,28.49,12,,1.20724346,28.66197183,2.37416667,994,143,29,92,31,2026-08-13,2026-08-13
bbe-a1-jul-26--venda--perpetuo--hot_cbo_videos,120246641531020489,00_automatico_ig030_fb030,120246641531090489,"ADS 2 - WORKSHOP CHURRASCO",120246641577330489,2026-08-13,0.8,,,,34.7826087,,23,4,,1,,2026-08-13,2026-08-13
bbe-a1-jul-26--venda--perpetuo--hot_cbo_videos,120246641531020489,00_automatico_ig030_fb030,120246641531090489,"ADS 5 V1 REEDITADO - WORKSHOP CHURRASCO",120247230698190489,2026-08-13,0.13,,,,16.25,,8,3,,3,,2026-08-13,2026-08-13
bbe-a1-jul-26--venda--perpetuo--hot_cbo_videos,120246641531020489,01_automatico_seguidores_ig_fb,120246641530990489,"ADS 3 V4 - WORKSHOP CHURRASCO",120246641577080489,2026-08-13,0.17,,,,17,,10,,,,,2026-08-13,2026-08-13
bbe-a1-jul-26--venda--perpetuo--hot_cbo_videos,120246641531020489,00_automatico_ig030_fb030,120246641531090489,"ADS 3 V5 - WORKSHOP CHURRASCO",120246641577240489,2026-08-13,0.05,1,,33.33333333,16.66666667,0.05,3,2,1,1,1,2026-08-13,2026-08-13
bbe-a1-jul-26--venda--perpetuo--hot_cbo_videos,120246641531020489,00_automatico_ig030_fb030,120246641531090489,"ADS 5 V2 REEDITADO - WORKSHOP CHURRASCO",120247230698180489,2026-08-13,6.19,2,,1.26582278,39.17721519,3.095,158,33,3,6,,2026-08-13,2026-08-13
bbe-a1-jul-26--venda--perpetuo--hot_cbo_videos,120246641531020489,00_automatico_ig030_fb030,120246641531090489,"ADS 5 V3 REEDITADO - WORKSHOP CHURRASCO",120247230698200489,2026-08-13,0.13,,,,32.5,,4,,,,,2026-08-13,2026-08-13
bbe-a1-jul-26--venda--perpetuo--hot_cbo_videos,120246641531020489,00_automatico_ig030_fb030,120246641531090489,"ADS 6 - WORKSHOP CHURRASCO",120246641577230489,2026-08-13,0.8,1,,4.16666667,33.33333333,0.8,24,4,3,3,3,2026-08-13,2026-08-13
bbe-a1-jul-26--venda--perpetuo--hot_cbo_videos,120246641531020489,01_automatico_seguidores_ig_fb,120246641530990489,"ADS 5 V2 REEDITADO - WORKSHOP CHURRASCO",120247230698170489,2026-08-13,0.4,,,,33.33333333,,12,2,,,,2026-08-13,2026-08-13
bbe-a1-jul-26--venda--perpetuo--hot_cbo_videos,120246641531020489,01_automatico_seguidores_ig_fb,120246641530990489,"ADS 3 V1 - WORKSHOP CHURRASCO",120246641577140489,2026-08-13,0.01,,,,10,,1,,,,,2026-08-13,2026-08-13
bbe-a1-jul-26--venda--perpetuo--hot_cbo_vencedores,120246796479480489,01_automatico_seguidores_ig_fb,120246796490920489,"ADS 3 V5 - WORKSHOP CHURRASCO",120246796503310489,2026-08-13,0.01,,,,5,,2,,,,,2026-08-13,2026-08-13
bbe-a1-jul-26--venda--perpetuo--hot_cbo_videos,120246641531020489,01_automatico_ig180_fb180,120246641531130489,"ADS 5 V3 REEDITADO - WORKSHOP CHURRASCO",120247230678220489,2026-08-13,0.3,,,,37.5,,8,1,,,,2026-08-13,2026-08-13
bbe-a1-jul-26--venda--perpetuo--hot_cbo_videos,120246641531020489,01_automatico_seguidores_ig_fb,120246641530990489,"ADS 5 V1 REEDITADO - WORKSHOP CHURRASCO",120247230698150489,2026-08-13,0.11,,,,18.33333333,,6,2,,,,2026-08-13,2026-08-13
bbe-a1-jul-26--venda--perpetuo--hot_cbo_videos,120246641531020489,01_automatico_seguidores_ig_fb,120246641530990489,"ADS 2 - WORKSHOP CHURRASCO",120246641577090489,2026-08-13,0.07,,,,14,,5,1,,,,2026-08-13,2026-08-13
bbe-a1-jul-26--venda--perpetuo--hot_cbo_videos,120246641531020489,01_automatico_seguidores_ig_fb,120246641530990489,"ADS 6 - WORKSHOP CHURRASCO",120246641577040489,2026-08-13,22.94,6,,1.07719928,41.18491921,3.82333333,557,155,68,72,59,2026-08-13,2026-08-13
bbe-a1-jul-26--venda--perpetuo--hot_cbo_videos,120246641531020489,01_automatico_ig180_fb180,120246641531130489,"ADS 6 - WORKSHOP CHURRASCO",120246641577450489,2026-08-13,30.94,12,,1.68067227,43.33333333,2.57833333,714,235,100,108,68,2026-08-13,2026-08-13
bbe-a1-jul-26--venda--perpetuo--hot_cbo_videos,120246641531020489,01_automatico_ig180_fb180,120246641531130489,"ADS 5 V2 REEDITADO - WORKSHOP CHURRASCO",120247230665620489,2026-08-13,0.5,,,,27.77777778,,18,2,,1,,2026-08-13,2026-08-13
bbe-a1-jul-26--venda--perpetuo--hot_cbo_videos,120246641531020489,00_automatico_ig030_fb030,120246641531090489,"ADS 1 - WORKSHOP CHURRASCO",120246641577180489,2026-08-13,0.49,,,,37.69230769,,13,4,2,2,1,2026-08-13,2026-08-13
bbe-a1-jul-26--venda--perpetuo--hot_cbo_vencedores,120246796479480489,01_automatico_seguidores_ig_fb,120246796490920489,ad04-bbe-ppt-mai26--o-netão-te-ensina-corrigido,120247024497160489,2026-08-13,40.97,10,,0.50327126,20.61902365,4.097,1987,,,,,2026-08-13,2026-08-13
bbe-a1-jul-26--venda--perpetuo--hot_cbo_videos,120246641531020489,01_automatico_ig180_fb180,120246641531130489,"ADS 4 V2 - WORKSHOP CHURRASCO",120246641577380489,2026-08-13,0.19,,,,47.5,,4,,,,,2026-08-13,2026-08-13
bbe-a1-jul-26--venda--perpetuo--hot_cbo_vencedores-lpd,120247080021040489,01_automatico_seguidores_ig_fb,120247080021340489,ad04-bbe-ppt-mai26--o-netão-te-ensina-corrigido,120247080021660489,2026-08-13,88.35,37,1,0.81282953,19.40905097,2.38783784,4552,,,,,2026-08-13,2026-08-13
bbe-a1-jul-26--venda--perpetuo--hot_cbo_videos,120246641531020489,01_automatico_ig180_fb180,120246641531130489,"ADS 3 V1 - WORKSHOP CHURRASCO",120246641577490489,2026-08-13,0.28,,,,35,,8,2,1,2,,2026-08-13,2026-08-13
bbe-a1-jul-26--venda--perpetuo--hot_cbo_videos,120246641531020489,00_automatico_ig030_fb030,120246641531090489,"ADS 3 V1 - WORKSHOP CHURRASCO",120246641577250489,2026-08-13,0.47,,,,52.22222222,,9,3,,2,,2026-08-13,2026-08-13
bbe-a1-jul-26--venda--perpetuo--hot_cbo_videos,120246641531020489,01_automatico_ig180_fb180,120246641531130489,"ADS 5 V1 REEDITADO - WORKSHOP CHURRASCO",120247230558390489,2026-08-12,0.43,,,,25.29411765,,17,5,1,2,,2026-08-12,2026-08-12
bbe-a1-jul-26--venda--perpetuo--hot_cbo_videos,120246641531020489,01_automatico_seguidores_ig_fb,120246641530990489,"ADS 5 V2 REEDITADO - WORKSHOP CHURRASCO",120247230698170489,2026-08-12,1.13,,,,33.23529412,,34,12,3,3,1,2026-08-12,2026-08-12
bbe-a1-jul-26--venda--perpetuo--hot_cbo_vencedores,120246796479480489,01_automatico_seguidores_ig_fb,120246796490920489,"ADS 3 V4 - WORKSHOP CHURRASCO",120246796503320489,2026-08-12,0.7,1,,4.54545455,31.81818182,0.7,22,4,1,2,,2026-08-12,2026-08-12
bbe-a1-ago-26--venda--perpetuo--cold_cbo_videos,120247230719780489,01_automatico_18-55_interesses_churras,120247230719770489,"ADS 5 V3 REEDITADO - WORKSHOP CHURRASCO",120247230723930489,2026-08-12,7.3,1,,0.88495575,64.60176991,7.3,113,35,7,12,2,2026-08-12,2026-08-12
bbe-a1-jul-26--venda--perpetuo--hot_cbo_vencedores-lpd,120247080021040489,01_automatico_ig180_fb180,120247080021330489,"ADS 3 V5 - WORKSHOP CHURRASCO",120247080021420489,2026-08-12,110.09,37,3,1.27939142,38.0670816,2.97540541,2892,646,137,299,92,2026-08-12,2026-08-12
bbe-a1-jul-26--venda--perpetuo--hot_cbo_videos,120246641531020489,00_automatico_ig030_fb030,120246641531090489,"ADS 4 V2 - WORKSHOP CHURRASCO",120246641577320489,2026-08-12,9.2,6,,2.15827338,33.09352518,1.53333333,278,40,11,25,12,2026-08-12,2026-08-12
bbe-a1-jul-26--venda--perpetuo--hot_cbo_videos,120246641531020489,00_automatico_ig030_fb030,120246641531090489,"ADS 2 - WORKSHOP CHURRASCO",120246641577330489,2026-08-12,2.56,,,,45.71428571,,56,11,3,3,1,2026-08-12,2026-08-12
bbe-a1-jul-26--venda--perpetuo--hot_cbo_vencedores,120246796479480489,01_automatico_seguidores_ig_fb,120246796490920489,"ADS 4 V2 - WORKSHOP CHURRASCO",120246796503260489,2026-08-12,11.55,3,,1.93548387,74.51612903,3.85,155,30,2,18,3,2026-08-12,2026-08-12
bbe-a1-jul-26--venda--perpetuo--hot_cbo_videos,120246641531020489,00_automatico_ig030_fb030,120246641531090489,"ADS 5 V1 REEDITADO - WORKSHOP CHURRASCO",120247230698190489,2026-08-12,4.37,,,,92.9787234,,47,10,2,3,,2026-08-12,2026-08-12
bbe-a1-jul-26--venda--perpetuo--hot_cbo_vencedores,120246796479480489,01_automatico_seguidores_ig_fb,120246796490920489,"ADS 8 V1 - WORKSHOP CHURRASCO",120246796503300489,2026-08-12,0.82,,,,58.57142857,,14,5,1,1,1,2026-08-12,2026-08-12
bbe-a1-jul-26--venda--perpetuo--hot_cbo_vencedores,120246796479480489,01_automatico_seguidores_ig_fb,120246796490920489,"ADS 3 V1 - WORKSHOP CHURRASCO",120246796503290489,2026-08-12,0.16,,,,32,,5,,,,,2026-08-12,2026-08-12
bbe-a1-jul-26--venda--perpetuo--hot_cbo_videos,120246641531020489,00_automatico_ig030_fb030,120246641531090489,"ADS 5 V2 REEDITADO - WORKSHOP CHURRASCO",120247230698180489,2026-08-12,9.69,4,,1.87793427,45.49295775,2.4225,213,38,7,11,6,2026-08-12,2026-08-12
bbe-a1-jul-26--venda--perpetuo--hot_cbo_videos,120246641531020489,00_automatico_ig030_fb030,120246641531090489,"ADS 5 V3 REEDITADO - WORKSHOP CHURRASCO",120247230698200489,2026-08-12,3.04,,,,44.05797101,,69,13,1,3,,2026-08-12,2026-08-12
bbe-a1-jul-26--venda--perpetuo--hot_cbo_vencedores-lpd,120247080021040489,01_automatico_seguidores_ig_fb,120247080021340489,ad07-bbe-ppt-mai26--sal-grosso-sozinho-não-salva,120247080021180489,2026-08-12,0.69,,,,25.55555556,,27,,,,,2026-08-12,2026-08-12
bbe-a1-jul-26--venda--perpetuo--hot_cbo_videos,120246641531020489,01_automatico_ig180_fb180,120246641531130489,"ADS 5 V3 REEDITADO - WORKSHOP CHURRASCO",120247230678220489,2026-08-12,0.81,,,,23.14285714,,35,8,1,2,,2026-08-12,2026-08-12
bbe-a1-jul-26--venda--perpetuo--hot_cbo_videos,120246641531020489,01_automatico_seguidores_ig_fb,120246641530990489,"ADS 1 - WORKSHOP CHURRASCO",120246641576970489,2026-08-12,0.14,,,,23.33333333,,6,1,1,1,,2026-08-12,2026-08-12
bbe-a1-jul-26--venda--perpetuo--hot_cbo_videos,120246641531020489,00_automatico_ig030_fb030,120246641531090489,"ADS 6 - WORKSHOP CHURRASCO",120246641577230489,2026-08-12,3.07,1,,1.5625,47.96875,3.07,64,25,8,9,5,2026-08-12,2026-08-12
bbe-a1-ago-26--venda--perpetuo--cold_cbo_videos,120247230719780489,01_automatico_18-55_interesses_churras,120247230719770489,"ADS 5 V2 REEDITADO - WORKSHOP CHURRASCO",120247230723940489,2026-08-12,1.31,,,,187.14285714,,7,2,1,1,,2026-08-12,2026-08-12
bbe-a1-jul-26--venda--perpetuo--hot_cbo_videos,120246641531020489,01_automatico_seguidores_ig_fb,120246641530990489,"ADS 5 V3 REEDITADO - WORKSHOP CHURRASCO",120247230698160489,2026-08-12,0.92,,,,31.72413793,,29,6,2,2,2,2026-08-12,2026-08-12
bbe-a1-ago-26--venda--perpetuo--cold_cbo,120247222090980489,01_automatico_18-55_interesses_churras,120247222091120489,ad10-bbe-ppt-ago26--sal-grosso,120247222090990489,2026-08-12,7.86,,,,104.8,,75,,,,,2026-08-12,2026-08-12
bbe-a1-jul-26--venda--perpetuo--hot_cbo_videos,120246641531020489,01_automatico_seguidores_ig_fb,120246641530990489,"ADS 5 V1 REEDITADO - WORKSHOP CHURRASCO",120247230698150489,2026-08-12,2.22,,,,148,,15,6,2,2,,2026-08-12,2026-08-12
bbe-a1-jul-26--venda--perpetuo--hot_cbo_vencedores,120246796479480489,01_automatico_seguidores_ig_fb,120246796490920489,ad07-bbe-ppt-mai26--sal-grosso-sozinho-não-salva,120246796503280489,2026-08-12,0.93,,,,35.76923077,,26,,,,,2026-08-12,2026-08-12
bbe-a1-jul-26--venda--perpetuo--hot_cbo_videos,120246641531020489,01_automatico_seguidores_ig_fb,120246641530990489,"ADS 6 - WORKSHOP CHURRASCO",120246641577040489,2026-08-12,19.54,7,,1.42276423,39.71544715,2.79142857,492,164,73,78,44,2026-08-12,2026-08-12
bbe-a1-jul-26--venda--perpetuo--hot_cbo_videos,120246641531020489,01_automatico_ig180_fb180,120246641531130489,"ADS 5 V2 REEDITADO - WORKSHOP CHURRASCO",120247230665620489,2026-08-12,5.51,,,,56.80412371,,97,21,1,2,,2026-08-12,2026-08-12
bbe-a1-jul-26--venda--perpetuo--hot_cbo_videos,120246641531020489,01_automatico_ig180_fb180,120246641531130489,"ADS 6 - WORKSHOP CHURRASCO",120246641577450489,2026-08-12,22.2,6,,1.2,44.4,3.7,500,179,82,85,60,2026-08-12,2026-08-12
bbe-a1-jul-26--venda--perpetuo--hot_cbo_videos,120246641531020489,00_automatico_ig030_fb030,120246641531090489,"ADS 3 V4 - WORKSHOP CHURRASCO",120246641577310489,2026-08-12,0.24,,,,24,,10,3,1,1,1,2026-08-12,2026-08-12
bbe-a1-jul-26--venda--perpetuo--hot_cbo_videos,120246641531020489,01_automatico_seguidores_ig_fb,120246641530990489,"ADS 3 V5 - WORKSHOP CHURRASCO",120246641577050489,2026-08-12,0.08,,,,20,,4,,,,,2026-08-12,2026-08-12
bbe-a1-jul-26--venda--perpetuo--hot_cbo_videos,120246641531020489,00_automatico_ig030_fb030,120246641531090489,"ADS 1 - WORKSHOP CHURRASCO",120246641577180489,2026-08-12,3.09,2,,4,61.8,1.545,50,13,5,6,1,2026-08-12,2026-08-12
bbe-a1-ago-26--venda--perpetuo--cold_cbo,120247222090980489,01_automatico_18-55_interesses_churras,120247222091120489,ad09-bbe-ppt-ago26--feio-1,120247222206420489,2026-08-12,5.74,3,,2.54237288,48.6440678,1.91333333,118,,,,,2026-08-12,2026-08-12
bbe-a1-jul-26--venda--perpetuo--hot_cbo_vencedores,120246796479480489,01_automatico_seguidores_ig_fb,120246796490920489,ad04-bbe-ppt-mai26--o-netão-te-ensina-corrigido,120247024497160489,2026-08-12,65.59,20,1,0.66622252,21.84876749,3.2795,3002,,,,,2026-08-12,2026-08-12
bbe-a1-jul-26--venda--perpetuo--hot_cbo_videos,120246641531020489,01_automatico_ig180_fb180,120246641531130489,"ADS 3 V1 - WORKSHOP CHURRASCO",120246641577490489,2026-08-12,0.12,,,,20,,6,2,,,,2026-08-12,2026-08-12
bbe-a1-jul-26--venda--perpetuo--hot_cbo_vencedores-lpd,120247080021040489,01_automatico_seguidores_ig_fb,120247080021340489,ad04-bbe-ppt-mai26--o-netão-te-ensina-corrigido,120247080021660489,2026-08-12,94.48,50,,0.88495575,16.72212389,1.8896,5650,,,,,2026-08-12,2026-08-12
bbe-a1-jul-26--venda--perpetuo--hot_cbo_vencedores,120246796479480489,01_automatico_seguidores_ig_fb,120246796490920489,"ADS 3 V5 - WORKSHOP CHURRASCO",120246796503310489,2026-08-12,2.68,,,,51.53846154,,52,10,2,5,2,2026-08-12,2026-08-12
bbe-a1-jul-26--venda--perpetuo--hot_cbo_videos,120246641531020489,00_automatico_ig030_fb030,120246641531090489,"ADS 4 V2 - WORKSHOP CHURRASCO",120246641577320489,2026-08-11,1.06,,,,28.64864865,,37,4,1,3,1,2026-08-11,2026-08-11
bbe-a1-jul-26--venda--perpetuo--hot_cbo_videos,120246641531020489,01_automatico_seguidores_ig_fb,120246641530990489,"ADS 3 V1 - WORKSHOP CHURRASCO",120246641577140489,2026-08-11,0.04,,,,20,,2,,,,,2026-08-11,2026-08-11
bbe-a1-jul-26--venda--perpetuo--hot_cbo_videos,120246641531020489,01_automatico_seguidores_ig_fb,120246641530990489,"ADS 5 V2 REEDITADO - WORKSHOP CHURRASCO",120247230698170489,2026-08-11,3.41,3,,2.94117647,33.43137255,1.13666667,102,23,8,9,4,2026-08-11,2026-08-11
bbe-a1-jul-26--venda--perpetuo--hot_cbo_vencedores-lpd,120247080021040489,01_automatico_ig180_fb180,120247080021330489,ad07-bbe-ppt-mai26--sal-grosso-sozinho-não-salva,120247080021470489,2026-08-11,1.86,1,,1.47058824,27.35294118,1.86,68,,,,,2026-08-11,2026-08-11
bbe-a1-ago-26--venda--perpetuo--cold_cbo_videos,120247230719780489,01_automatico_18-55_interesses_churras,120247230719770489,"ADS 5 V3 REEDITADO - WORKSHOP CHURRASCO",120247230723930489,2026-08-11,4.77,1,,1.12359551,53.59550562,4.77,89,26,4,8,1,2026-08-11,2026-08-11
bbe-a1-jul-26--venda--perpetuo--hot_cbo_vencedores-lpd,120247080021040489,01_automatico_ig180_fb180,120247080021330489,"ADS 3 V5 - WORKSHOP CHURRASCO",120247080021420489,2026-08-11,97.68,29,2,1.63012929,54.90725126,3.36827586,1779,388,96,193,60,2026-08-11,2026-08-11
bbe-a1-jul-26--venda--perpetuo--hot_cbo_videos,120246641531020489,01_automatico_ig180_fb180,120246641531130489,"ADS 1 - WORKSHOP CHURRASCO",120246641577410489,2026-08-11,1.26,,,,54.7826087,,23,6,,2,,2026-08-11,2026-08-11
bbe-a1-jul-26--venda--perpetuo--hot_cbo_videos,120246641531020489,00_automatico_ig030_fb030,120246641531090489,"ADS 3 V5 - WORKSHOP CHURRASCO",120246641577240489,2026-08-11,1.11,,,,25.81395349,,43,5,1,3,2,2026-08-11,2026-08-11
bbe-a1-jul-26--venda--perpetuo--hot_cbo_videos,120246641531020489,00_automatico_ig030_fb030,120246641531090489,"ADS 2 - WORKSHOP CHURRASCO",120246641577330489,2026-08-11,1.29,,,,27.44680851,,47,10,2,4,2,2026-08-11,2026-08-11
bbe-a1-jul-26--venda--perpetuo--hot_cbo_videos,120246641531020489,01_automatico_ig180_fb180,120246641531130489,"ADS 5 V1 REEDITADO - WORKSHOP CHURRASCO",120247230558390489,2026-08-11,1.5,,,,29.41176471,,51,10,,2,,2026-08-11,2026-08-11
bbe-a1-jul-26--venda--perpetuo--hot_cbo_videos,120246641531020489,00_automatico_ig030_fb030,120246641531090489,"ADS 5 V1 REEDITADO - WORKSHOP CHURRASCO",120247230698190489,2026-08-11,6.78,1,,1,67.8,6.78,100,24,4,6,3,2026-08-11,2026-08-11
bbe-a1-jul-26--venda--perpetuo--hot_cbo_videos,120246641531020489,00_automatico_ig030_fb030,120246641531090489,"ADS 5 V2 REEDITADO - WORKSHOP CHURRASCO",120247230698180489,2026-08-11,12.16,2,,0.62305296,37.88161994,6.08,321,68,12,20,9,2026-08-11,2026-08-11
bbe-a1-jul-26--venda--perpetuo--hot_cbo_videos,120246641531020489,00_automatico_ig030_fb030,120246641531090489,"ADS 5 V3 REEDITADO - WORKSHOP CHURRASCO",120247230698200489,2026-08-11,6.28,,,,64.08163265,,98,22,3,3,3,2026-08-11,2026-08-11
bbe-a1-jul-26--venda--perpetuo--hot_cbo_vencedores,120246796479480489,01_automatico_seguidores_ig_fb,120246796490920489,"ADS 4 V2 - WORKSHOP CHURRASCO",120246796503260489,2026-08-11,13.65,5,,1.21065375,33.05084746,2.73,413,62,11,43,14,2026-08-11,2026-08-11
bbe-a1-jul-26--venda--perpetuo--hot_cbo_videos,120246641531020489,00_automatico_ig030_fb030,120246641531090489,"ADS 8 V1 - WORKSHOP CHURRASCO",120246641577340489,2026-08-11,1.01,,,,45.90909091,,22,3,3,3,1,2026-08-11,2026-08-11
bbe-a1-jul-26--venda--perpetuo--hot_cbo_videos,120246641531020489,01_automatico_ig180_fb180,120246641531130489,"ADS 5 V3 REEDITADO - WORKSHOP CHURRASCO",120247230678220489,2026-08-11,4.62,4,,3.10077519,35.81395349,1.155,129,32,4,11,3,2026-08-11,2026-08-11
bbe-a1-jul-26--venda--perpetuo--hot_cbo_vencedores,120246796479480489,01_automatico_seguidores_ig_fb,120246796490920489,"ADS 3 V4 - WORKSHOP CHURRASCO",120246796503320489,2026-08-11,0.24,,,,26.66666667,,9,4,,2,,2026-08-11,2026-08-11
bbe-a1-ago-26--venda--perpetuo--cold_cbo_videos,120247230719780489,01_automatico_18-55_interesses_churras,120247230719770489,"ADS 5 V2 REEDITADO - WORKSHOP CHURRASCO",120247230723940489,2026-08-11,46.88,8,,1.05680317,61.92866579,5.86,757,227,46,65,20,2026-08-11,2026-08-11
bbe-a1-jul-26--venda--perpetuo--hot_cbo_videos,120246641531020489,01_automatico_ig180_fb180,120246641531130489,"ADS 6 - WORKSHOP CHURRASCO",120246641577450489,2026-08-11,5.64,3,,2,37.6,1.88,150,44,22,23,15,2026-08-11,2026-08-11
bbe-a1-jul-26--venda--perpetuo--hot_cbo_videos,120246641531020489,01_automatico_ig180_fb180,120246641531130489,"ADS 3 V1 - WORKSHOP CHURRASCO",120246641577490489,2026-08-11,0.71,,,,39.44444444,,18,3,,,,2026-08-11,2026-08-11
bbe-a1-ago-26--venda--perpetuo--cold_cbo,120247222090980489,01_automatico_18-55_interesses_churras,120247222091120489,ad10-bbe-ppt-ago26--sal-grosso,120247222090990489,2026-08-11,21.47,3,,0.74441687,53.27543424,7.15666667,403,,,,,2026-08-11,2026-08-11
bbe-a1-jul-26--venda--perpetuo--hot_cbo_videos,120246641531020489,01_automatico_seguidores_ig_fb,120246641530990489,"ADS 5 V1 REEDITADO - WORKSHOP CHURRASCO",120247230698150489,2026-08-11,2.86,,,,42.05882353,,68,12,2,4,1,2026-08-11,2026-08-11
bbe-a1-jul-26--venda--perpetuo--hot_cbo_videos,120246641531020489,01_automatico_seguidores_ig_fb,120246641530990489,"ADS 2 - WORKSHOP CHURRASCO",120246641577090489,2026-08-11,0.01,,,,10,,1,,,,,2026-08-11,2026-08-11
bbe-a1-jul-26--venda--perpetuo--hot_cbo_videos,120246641531020489,01_automatico_seguidores_ig_fb,120246641530990489,"ADS 6 - WORKSHOP CHURRASCO",120246641577040489,2026-08-11,16.62,7,,1.87165775,44.43850267,2.37428571,374,115,50,51,38,2026-08-11,2026-08-11
bbe-a1-jul-26--venda--perpetuo--hot_cbo_videos,120246641531020489,01_automatico_ig180_fb180,120246641531130489,"ADS 5 V2 REEDITADO - WORKSHOP CHURRASCO",120247230665620489,2026-08-11,10.16,2,,0.81967213,41.63934426,5.08,244,52,13,19,8,2026-08-11,2026-08-11
bbe-a1-jul-26--venda--perpetuo--hot_cbo_vencedores,120246796479480489,01_automatico_seguidores_ig_fb,120246796490920489,ad07-bbe-ppt-mai26--sal-grosso-sozinho-não-salva,120246796503280489,2026-08-11,0.28,,,,46.66666667,,6,,,,,2026-08-11,2026-08-11
bbe-a1-jul-26--venda--perpetuo--hot_cbo_videos,120246641531020489,01_automatico_seguidores_ig_fb,120246641530990489,"ADS 5 V3 REEDITADO - WORKSHOP CHURRASCO",120247230698160489,2026-08-11,1.61,1,,2.17391304,35,1.61,46,10,,1,,2026-08-11,2026-08-11
bbe-a1-jul-26--venda--perpetuo--hot_cbo_vencedores-lpd,120247080021040489,01_automatico_seguidores_ig_fb,120247080021340489,ad04-bbe-ppt-mai26--o-netão-te-ensina-corrigido,120247080021660489,2026-08-11,113.53,66,,1.06092268,18.24947758,1.72015152,6221,,,,,2026-08-11,2026-08-11
bbe-a1-jul-26--venda--perpetuo--hot_cbo_vencedores,120246796479480489,01_automatico_seguidores_ig_fb,120246796490920489,"ADS 3 V5 - WORKSHOP CHURRASCO",120246796503310489,2026-08-11,0.02,,,,20,,1,1,,,,2026-08-11,2026-08-11
bbe-a1-jul-26--venda--perpetuo--hot_cbo_videos,120246641531020489,00_automatico_ig030_fb030,120246641531090489,"ADS 1 - WORKSHOP CHURRASCO",120246641577180489,2026-08-11,0.09,,,,90,,1,1,1,1,1,2026-08-11,2026-08-11
bbe-a1-ago-26--venda--perpetuo--cold_cbo,120247222090980489,01_automatico_18-55_interesses_churras,120247222091120489,ad09-bbe-ppt-ago26--feio-1,120247222206420489,2026-08-11,32.27,8,,0.90909091,36.67045455,4.03375,880,,,,,2026-08-11,2026-08-11
bbe-a1-jul-26--venda--perpetuo--hot_cbo_vencedores,120246796479480489,01_automatico_seguidores_ig_fb,120246796490920489,ad04-bbe-ppt-mai26--o-netão-te-ensina-corrigido,120247024497160489,2026-08-11,70.14,45,,1.62572254,25.33959538,1.55866667,2768,,,,,2026-08-11,2026-08-11
bbe-a1-jul-26--venda--perpetuo--hot_cbo_videos,120246641531020489,01_automatico_seguidores_ig_fb,120246641530990489,"ADS 3 V5 - WORKSHOP CHURRASCO",120246641577050489,2026-08-11,0.01,,,,10,,1,1,1,1,1,2026-08-11,2026-08-11
bbe-a1-jul-26--venda--perpetuo--hot_cbo_vencedores,120246796479480489,01_automatico_ig180_fb180,120246796490900489,ad07-bbe-ppt-mai26--sal-grosso-sozinho-não-salva,120246796503380489,2026-08-10,0.17,,,,170,,1,,,,,2026-08-10,2026-08-10
bbe-a1-jul-26--venda--perpetuo--hot_cbo_videos,120246641531020489,01_automatico_ig180_fb180,120246641531130489,"ADS 1 - WORKSHOP CHURRASCO",120246641577410489,2026-08-10,1.6,,,,59.25925926,,27,4,1,2,,2026-08-10,2026-08-10
bbe-a1-jul-26--venda--perpetuo--hot_cbo_vencedores-lpd,120247080021040489,01_automatico_ig180_fb180,120247080021330489,"ADS 3 V5 - WORKSHOP CHURRASCO",120247080021420489,2026-08-10,46.35,19,1,1.72570391,42.09809264,2.43947368,1101,248,52,131,48,2026-08-10,2026-08-10
bbe-a1-ago-26--venda--perpetuo--cold_cbo_videos,120247230719780489,01_automatico_18-55_interesses_churras,120247230719770489,"ADS 5 V3 REEDITADO - WORKSHOP CHURRASCO",120247230723930489,2026-08-10,4.63,1,,0.7518797,34.81203008,4.63,133,47,6,10,3,2026-08-10,2026-08-10
bbe-a1-jul-26--venda--perpetuo--hot_cbo_vencedores,120246796479480489,01_automatico_seguidores_ig_fb,120246796490920489,"ADS 3 V4 - WORKSHOP CHURRASCO",120246796503320489,2026-08-10,0.33,,,,82.5,,4,2,1,1,,2026-08-10,2026-08-10
bbe-a1-jul-26--venda--perpetuo--hot_cbo_videos,120246641531020489,01_automatico_seguidores_ig_fb,120246641530990489,"ADS 5 V2 REEDITADO - WORKSHOP CHURRASCO",120247230698170489,2026-08-10,4.88,2,,1.2987013,31.68831169,2.44,154,30,8,11,2,2026-08-10,2026-08-10
bbe-a1-jul-26--venda--perpetuo--hot_cbo_videos,120246641531020489,00_automatico_ig030_fb030,120246641531090489,"ADS 6 - WORKSHOP CHURRASCO",120246641577230489,2026-08-10,0.04,,,,20,,2,,,,,2026-08-10,2026-08-10
bbe-a1-jul-26--venda--perpetuo--hot_cbo_vencedores,120246796479480489,01_automatico_ig180_fb180,120246796490900489,"ADS 3 V4 - WORKSHOP CHURRASCO",120246796503370489,2026-08-10,6.01,4,,2.53164557,38.03797468,1.5025,158,34,14,22,12,2026-08-10,2026-08-10
bbe-a1-jul-26--venda--perpetuo--hot_cbo_vencedores-lpc,120247080021050489,01_automatico_ig180_fb180,120247080021350489,"ADS 3 V5 - WORKSHOP CHURRASCO",120247080021520489,2026-08-10,2.36,2,,6.89655172,81.37931034,1.18,29,11,3,6,2,2026-08-10,2026-08-10
bbe-a1-jul-26--venda--perpetuo--hot_cbo_vencedores,120246796479480489,01_automatico_seguidores_ig_fb,120246796490920489,"ADS 4 V2 - WORKSHOP CHURRASCO",120246796503260489,2026-08-10,4.05,1,,0.76335878,30.91603053,4.05,131,24,3,11,3,2026-08-10,2026-08-10
bbe-a1-jul-26--venda--perpetuo--hot_cbo_videos,120246641531020489,00_automatico_ig030_fb030,120246641531090489,"ADS 2 - WORKSHOP CHURRASCO",120246641577330489,2026-08-10,11.32,4,,1.08991826,30.84468665,2.83,367,78,9,30,7,2026-08-10,2026-08-10
bbe-a1-jul-26--venda--perpetuo--hot_cbo_videos,120246641531020489,00_automatico_ig030_fb030,120246641531090489,"ADS 4 V2 - WORKSHOP CHURRASCO",120246641577320489,2026-08-10,1.69,,,,67.6,,25,6,1,3,1,2026-08-10,2026-08-10
bbe-a1-jul-26--venda--perpetuo--hot_cbo_videos,120246641531020489,01_automatico_ig180_fb180,120246641531130489,"ADS 2 - WORKSHOP CHURRASCO",120246641577530489,2026-08-10,0.31,,,,20.66666667,,15,4,,3,,2026-08-10,2026-08-10
bbe-a1-jul-26--venda--perpetuo--hot_cbo_videos,120246641531020489,01_automatico_seguidores_ig_fb,120246641530990489,"ADS 8 V1 - WORKSHOP CHURRASCO",120246641577150489,2026-08-10,0.02,,,,20,,1,1,1,1,1,2026-08-10,2026-08-10
bbe-a1-jul-26--venda--perpetuo--hot_cbo_vencedores,120246796479480489,01_automatico_ig180_fb180,120246796490900489,"ADS 8 V1 - WORKSHOP CHURRASCO",120246796503360489,2026-08-10,4.41,,,,44.54545455,,99,24,10,11,6,2026-08-10,2026-08-10
bbe-a1-jul-26--venda--perpetuo--hot_cbo_videos,120246641531020489,01_automatico_ig180_fb180,120246641531130489,"ADS 5 V1 REEDITADO - WORKSHOP CHURRASCO",120247230558390489,2026-08-10,0.55,1,,3.125,17.1875,0.55,32,11,2,5,1,2026-08-10,2026-08-10
bbe-a1-jul-26--venda--perpetuo--hot_cbo_videos,120246641531020489,00_automatico_ig030_fb030,120246641531090489,"ADS 5 V1 REEDITADO - WORKSHOP CHURRASCO",120247230698190489,2026-08-10,4.22,3,,2.67857143,37.67857143,1.40666667,112,33,6,10,3,2026-08-10,2026-08-10
bbe-a1-jul-26--venda--perpetuo--hot_cbo_vencedores,120246796479480489,01_automatico_seguidores_ig_fb,120246796490920489,"ADS 8 V1 - WORKSHOP CHURRASCO",120246796503300489,2026-08-10,0.37,,,,74,,5,2,,,,2026-08-10,2026-08-10
bbe-a1-jul-26--venda--perpetuo--hot_cbo_vencedores,120246796479480489,01_automatico_seguidores_ig_fb,120246796490920489,"ADS 3 V1 - WORKSHOP CHURRASCO",120246796503290489,2026-08-10,0.01,,,,10,,1,,,,,2026-08-10,2026-08-10
bbe-a1-jul-26--venda--perpetuo--hot_cbo_videos,120246641531020489,01_automatico_seguidores_ig_fb,120246641530990489,"ADS 3 V4 - WORKSHOP CHURRASCO",120246641577080489,2026-08-10,1.1,,,,32.35294118,,34,4,,1,1,2026-08-10,2026-08-10
bbe-a1-jul-26--venda--perpetuo--hot_cbo_videos,120246641531020489,00_automatico_ig030_fb030,120246641531090489,"ADS 5 V2 REEDITADO - WORKSHOP CHURRASCO",120247230698180489,2026-08-10,29.78,11,,1.09343936,29.60238569,2.70727273,1006,257,48,73,24,2026-08-10,2026-08-10
bbe-a1-jul-26--venda--perpetuo--hot_cbo_videos,120246641531020489,00_automatico_ig030_fb030,120246641531090489,"ADS 5 V3 REEDITADO - WORKSHOP CHURRASCO",120247230698200489,2026-08-10,5.73,3,,1.96078431,37.45098039,1.91,153,31,9,9,5,2026-08-10,2026-08-10
bbe-a1-ago-26--venda--perpetuo--cold_cbo_videos,120247230719780489,01_automatico_18-55_interesses_churras,120247230719770489,"ADS 5 V1 REEDITADO - WORKSHOP CHURRASCO",120247230723920489,2026-08-10,2.5,,,,25,,100,30,6,9,3,2026-08-10,2026-08-10
bbe-a1-jul-26--venda--perpetuo--hot_cbo_vencedores-lpd,120247080021040489,01_automatico_seguidores_ig_fb,120247080021340489,ad07-bbe-ppt-mai26--sal-grosso-sozinho-não-salva,120247080021180489,2026-08-10,3.19,2,,1.51515152,24.16666667,1.595,132,,,,,2026-08-10,2026-08-10
bbe-a1-jul-26--venda--perpetuo--hot_cbo_videos,120246641531020489,01_automatico_ig180_fb180,120246641531130489,"ADS 5 V3 REEDITADO - WORKSHOP CHURRASCO",120247230678220489,2026-08-10,1.59,2,,6.25,49.6875,0.795,32,9,2,3,1,2026-08-10,2026-08-10
bbe-a1-jul-26--venda--perpetuo--hot_cbo_vencedores,120246796479480489,01_automatico_ig180_fb180,120246796490900489,"ADS 4 V2 - WORKSHOP CHURRASCO",120246796503410489,2026-08-10,18.34,4,,0.82644628,37.89256198,4.585,484,70,14,45,17,2026-08-10,2026-08-10
bbe-a1-jul-26--venda--perpetuo--hot_cbo_videos,120246641531020489,01_automatico_seguidores_ig_fb,120246641530990489,"ADS 1 - WORKSHOP CHURRASCO",120246641576970489,2026-08-10,0.16,,,,20,,8,2,1,1,,2026-08-10,2026-08-10
bbe-a1-jul-26--venda--perpetuo--hot_cbo_videos,120246641531020489,00_automatico_ig030_fb030,120246641531090489,"ADS 8 V1 - WORKSHOP CHURRASCO",120246641577340489,2026-08-10,0.02,,,,20,,1,1,,,,2026-08-10,2026-08-10
bbe-a1-jul-26--venda--perpetuo--hot_cbo_videos,120246641531020489,01_automatico_ig180_fb180,120246641531130489,"ADS 3 V4 - WORKSHOP CHURRASCO",120246641577520489,2026-08-10,0.37,1,,7.14285714,26.42857143,0.37,14,3,3,3,1,2026-08-10,2026-08-10
bbe-a1-jul-26--venda--perpetuo--hot_cbo_vencedores-lpc,120247080021050489,01_automatico_ig180_fb180,120247080021350489,"ADS 3 V4 - WORKSHOP CHURRASCO",120247080021530489,2026-08-10,0.32,,,,45.71428571,,7,1,1,1,1,2026-08-10,2026-08-10
bbe-a1-ago-26--venda--perpetuo--cold_cbo,120247222090980489,01_automatico_18-55_interesses_churras,120247222091120489,ad10-bbe-ppt-ago26--sal-grosso,120247222090990489,2026-08-10,44.47,3,,0.19828156,29.39193655,14.82333333,1513,,,,,2026-08-10,2026-08-10
bbe-a1-jul-26--venda--perpetuo--hot_cbo_videos,120246641531020489,01_automatico_seguidores_ig_fb,120246641530990489,"ADS 5 V1 REEDITADO - WORKSHOP CHURRASCO",120247230698150489,2026-08-10,11.36,2,,0.53191489,30.21276596,5.68,376,87,15,29,6,2026-08-10,2026-08-10
bbe-a1-jul-26--venda--perpetuo--hot_cbo_vencedores-lpb,120247080021400489,01_automatico_seguidores_ig_fb,120247080021380489,ad04-bbe-ppt-mai26--o-netão-te-ensina-corrigido,120247080021670489,2026-08-10,55.47,33,,0.87859425,14.76837061,1.68090909,3756,,,,,2026-08-10,2026-08-10
bbe-a1-jul-26--venda--perpetuo--hot_cbo_vencedores-lpc,120247080021050489,01_automatico_seguidores_ig_fb,120247080021360489,ad04-bbe-ppt-mai26--o-netão-te-ensina-corrigido,120247080021680489,2026-08-10,6.69,8,,3.41880342,28.58974359,0.83625,234,,,,,2026-08-10,2026-08-10
bbe-a1-jul-26--venda--perpetuo--hot_cbo_vencedores,120246796479480489,01_automatico_seguidores_ig_fb,120246796490920489,ad07-bbe-ppt-mai26--sal-grosso-sozinho-não-salva,120246796503280489,2026-08-10,0.26,,,,28.88888889,,9,,,,,2026-08-10,2026-08-10
bbe-a1-jul-26--venda--perpetuo--hot_cbo_videos,120246641531020489,01_automatico_seguidores_ig_fb,120246641530990489,"ADS 2 - WORKSHOP CHURRASCO",120246641577090489,2026-08-10,0.89,,,,22.25,,40,7,,2,,2026-08-10,2026-08-10
bbe-a1-jul-26--venda--perpetuo--hot_cbo_videos,120246641531020489,01_automatico_seguidores_ig_fb,120246641530990489,"ADS 6 - WORKSHOP CHURRASCO",120246641577040489,2026-08-10,55.65,25,1,1.47754137,32.89007092,2.226,1692,516,224,237,170,2026-08-10,2026-08-10
bbe-a1-jul-26--venda--perpetuo--hot_cbo_videos,120246641531020489,01_automatico_ig180_fb180,120246641531130489,"ADS 5 V2 REEDITADO - WORKSHOP CHURRASCO",120247230665620489,2026-08-10,6.66,4,,1.68776371,28.10126582,1.665,237,53,7,13,5,2026-08-10,2026-08-10
bbe-a1-jul-26--venda--perpetuo--hot_cbo_videos,120246641531020489,01_automatico_ig180_fb180,120246641531130489,"ADS 6 - WORKSHOP CHURRASCO",120246641577450489,2026-08-10,16.5,8,,1.59045726,32.80318091,2.0625,503,150,59,65,35,2026-08-10,2026-08-10
bbe-a1-jul-26--venda--perpetuo--hot_cbo_videos,120246641531020489,01_automatico_seguidores_ig_fb,120246641530990489,"ADS 5 V3 REEDITADO - WORKSHOP CHURRASCO",120247230698160489,2026-08-10,4.52,,,,25.53672316,,177,49,13,18,4,2026-08-10,2026-08-10
bbe-a1-jul-26--venda--perpetuo--hot_cbo_vencedores-lpb,120247080021400489,01_automatico_ig180_fb180,120247080021370489,ad07-bbe-ppt-mai26--sal-grosso-sozinho-não-salva,120247080021490489,2026-08-10,17.07,5,,0.70028011,23.90756303,3.414,714,,,,,2026-08-10,2026-08-10
bbe-a1-jul-26--venda--perpetuo--hot_cbo_vencedores,120246796479480489,01_automatico_ig180_fb180,120246796490900489,"ADS 3 V1 - WORKSHOP CHURRASCO",120246796503340489,2026-08-10,41.39,12,1,1.07816712,37.18778077,3.44916667,1113,229,60,120,42,2026-08-10,2026-08-10
bbe-a1-jul-26--venda--perpetuo--hot_cbo_videos,120246641531020489,01_automatico_ig180_fb180,120246641531130489,"ADS 4 V2 - WORKSHOP CHURRASCO",120246641577380489,2026-08-10,0.13,,,,21.66666667,,6,2,,2,,2026-08-10,2026-08-10
bbe-a1-jul-26--venda--perpetuo--hot_cbo_videos,120246641531020489,01_automatico_seguidores_ig_fb,120246641530990489,"ADS 3 V5 - WORKSHOP CHURRASCO",120246641577050489,2026-08-10,0.33,,,,25.38461538,,13,3,,4,1,2026-08-10,2026-08-10
bbe-a1-jul-26--venda--perpetuo--hot_cbo_videos,120246641531020489,00_automatico_ig030_fb030,120246641531090489,"ADS 3 V1 - WORKSHOP CHURRASCO",120246641577250489,2026-08-10,0.25,,,,25,,10,4,,,,2026-08-10,2026-08-10
bbe-a1-ago-26--venda--perpetuo--cold_cbo_videos,120247230719780489,01_automatico_18-55_interesses_churras,120247230719770489,"ADS 5 V2 REEDITADO - WORKSHOP CHURRASCO",120247230723940489,2026-08-10,20.71,4,,0.73937153,38.28096118,5.1775,541,151,31,47,10,2026-08-10,2026-08-10
bbe-a1-jul-26--venda--perpetuo--hot_cbo_vencedores-lpd,120247080021040489,01_automatico_seguidores_ig_fb,120247080021340489,ad04-bbe-ppt-mai26--o-netão-te-ensina-corrigido,120247080021660489,2026-08-10,38.77,28,2,1.10671937,15.32411067,1.38464286,2530,,,,,2026-08-10,2026-08-10
bbe-a1-jul-26--venda--perpetuo--hot_cbo_videos,120246641531020489,01_automatico_ig180_fb180,120246641531130489,"ADS 3 V1 - WORKSHOP CHURRASCO",120246641577490489,2026-08-10,3.25,,,,63.7254902,,51,6,,1,,2026-08-10,2026-08-10
bbe-a1-jul-26--venda--perpetuo--hot_cbo_vencedores,120246796479480489,01_automatico_seguidores_ig_fb,120246796490920489,ad04-bbe-ppt-mai26--o-netão-te-ensina-corrigido,120247024497160489,2026-08-10,83.54,36,,0.9319182,21.62567952,2.32055556,3863,,,,,2026-08-10,2026-08-10
bbe-a1-ago-26--venda--perpetuo--cold_cbo,120247222090980489,01_automatico_18-55_interesses_churras,120247222091120489,ad09-bbe-ppt-ago26--feio-1,120247222206420489,2026-08-10,55.6,13,,0.59578368,25.4812099,4.27692308,2182,,,,,2026-08-10,2026-08-10
bbe-a1-jul-26--venda--perpetuo--hot_cbo_vencedores,120246796479480489,01_automatico_ig180_fb180,120246796490900489,"ADS 3 V5 - WORKSHOP CHURRASCO",120246796503400489,2026-08-10,0.12,,,,20,,6,3,2,2,2,2026-08-10,2026-08-10
bbe-a1-jul-26--venda--perpetuo--hot_cbo_videos,120246641531020489,00_automatico_ig030_fb030,120246641531090489,"ADS 1 - WORKSHOP CHURRASCO",120246641577180489,2026-08-10,1.36,1,,8.33333333,113.33333333,1.36,12,3,3,2,2,2026-08-10,2026-08-10
bbe-a1-jul-26--venda--perpetuo--hot_cbo_vencedores,120246796479480489,01_automatico_seguidores_ig_fb,120246796490920489,"ADS 3 V5 - WORKSHOP CHURRASCO",120246796503310489,2026-08-10,0.1,,,,16.66666667,,6,2,,,,2026-08-10,2026-08-10
bbe-a1-jul-26--venda--perpetuo--hot_cbo_videos,120246641531020489,01_automatico_seguidores_ig_fb,120246641530990489,"ADS 1 - WORKSHOP CHURRASCO",120246641576970489,2026-08-09,0.05,,,,50,,1,,,,,2026-08-09,2026-08-09
bbe-a1-jul-26--venda--perpetuo--hot_cbo_videos,120246641531020489,01_automatico_ig180_fb180,120246641531130489,"ADS 1 - WORKSHOP CHURRASCO",120246641577410489,2026-08-09,5.54,2,,1.51515152,41.96969697,2.77,132,28,9,14,3,2026-08-09,2026-08-09
bbe-a1-jul-26--venda--perpetuo--hot_cbo_vencedores-lpc,120247080021050489,01_automatico_ig180_fb180,120247080021350489,"ADS 3 V5 - WORKSHOP CHURRASCO",120247080021520489,2026-08-09,30.49,3,,0.36991369,37.59556104,10.16333333,811,176,49,95,41,2026-08-09,2026-08-09
bbe-a1-jul-26--venda--perpetuo--hot_cbo_vencedores,120246796479480489,01_automatico_ig180_fb180,120246796490900489,"ADS 3 V4 - WORKSHOP CHURRASCO",120246796503370489,2026-08-09,1.49,2,,6.25,46.5625,0.745,32,9,4,8,3,2026-08-09,2026-08-09
bbe-a1-jul-26--venda--perpetuo--hot_cbo_vencedores-lpb,120247080021400489,01_automatico_seguidores_ig_fb,120247080021380489,ad07-bbe-ppt-mai26--sal-grosso-sozinho-não-salva,120247080021070489,2026-08-09,0.19,,,,31.66666667,,6,,,,,2026-08-09,2026-08-09
bbe-a1-jul-26--venda--perpetuo--hot_cbo_videos,120246641531020489,00_automatico_ig030_fb030,120246641531090489,"ADS 6 - WORKSHOP CHURRASCO",120246641577230489,2026-08-09,0.21,1,,16.66666667,35,0.21,6,3,2,2,2,2026-08-09,2026-08-09
bbe-a1-jul-26--venda--perpetuo--hot_cbo_vencedores,120246796479480489,01_automatico_seguidores_ig_fb,120246796490920489,"ADS 3 V4 - WORKSHOP CHURRASCO",120246796503320489,2026-08-09,1.06,,,,25.85365854,,41,6,,,1,2026-08-09,2026-08-09
bbe-a1-jul-26--venda--perpetuo--hot_cbo_vencedores-lpd,120247080021040489,01_automatico_ig180_fb180,120247080021330489,"ADS 3 V5 - WORKSHOP CHURRASCO",120247080021420489,2026-08-09,37.06,10,,1.13250283,41.97055493,3.706,883,212,44,110,42,2026-08-09,2026-08-09
bbe-a1-jul-26--venda--perpetuo--hot_cbo_vencedores,120246796479480489,01_automatico_seguidores_ig_fb,120246796490920489,"ADS 3 V1 - WORKSHOP CHURRASCO",120246796503290489,2026-08-09,0.67,1,,4.76190476,31.9047619,0.67,21,5,1,2,,2026-08-09,2026-08-09
bbe-a1-jul-26--venda--perpetuo--hot_cbo_vencedores,120246796479480489,01_automatico_ig180_fb180,120246796490900489,ad07-bbe-ppt-mai26--sal-grosso-sozinho-não-salva,120246796503380489,2026-08-09,0.05,,,,12.5,,4,,,,,2026-08-09,2026-08-09
bbe-a1-jul-26--venda--perpetuo--hot_cbo_videos,120246641531020489,00_automatico_ig030_fb030,120246641531090489,"ADS 4 V2 - WORKSHOP CHURRASCO",120246641577320489,2026-08-09,3.54,4,,4.12371134,36.49484536,0.885,97,20,1,15,1,2026-08-09,2026-08-09
bbe-a1-jul-26--venda--perpetuo--hot_cbo_videos,120246641531020489,00_automatico_ig030_fb030,120246641531090489,"ADS 2 - WORKSHOP CHURRASCO",120246641577330489,2026-08-09,10.68,2,,0.61538462,32.86153846,5.34,325,80,13,34,11,2026-08-09,2026-08-09
bbe-a1-jul-26--venda--perpetuo--hot_cbo_vencedores,120246796479480489,01_automatico_ig180_fb180,120246796490900489,"ADS 8 V1 - WORKSHOP CHURRASCO",120246796503360489,2026-08-09,0.61,,,,33.88888889,,18,3,1,1,,2026-08-09,2026-08-09
bbe-a1-jul-26--venda--perpetuo--hot_cbo_vencedores,120246796479480489,01_automatico_seguidores_ig_fb,120246796490920489,"ADS 8 V1 - WORKSHOP CHURRASCO",120246796503300489,2026-08-09,0.62,,,,31,,20,3,,,,2026-08-09,2026-08-09
bbe-a1-jul-26--venda--perpetuo--hot_cbo_videos,120246641531020489,00_automatico_ig030_fb030,120246641531090489,"ADS 3 V5 - WORKSHOP CHURRASCO",120246641577240489,2026-08-09,0.39,,,,22.94117647,,17,1,,1,,2026-08-09,2026-08-09
bbe-a1-jul-26--venda--perpetuo--hot_cbo_videos,120246641531020489,01_automatico_ig180_fb180,120246641531130489,"ADS 2 - WORKSHOP CHURRASCO",120246641577530489,2026-08-09,0,,,,0,,1,,,,,2026-08-09,2026-08-09
bbe-a1-jul-26--venda--perpetuo--hot_cbo_vencedores,120246796479480489,01_automatico_seguidores_ig_fb,120246796490920489,"ADS 4 V2 - WORKSHOP CHURRASCO",120246796503260489,2026-08-09,13.04,1,,0.23094688,30.11547344,13.04,433,62,7,30,9,2026-08-09,2026-08-09
bbe-a1-jul-26--venda--perpetuo--hot_cbo_videos,120246641531020489,01_automatico_seguidores_ig_fb,120246641530990489,"ADS 3 V1 - WORKSHOP CHURRASCO",120246641577140489,2026-08-09,0.11,,,,55,,2,,,,,2026-08-09,2026-08-09
bbe-a1-jul-26--venda--perpetuo--hot_cbo_vencedores-lpb,120247080021400489,01_automatico_seguidores_ig_fb,120247080021380489,"ADS 3 V5 - WORKSHOP CHURRASCO",120247080021100489,2026-08-09,0.07,,,,17.5,,4,,,,,2026-08-09,2026-08-09
bbe-a1-jul-26--venda--perpetuo--hot_cbo_vencedores,120246796479480489,01_automatico_seguidores_ig_fb,120246796490920489,ad04-bbe-ppt-mai26--o-netão-te-ensina-corrigido,120247024497160489,2026-08-09,73.36,27,1,0.87776333,23.84915475,2.71703704,3076,,,,,2026-08-09,2026-08-09
bbe-a1-jul-26--venda--perpetuo--hot_cbo_vencedores,120246796479480489,01_automatico_ig180_fb180,120246796490900489,"ADS 4 V2 - WORKSHOP CHURRASCO",120246796503410489,2026-08-09,28.47,6,,0.59642147,28.30019881,4.745,1006,146,28,84,35,2026-08-09,2026-08-09
bbe-a1-jul-26--venda--perpetuo--hot_cbo_videos,120246641531020489,01_automatico_ig180_fb180,120246641531130489,"ADS 3 V4 - WORKSHOP CHURRASCO",120246641577520489,2026-08-09,1.25,1,,12.5,156.25,1.25,8,2,,1,1,2026-08-09,2026-08-09
bbe-a1-jul-26--venda--perpetuo--hot_cbo_videos,120246641531020489,00_automatico_ig030_fb030,120246641531090489,"ADS 8 V1 - WORKSHOP CHURRASCO",120246641577340489,2026-08-09,0.92,,,,24.21052632,,38,4,,1,,2026-08-09,2026-08-09
bbe-a1-jul-26--venda--perpetuo--hot_cbo_vencedores-lpb,120247080021400489,01_automatico_ig180_fb180,120247080021370489,ad07-bbe-ppt-mai26--sal-grosso-sozinho-não-salva,120247080021490489,2026-08-09,35.95,10,,0.75930144,27.29688686,3.595,1317,,,,,2026-08-09,2026-08-09
bbe-a1-jul-26--venda--perpetuo--hot_cbo_vencedores-lpc,120247080021050489,01_automatico_seguidores_ig_fb,120247080021360489,ad04-bbe-ppt-mai26--o-netão-te-ensina-corrigido,120247080021680489,2026-08-09,69.43,23,,0.69739236,21.05215282,3.01869565,3298,,,,,2026-08-09,2026-08-09
bbe-a1-jul-26--venda--perpetuo--hot_cbo_vencedores,120246796479480489,01_automatico_seguidores_ig_fb,120246796490920489,ad07-bbe-ppt-mai26--sal-grosso-sozinho-não-salva,120246796503280489,2026-08-09,10.58,2,,0.71428571,37.78571429,5.29,280,,,,,2026-08-09,2026-08-09
bbe-a1-jul-26--venda--perpetuo--hot_cbo_videos,120246641531020489,01_automatico_seguidores_ig_fb,120246641530990489,"ADS 2 - WORKSHOP CHURRASCO",120246641577090489,2026-08-09,0.68,,,,34,,20,1,,1,,2026-08-09,2026-08-09
bbe-a1-jul-26--venda--perpetuo--hot_cbo_videos,120246641531020489,01_automatico_seguidores_ig_fb,120246641530990489,"ADS 6 - WORKSHOP CHURRASCO",120246641577040489,2026-08-09,82.24,30,,1.50678051,41.30587644,2.74133333,1991,597,286,299,200,2026-08-09,2026-08-09
bbe-a1-jul-26--venda--perpetuo--hot_cbo_videos,120246641531020489,01_automatico_ig180_fb180,120246641531130489,"ADS 6 - WORKSHOP CHURRASCO",120246641577450489,2026-08-09,41.11,7,,0.67372474,39.56689124,5.87285714,1039,325,170,179,102,2026-08-09,2026-08-09
bbe-a1-jul-26--venda--perpetuo--hot_cbo_vencedores-lpb,120247080021400489,01_automatico_seguidores_ig_fb,120247080021380489,ad04-bbe-ppt-mai26--o-netão-te-ensina-corrigido,120247080021670489,2026-08-09,70.01,34,,0.99415205,20.47076023,2.05911765,3420,,,,,2026-08-09,2026-08-09
bbe-a1-jul-26--venda--perpetuo--hot_cbo_vencedores,120246796479480489,01_automatico_ig180_fb180,120246796490900489,"ADS 3 V1 - WORKSHOP CHURRASCO",120246796503340489,2026-08-09,138.79,40,,1.2399256,43.02231866,3.46975,3226,676,169,347,113,2026-08-09,2026-08-09
bbe-a1-jul-26--venda--perpetuo--hot_cbo_vencedores,120246796479480489,01_automatico_seguidores_ig_fb,120246796490920489,"ADS 3 V5 - WORKSHOP CHURRASCO",120246796503310489,2026-08-09,2.23,2,,1.81818182,20.27272727,1.115,110,23,5,10,2,2026-08-09,2026-08-09
bbe-a1-jul-26--venda--perpetuo--hot_cbo_videos,120246641531020489,00_automatico_ig030_fb030,120246641531090489,"ADS 1 - WORKSHOP CHURRASCO",120246641577180489,2026-08-09,10.57,3,,2.47933884,87.3553719,3.52333333,121,24,12,14,9,2026-08-09,2026-08-09
bbe-a1-jul-26--venda--perpetuo--hot_cbo_vencedores,120246796479480489,01_automatico_ig180_fb180,120246796490900489,"ADS 3 V5 - WORKSHOP CHURRASCO",120246796503400489,2026-08-09,0.06,,,,8.57142857,,7,,,,,2026-08-09,2026-08-09
bbe-a1-jul-26--venda--perpetuo--hot_cbo_videos,120246641531020489,01_automatico_ig180_fb180,120246641531130489,"ADS 4 V2 - WORKSHOP CHURRASCO",120246641577380489,2026-08-09,0.05,,,,50,,1,,,,,2026-08-09,2026-08-09
bbe-a1-jul-26--venda--perpetuo--hot_cbo_vencedores-lpd,120247080021040489,01_automatico_seguidores_ig_fb,120247080021340489,ad04-bbe-ppt-mai26--o-netão-te-ensina-corrigido,120247080021660489,2026-08-09,67.31,36,,1.0233087,19.13303013,1.86972222,3518,,,,,2026-08-09,2026-08-09
bbe-a1-jul-26--venda--perpetuo--hot_cbo_vencedores-lpc,120247080021050489,01_automatico_ig180_fb180,120247080021350489,"ADS 3 V4 - WORKSHOP CHURRASCO",120247080021530489,2026-08-09,8.38,,,,58.19444444,,144,30,6,13,3,2026-08-09,2026-08-09
bbe-a1-jul-26--venda--perpetuo--hot_cbo_videos,120246641531020489,01_automatico_seguidores_ig_fb,120246641530990489,"ADS 3 V5 - WORKSHOP CHURRASCO",120246641577050489,2026-08-09,0.75,,,,37.5,,20,9,2,5,2,2026-08-09,2026-08-09
bbe-a1-jul-26--venda--perpetuo--hot_cbo_videos,120246641531020489,01_automatico_ig180_fb180,120246641531130489,"ADS 1 - WORKSHOP CHURRASCO",120246641577410489,2026-08-08,1.04,,,,115.55555556,,9,2,1,2,,2026-08-08,2026-08-08
bbe-a1-jul-26--venda--perpetuo--hot_cbo_videos,120246641531020489,01_automatico_seguidores_ig_fb,120246641530990489,"ADS 3 V1 - WORKSHOP CHURRASCO",120246641577140489,2026-08-08,0.29,,,,58,,5,,,,,2026-08-08,2026-08-08
bbe-a1-jul-26--venda--perpetuo--hot_cbo_vencedores-lpc,120247080021050489,01_automatico_ig180_fb180,120247080021350489,"ADS 3 V5 - WORKSHOP CHURRASCO",120247080021520489,2026-08-08,43.38,16,,1.70031881,46.09989373,2.71125,941,238,74,133,67,2026-08-08,2026-08-08
bbe-a1-jul-26--venda--perpetuo--hot_cbo_vencedores,120246796479480489,01_automatico_ig180_fb180,120246796490900489,"ADS 3 V4 - WORKSHOP CHURRASCO",120246796503370489,2026-08-08,6.51,2,,0.68965517,22.44827586,3.255,290,64,14,29,9,2026-08-08,2026-08-08
bbe-a1-jul-26--venda--perpetuo--hot_cbo_vencedores,120246796479480489,01_automatico_seguidores_ig_fb,120246796490920489,"ADS 3 V4 - WORKSHOP CHURRASCO",120246796503320489,2026-08-08,1.06,1,,5.88235294,62.35294118,1.06,17,2,,,,2026-08-08,2026-08-08
bbe-a1-jul-26--venda--perpetuo--hot_cbo_vencedores-lpd,120247080021040489,01_automatico_ig180_fb180,120247080021330489,ad07-bbe-ppt-mai26--sal-grosso-sozinho-não-salva,120247080021470489,2026-08-08,0.07,,,,70,,1,,,,,2026-08-08,2026-08-08
bbe-a1-jul-26--venda--perpetuo--hot_cbo_vencedores-lpd,120247080021040489,01_automatico_ig180_fb180,120247080021330489,"ADS 3 V5 - WORKSHOP CHURRASCO",120247080021420489,2026-08-08,39.16,12,1,1.18929633,38.81070367,3.26333333,1009,231,54,132,45,2026-08-08,2026-08-08
bbe-a1-jul-26--venda--perpetuo--hot_cbo_vencedores,120246796479480489,01_automatico_seguidores_ig_fb,120246796490920489,"ADS 3 V1 - WORKSHOP CHURRASCO",120246796503290489,2026-08-08,0.13,,,,16.25,,8,,,,,2026-08-08,2026-08-08
bbe-a1-jul-26--venda--perpetuo--hot_cbo_videos,120246641531020489,00_automatico_ig030_fb030,120246641531090489,"ADS 2 - WORKSHOP CHURRASCO",120246641577330489,2026-08-08,39.31,9,,0.83256244,36.36447734,4.36777778,1081,247,32,105,30,2026-08-08,2026-08-08
bbe-a1-jul-26--venda--perpetuo--hot_cbo_videos,120246641531020489,01_automatico_seguidores_ig_fb,120246641530990489,"ADS 8 V1 - WORKSHOP CHURRASCO",120246641577150489,2026-08-08,0.81,,,,45,,18,3,1,2,1,2026-08-08,2026-08-08
bbe-a1-jul-26--venda--perpetuo--hot_cbo_vencedores,120246796479480489,01_automatico_seguidores_ig_fb,120246796490920489,"ADS 8 V1 - WORKSHOP CHURRASCO",120246796503300489,2026-08-08,0.24,,,,26.66666667,,9,1,1,1,,2026-08-08,2026-08-08
bbe-a1-jul-26--venda--perpetuo--hot_cbo_vencedores,120246796479480489,01_automatico_seguidores_ig_fb,120246796490920489,"ADS 4 V2 - WORKSHOP CHURRASCO",120246796503260489,2026-08-08,2.92,4,,3.80952381,27.80952381,0.73,105,20,7,14,7,2026-08-08,2026-08-08
bbe-a1-jul-26--venda--perpetuo--hot_cbo_videos,120246641531020489,01_automatico_seguidores_ig_fb,120246641530990489,"ADS 3 V4 - WORKSHOP CHURRASCO",120246641577080489,2026-08-08,0.81,,,,38.57142857,,21,5,1,1,,2026-08-08,2026-08-08
bbe-a1-jul-26--venda--perpetuo--hot_cbo_videos,120246641531020489,00_automatico_ig030_fb030,120246641531090489,"ADS 3 V5 - WORKSHOP CHURRASCO",120246641577240489,2026-08-08,0.05,,,,50,,1,1,,1,,2026-08-08,2026-08-08
bbe-a1-jul-26--venda--perpetuo--hot_cbo_videos,120246641531020489,01_automatico_ig180_fb180,120246641531130489,"ADS 2 - WORKSHOP CHURRASCO",120246641577530489,2026-08-08,0.01,,,,10,,1,,,,,2026-08-08,2026-08-08
bbe-a1-jul-26--venda--perpetuo--hot_cbo_videos,120246641531020489,00_automatico_ig030_fb030,120246641531090489,"ADS 8 V1 - WORKSHOP CHURRASCO",120246641577340489,2026-08-08,0.08,,,,26.66666667,,3,1,,,,2026-08-08,2026-08-08
bbe-a1-jul-26--venda--perpetuo--hot_cbo_vencedores,120246796479480489,01_automatico_ig180_fb180,120246796490900489,"ADS 4 V2 - WORKSHOP CHURRASCO",120246796503410489,2026-08-08,40.82,12,,1.04712042,35.61954625,3.40166667,1146,171,33,121,42,2026-08-08,2026-08-08
bbe-a1-jul-26--venda--perpetuo--hot_cbo_videos,120246641531020489,01_automatico_seguidores_ig_fb,120246641530990489,"ADS 6 - WORKSHOP CHURRASCO",120246641577040489,2026-08-08,57.55,24,1,2.03045685,48.68866328,2.39791667,1182,406,192,198,147,2026-08-08,2026-08-08
bbe-a1-jul-26--venda--perpetuo--hot_cbo_vencedores-lpc,120247080021050489,01_automatico_ig180_fb180,120247080021350489,"ADS 3 V4 - WORKSHOP CHURRASCO",120247080021530489,2026-08-08,0.61,,,,19.0625,,32,10,4,7,2,2026-08-08,2026-08-08
bbe-a1-jul-26--venda--perpetuo--hot_cbo_vencedores,120246796479480489,01_automatico_ig180_fb180,120246796490900489,"ADS 3 V1 - WORKSHOP CHURRASCO",120246796503340489,2026-08-08,152.59,49,,1.4893617,46.37993921,3.11408163,3290,747,201,391,123,2026-08-08,2026-08-08
bbe-a1-jul-26--venda--perpetuo--hot_cbo_videos,120246641531020489,00_automatico_ig030_fb030,120246641531090489,"ADS 3 V1 - WORKSHOP CHURRASCO",120246641577250489,2026-08-08,0.36,1,,5.26315789,18.94736842,0.36,19,5,,4,,2026-08-08,2026-08-08
bbe-a1-jul-26--venda--perpetuo--hot_cbo_vencedores-lpb,120247080021400489,01_automatico_seguidores_ig_fb,120247080021380489,ad04-bbe-ppt-mai26--o-netão-te-ensina-corrigido,120247080021670489,2026-08-08,75.25,30,1,0.88105727,22.09985316,2.50833333,3405,,,,,2026-08-08,2026-08-08
bbe-a1-jul-26--venda--perpetuo--hot_cbo_vencedores-lpb,120247080021400489,01_automatico_ig180_fb180,120247080021370489,ad07-bbe-ppt-mai26--sal-grosso-sozinho-não-salva,120247080021490489,2026-08-08,28.88,10,,0.96339114,27.82273603,2.888,1038,,,,,2026-08-08,2026-08-08
bbe-a1-jul-26--venda--perpetuo--hot_cbo_vencedores-lpc,120247080021050489,01_automatico_seguidores_ig_fb,120247080021360489,ad04-bbe-ppt-mai26--o-netão-te-ensina-corrigido,120247080021680489,2026-08-08,59.75,23,,0.85788885,22.28646028,2.59782609,2681,,,,,2026-08-08,2026-08-08
bbe-a1-jul-26--venda--perpetuo--hot_cbo_videos,120246641531020489,01_automatico_ig180_fb180,120246641531130489,"ADS 6 - WORKSHOP CHURRASCO",120246641577450489,2026-08-08,25.83,7,,1.11464968,41.13057325,3.69,628,220,113,117,82,2026-08-08,2026-08-08
bbe-a1-jul-26--venda--perpetuo--hot_cbo_videos,120246641531020489,01_automatico_ig180_fb180,120246641531130489,"ADS 3 V4 - WORKSHOP CHURRASCO",120246641577520489,2026-08-08,0.03,,,,10,,3,1,,1,,2026-08-08,2026-08-08
bbe-a1-jul-26--venda--perpetuo--hot_cbo_videos,120246641531020489,01_automatico_seguidores_ig_fb,120246641530990489,"ADS 2 - WORKSHOP CHURRASCO",120246641577090489,2026-08-08,21.44,2,,0.50890585,54.55470738,10.72,393,81,10,34,6,2026-08-08,2026-08-08
bbe-a1-jul-26--venda--perpetuo--hot_cbo_videos,120246641531020489,01_automatico_seguidores_ig_fb,120246641530990489,"ADS 3 V5 - WORKSHOP CHURRASCO",120246641577050489,2026-08-08,0.13,,,,16.25,,8,3,,1,,2026-08-08,2026-08-08
bbe-a1-jul-26--venda--perpetuo--hot_cbo_vencedores,120246796479480489,01_automatico_seguidores_ig_fb,120246796490920489,"ADS 3 V5 - WORKSHOP CHURRASCO",120246796503310489,2026-08-08,3.1,,,,47.69230769,,65,15,2,7,1,2026-08-08,2026-08-08
bbe-a1-jul-26--venda--perpetuo--hot_cbo_vencedores,120246796479480489,01_automatico_ig180_fb180,120246796490900489,"ADS 3 V5 - WORKSHOP CHURRASCO",120246796503400489,2026-08-08,0.16,2,,22.22222222,17.77777778,0.08,9,2,1,1,,2026-08-08,2026-08-08
bbe-a1-jul-26--venda--perpetuo--hot_cbo_vencedores,120246796479480489,01_automatico_seguidores_ig_fb,120246796490920489,ad04-bbe-ppt-mai26--o-netão-te-ensina-corrigido,120247024497160489,2026-08-08,45.23,27,,1.69918188,28.46444305,1.67518519,1589,,,,,2026-08-08,2026-08-08
bbe-a1-jul-26--venda--perpetuo--hot_cbo_videos,120246641531020489,01_automatico_ig180_fb180,120246641531130489,"ADS 4 V2 - WORKSHOP CHURRASCO",120246641577380489,2026-08-08,2.25,,,,28.125,,80,12,3,8,4,2026-08-08,2026-08-08
bbe-a1-jul-26--venda--perpetuo--hot_cbo_vencedores-lpd,120247080021040489,01_automatico_seguidores_ig_fb,120247080021340489,ad04-bbe-ppt-mai26--o-netão-te-ensina-corrigido,120247080021660489,2026-08-08,65.66,35,1,1.08258583,20.30931024,1.876,3233,,,,,2026-08-08,2026-08-08
bbe-a1-jul-26--venda--perpetuo--hot_cbo_videos,120246641531020489,01_automatico_ig180_fb180,120246641531130489,"ADS 3 V1 - WORKSHOP CHURRASCO",120246641577490489,2026-08-08,0.26,,,,86.66666667,,3,,,,1,2026-08-08,2026-08-08
bbe-a1-jul-26--venda--perpetuo--hot_cbo_videos,120246641531020489,00_automatico_ig030_fb030,120246641531090489,"ADS 4 V2 - WORKSHOP CHURRASCO",120246641577320489,2026-08-07,0.62,,,,28.18181818,,22,5,,3,,2026-08-07,2026-08-07
bbe-a1-jul-26--venda--perpetuo--hot_cbo_vencedores-lpc,120247080021050489,01_automatico_ig180_fb180,120247080021350489,"ADS 3 V5 - WORKSHOP CHURRASCO",120247080021520489,2026-08-07,35.2,11,,1.3732834,43.94506866,3.2,801,191,44,97,45,2026-08-07,2026-08-07
bbe-a1-jul-26--venda--perpetuo--hot_cbo_vencedores,120246796479480489,01_automatico_ig180_fb180,120246796490900489,"ADS 3 V4 - WORKSHOP CHURRASCO",120246796503370489,2026-08-07,0.02,,,,20,,1,1,1,1,1,2026-08-07,2026-08-07
bbe-a1-jul-26--venda--perpetuo--hot_cbo_videos,120246641531020489,00_automatico_ig030_fb030,120246641531090489,"ADS 6 - WORKSHOP CHURRASCO",120246641577230489,2026-08-07,0.45,,,,37.5,,12,4,4,4,3,2026-08-07,2026-08-07
bbe-a1-jul-26--venda--perpetuo--hot_cbo_vencedores,120246796479480489,01_automatico_seguidores_ig_fb,120246796490920489,"ADS 3 V4 - WORKSHOP CHURRASCO",120246796503320489,2026-08-07,0.08,,,,40,,2,,,,,2026-08-07,2026-08-07
bbe-a1-jul-26--venda--perpetuo--hot_cbo_vencedores-lpd,120247080021040489,01_automatico_ig180_fb180,120247080021330489,ad07-bbe-ppt-mai26--sal-grosso-sozinho-não-salva,120247080021470489,2026-08-07,5.72,1,,0.50761421,29.03553299,5.72,197,,,,,2026-08-07,2026-08-07
bbe-a1-jul-26--venda--perpetuo--hot_cbo_vencedores-lpd,120247080021040489,01_automatico_ig180_fb180,120247080021330489,"ADS 3 V5 - WORKSHOP CHURRASCO",120247080021420489,2026-08-07,34.12,12,,1.43712575,40.86227545,2.84333333,835,210,50,110,36,2026-08-07,2026-08-07
bbe-a1-jul-26--venda--perpetuo--hot_cbo_videos,120246641531020489,01_automatico_ig180_fb180,120246641531130489,"ADS 1 - WORKSHOP CHURRASCO",120246641577410489,2026-08-07,1.28,,,,32,,40,8,4,5,2,2026-08-07,2026-08-07
bbe-a1-jul-26--venda--perpetuo--hot_cbo_vencedores,120246796479480489,01_automatico_ig180_fb180,120246796490900489,ad07-bbe-ppt-mai26--sal-grosso-sozinho-não-salva,120246796503380489,2026-08-07,3.01,,,,42.3943662,,71,,,,,2026-08-07,2026-08-07
bbe-a1-jul-26--venda--perpetuo--hot_cbo_vencedores-lpd,120247080021040489,01_automatico_seguidores_ig_fb,120247080021340489,ad07-bbe-ppt-mai26--sal-grosso-sozinho-não-salva,120247080021180489,2026-08-07,0.02,,,,6.66666667,,3,,,,,2026-08-07,2026-08-07
bbe-a1-jul-26--venda--perpetuo--hot_cbo_videos,120246641531020489,00_automatico_ig030_fb030,120246641531090489,"ADS 2 - WORKSHOP CHURRASCO",120246641577330489,2026-08-07,39.02,16,,1.33333333,32.51666667,2.43875,1200,283,40,114,32,2026-08-07,2026-08-07
bbe-a1-jul-26--venda--perpetuo--hot_cbo_vencedores,120246796479480489,01_automatico_ig180_fb180,120246796490900489,"ADS 8 V1 - WORKSHOP CHURRASCO",120246796503360489,2026-08-07,3.37,,,,38.29545455,,88,19,5,5,3,2026-08-07,2026-08-07
bbe-a1-jul-26--venda--perpetuo--hot_cbo_vencedores,120246796479480489,01_automatico_seguidores_ig_fb,120246796490920489,"ADS 8 V1 - WORKSHOP CHURRASCO",120246796503300489,2026-08-07,11.52,3,,1.18110236,45.35433071,3.84,254,61,20,22,13,2026-08-07,2026-08-07
bbe-a1-jul-26--venda--perpetuo--hot_cbo_vencedores,120246796479480489,01_automatico_seguidores_ig_fb,120246796490920489,"ADS 3 V1 - WORKSHOP CHURRASCO",120246796503290489,2026-08-07,37.68,8,1,1.22324159,57.6146789,4.71,654,141,25,50,18,2026-08-07,2026-08-07
bbe-a1-jul-26--venda--perpetuo--hot_cbo_videos,120246641531020489,01_automatico_ig180_fb180,120246641531130489,"ADS 3 V5 - WORKSHOP CHURRASCO",120246641577470489,2026-08-07,0.09,,,,11.25,,8,1,,,,2026-08-07,2026-08-07
bbe-a1-jul-26--venda--perpetuo--hot_cbo_videos,120246641531020489,01_automatico_seguidores_ig_fb,120246641530990489,"ADS 3 V4 - WORKSHOP CHURRASCO",120246641577080489,2026-08-07,0.04,,,,40,,1,,,,,2026-08-07,2026-08-07
bbe-a1-jul-26--venda--perpetuo--hot_cbo_videos,120246641531020489,01_automatico_ig180_fb180,120246641531130489,"ADS 2 - WORKSHOP CHURRASCO",120246641577530489,2026-08-07,0.16,,,,11.42857143,,14,3,1,2,1,2026-08-07,2026-08-07
bbe-a1-jul-26--venda--perpetuo--hot_cbo_vencedores-lpb,120247080021400489,01_automatico_seguidores_ig_fb,120247080021380489,"ADS 3 V5 - WORKSHOP CHURRASCO",120247080021100489,2026-08-07,2.53,1,,1.75438596,44.38596491,2.53,57,15,2,8,1,2026-08-07,2026-08-07
bbe-a1-jul-26--venda--perpetuo--hot_cbo_vencedores,120246796479480489,01_automatico_seguidores_ig_fb,120246796490920489,"ADS 4 V2 - WORKSHOP CHURRASCO",120246796503260489,2026-08-07,9.69,5,,1.97628458,38.30039526,1.938,253,42,10,26,10,2026-08-07,2026-08-07
bbe-a1-jul-26--venda--perpetuo--hot_cbo_videos,120246641531020489,01_automatico_seguidores_ig_fb,120246641530990489,"ADS 1 - WORKSHOP CHURRASCO",120246641576970489,2026-08-07,1.46,,,,37.43589744,,39,8,4,5,2,2026-08-07,2026-08-07
bbe-a1-jul-26--venda--perpetuo--hot_cbo_vencedores,120246796479480489,01_automatico_ig180_fb180,120246796490900489,"ADS 4 V2 - WORKSHOP CHURRASCO",120246796503410489,2026-08-07,3.47,2,,2.06185567,35.77319588,1.735,97,17,4,9,5,2026-08-07,2026-08-07
bbe-a1-jul-26--venda--perpetuo--hot_cbo_vencedores-lpb,120247080021400489,01_automatico_seguidores_ig_fb,120247080021380489,ad04-bbe-ppt-mai26--o-netão-te-ensina-corrigido,120247080021670489,2026-08-07,46.88,19,,0.9758603,24.07806882,2.46736842,1947,,,,,2026-08-07,2026-08-07
bbe-a1-jul-26--venda--perpetuo--hot_cbo_vencedores,120246796479480489,01_automatico_ig180_fb180,120246796490900489,"ADS 3 V1 - WORKSHOP CHURRASCO",120246796503340489,2026-08-07,96.38,31,1,1.31802721,40.97789116,3.10903226,2352,591,149,287,97,2026-08-07,2026-08-07
bbe-a1-jul-26--venda--perpetuo--hot_cbo_videos,120246641531020489,00_automatico_ig030_fb030,120246641531090489,"ADS 3 V4 - WORKSHOP CHURRASCO",120246641577310489,2026-08-07,2.21,,,,31.12676056,,71,14,1,10,1,2026-08-07,2026-08-07
bbe-a1-jul-26--venda--perpetuo--hot_cbo_vencedores-lpc,120247080021050489,01_automatico_seguidores_ig_fb,120247080021360489,ad07-bbe-ppt-mai26--sal-grosso-sozinho-não-salva,120247080021190489,2026-08-07,0.12,,,,30,,4,,,,,2026-08-07,2026-08-07
bbe-a1-jul-26--venda--perpetuo--hot_cbo_videos,120246641531020489,01_automatico_ig180_fb180,120246641531130489,"ADS 8 V1 - WORKSHOP CHURRASCO",120246641577500489,2026-08-07,0.72,,,,40,,18,2,,,,2026-08-07,2026-08-07
bbe-a1-jul-26--venda--perpetuo--hot_cbo_vencedores-lpb,120247080021400489,01_automatico_ig180_fb180,120247080021370489,ad07-bbe-ppt-mai26--sal-grosso-sozinho-não-salva,120247080021490489,2026-08-07,38.28,11,,0.87232355,30.35685964,3.48,1261,,,,,2026-08-07,2026-08-07
bbe-a1-jul-26--venda--perpetuo--hot_cbo_vencedores-lpc,120247080021050489,01_automatico_seguidores_ig_fb,120247080021360489,ad04-bbe-ppt-mai26--o-netão-te-ensina-corrigido,120247080021680489,2026-08-07,47.62,28,,1.51761518,25.8102981,1.70071429,1845,,,,,2026-08-07,2026-08-07
bbe-a1-jul-26--venda--perpetuo--hot_cbo_vencedores,120246796479480489,01_automatico_seguidores_ig_fb,120246796490920489,ad07-bbe-ppt-mai26--sal-grosso-sozinho-não-salva,120246796503280489,2026-08-07,1.17,,,,73.125,,16,,,,,2026-08-07,2026-08-07
bbe-a1-jul-26--venda--perpetuo--hot_cbo_videos,120246641531020489,01_automatico_seguidores_ig_fb,120246641530990489,"ADS 6 - WORKSHOP CHURRASCO",120246641577040489,2026-08-07,53.53,19,,1.484375,41.8203125,2.81736842,1280,404,208,218,144,2026-08-07,2026-08-07
bbe-a1-jul-26--venda--perpetuo--hot_cbo_videos,120246641531020489,01_automatico_ig180_fb180,120246641531130489,"ADS 3 V4 - WORKSHOP CHURRASCO",120246641577520489,2026-08-07,1.13,3,,18.75,70.625,0.37666667,16,5,2,4,2,2026-08-07,2026-08-07
bbe-a1-jul-26--venda--perpetuo--hot_cbo_videos,120246641531020489,01_automatico_ig180_fb180,120246641531130489,"ADS 6 - WORKSHOP CHURRASCO",120246641577450489,2026-08-07,14.93,8,,2.09424084,39.08376963,1.86625,382,150,69,76,55,2026-08-07,2026-08-07
bbe-a1-jul-26--venda--perpetuo--hot_cbo_videos,120246641531020489,01_automatico_seguidores_ig_fb,120246641530990489,"ADS 3 V5 - WORKSHOP CHURRASCO",120246641577050489,2026-08-07,9.36,1,,0.72463768,67.82608696,9.36,138,32,8,18,3,2026-08-07,2026-08-07
bbe-a1-jul-26--venda--perpetuo--hot_cbo_vencedores,120246796479480489,01_automatico_seguidores_ig_fb,120246796490920489,"ADS 3 V5 - WORKSHOP CHURRASCO",120246796503310489,2026-08-07,11.14,2,,1.08108108,60.21621622,5.57,185,44,6,17,8,2026-08-07,2026-08-07
bbe-a1-jul-26--venda--perpetuo--hot_cbo_videos,120246641531020489,00_automatico_ig030_fb030,120246641531090489,"ADS 1 - WORKSHOP CHURRASCO",120246641577180489,2026-08-07,1.49,,,,48.06451613,,31,9,6,6,2,2026-08-07,2026-08-07
bbe-a1-jul-26--venda--perpetuo--hot_cbo_vencedores,120246796479480489,01_automatico_ig180_fb180,120246796490900489,"ADS 3 V5 - WORKSHOP CHURRASCO",120246796503400489,2026-08-07,0.74,1,,4.16666667,30.83333333,0.74,24,3,,,,2026-08-07,2026-08-07
bbe-a1-jul-26--venda--perpetuo--hot_cbo_vencedores,120246796479480489,01_automatico_seguidores_ig_fb,120246796490920489,ad04-bbe-ppt-mai26--o-netão-te-ensina-corrigido,120247024497160489,2026-08-07,31.98,8,,0.80808081,32.3030303,3.9975,990,,,,,2026-08-07,2026-08-07
bbe-a1-jul-26--venda--perpetuo--hot_cbo_videos,120246641531020489,01_automatico_ig180_fb180,120246641531130489,"ADS 4 V2 - WORKSHOP CHURRASCO",120246641577380489,2026-08-07,0.67,,,,20.3030303,,33,7,1,3,2,2026-08-07,2026-08-07
bbe-a1-jul-26--venda--perpetuo--hot_cbo_vencedores-lpd,120247080021040489,01_automatico_seguidores_ig_fb,120247080021340489,ad04-bbe-ppt-mai26--o-netão-te-ensina-corrigido,120247080021660489,2026-08-07,45.58,29,,1.2154233,19.10310142,1.57172414,2386,,,,,2026-08-07,2026-08-07
bbe-a1-jul-26--venda--perpetuo--hot_cbo_vencedores-lpc,120247080021050489,01_automatico_ig180_fb180,120247080021350489,"ADS 3 V4 - WORKSHOP CHURRASCO",120247080021530489,2026-08-07,5.47,2,,0.86580087,23.67965368,2.735,231,51,10,30,9,2026-08-07,2026-08-07
bbe-a1-jul-26--venda--perpetuo--hot_cbo_videos,120246641531020489,00_automatico_ig030_fb030,120246641531090489,"ADS 8 V1 - WORKSHOP CHURRASCO",120246641577340489,2026-08-07,0.06,,,,30,,2,2,1,1,,2026-08-07,2026-08-07
bbe-a1-jul-26--venda--perpetuo--hot_cbo_vencedores-lpd,120247080021040489,01_automatico_ig180_fb180,120247080021330489,ad07-bbe-ppt-mai26--sal-grosso-sozinho-não-salva,120247080021470489,2026-08-06,21.42,16,,1.78372352,23.87959866,1.33875,897,,,,,2026-08-06,2026-08-06
bbe-a1-jul-26--venda--perpetuo--hot_cbo_vencedores-lpb,120247080021400489,01_automatico_seguidores_ig_fb,120247080021380489,"ADS 3 V5 - WORKSHOP CHURRASCO",120247080021100489,2026-08-06,6.65,6,,2.89855072,32.12560386,1.10833333,207,50,14,29,11,2026-08-06,2026-08-06
bbe-a1-jul-26--venda--perpetuo--hot_cbo_videos,120246641531020489,01_automatico_seguidores_ig_fb,120246641530990489,"ADS 1 - WORKSHOP CHURRASCO",120246641576970489,2026-08-06,0.17,,,,85,,2,1,,,,2026-08-06,2026-08-06
bbe-a1-jul-26--venda--perpetuo--hot_cbo_vencedores-lpc,120247080021050489,01_automatico_ig180_fb180,120247080021350489,"ADS 3 V5 - WORKSHOP CHURRASCO",120247080021520489,2026-08-06,30.86,9,,1.47058824,50.4248366,3.42888889,612,158,42,89,29,2026-08-06,2026-08-06
bbe-a1-jul-26--venda--perpetuo--hot_cbo_vencedores-lpb,120247080021400489,01_automatico_seguidores_ig_fb,120247080021380489,ad07-bbe-ppt-mai26--sal-grosso-sozinho-não-salva,120247080021070489,2026-08-06,0.83,1,,4,33.2,0.83,25,,,,,2026-08-06,2026-08-06
bbe-a1-jul-26--venda--perpetuo--hot_cbo_videos,120246641531020489,00_automatico_ig030_fb030,120246641531090489,"ADS 6 - WORKSHOP CHURRASCO",120246641577230489,2026-08-06,0.11,,,,36.66666667,,3,,,,,2026-08-06,2026-08-06
bbe-a1-jul-26--venda--perpetuo--hot_cbo_vencedores,120246796479480489,01_automatico_seguidores_ig_fb,120246796490920489,"ADS 3 V4 - WORKSHOP CHURRASCO",120246796503320489,2026-08-06,0.92,,,,40,,23,6,2,3,,2026-08-06,2026-08-06
bbe-a1-jul-26--venda--perpetuo--hot_cbo_vencedores,120246796479480489,01_automatico_ig180_fb180,120246796490900489,"ADS 4 V2 - WORKSHOP CHURRASCO",120246796503410489,2026-08-06,16.55,6,,1.1741683,32.38747554,2.75833333,511,80,13,57,14,2026-08-06,2026-08-06
bbe-a1-jul-26--venda--perpetuo--hot_cbo_vencedores-lpd,120247080021040489,01_automatico_ig180_fb180,120247080021330489,"ADS 3 V5 - WORKSHOP CHURRASCO",120247080021420489,2026-08-06,21.1,5,,1.13122172,47.73755656,4.22,442,120,32,66,24,2026-08-06,2026-08-06
bbe-a1-jul-26--venda--perpetuo--hot_cbo_videos,120246641531020489,01_automatico_ig180_fb180,120246641531130489,"ADS 1 - WORKSHOP CHURRASCO",120246641577410489,2026-08-06,15.64,7,1,1.69491525,37.86924939,2.23428571,413,93,35,48,17,2026-08-06,2026-08-06
bbe-a1-jul-26--venda--perpetuo--hot_cbo_videos,120246641531020489,00_automatico_ig030_fb030,120246641531090489,"ADS 4 V2 - WORKSHOP CHURRASCO",120246641577320489,2026-08-06,1.27,1,,4.76190476,60.47619048,1.27,21,9,2,6,2,2026-08-06,2026-08-06
bbe-a1-jul-26--venda--perpetuo--hot_cbo_videos,120246641531020489,00_automatico_ig030_fb030,120246641531090489,"ADS 2 - WORKSHOP CHURRASCO",120246641577330489,2026-08-06,58.73,20,,1.03519669,30.39855072,2.9365,1932,453,80,230,67,2026-08-06,2026-08-06
bbe-a1-jul-26--venda--perpetuo--hot_cbo_videos,120246641531020489,01_automatico_seguidores_ig_fb,120246641530990489,"ADS 8 V1 - WORKSHOP CHURRASCO",120246641577150489,2026-08-06,2.93,1,,1.81818182,53.27272727,2.93,55,14,5,5,4,2026-08-06,2026-08-06
bbe-a1-jul-26--venda--perpetuo--hot_cbo_videos,120246641531020489,00_automatico_ig030_fb030,120246641531090489,"ADS 3 V5 - WORKSHOP CHURRASCO",120246641577240489,2026-08-06,0.37,,,,46.25,,8,2,,1,,2026-08-06,2026-08-06
bbe-a1-jul-26--venda--perpetuo--hot_cbo_vencedores-lpd,120247080021040489,01_automatico_seguidores_ig_fb,120247080021340489,ad07-bbe-ppt-mai26--sal-grosso-sozinho-não-salva,120247080021180489,2026-08-06,1.4,,,,24.56140351,,57,,,,,2026-08-06,2026-08-06
bbe-a1-jul-26--venda--perpetuo--hot_cbo_vencedores,120246796479480489,01_automatico_seguidores_ig_fb,120246796490920489,"ADS 4 V2 - WORKSHOP CHURRASCO",120246796503260489,2026-08-06,24.89,12,,1.48514851,30.80445545,2.07416667,808,167,42,122,48,2026-08-06,2026-08-06
bbe-a1-jul-26--venda--perpetuo--hot_cbo_videos,120246641531020489,01_automatico_seguidores_ig_fb,120246641530990489,"ADS 3 V1 - WORKSHOP CHURRASCO",120246641577140489,2026-08-06,1.41,1,,3.7037037,52.22222222,1.41,27,13,4,6,1,2026-08-06,2026-08-06
bbe-a1-jul-26--venda--perpetuo--hot_cbo_vencedores-lpc,120247080021050489,01_automatico_seguidores_ig_fb,120247080021360489,ad07-bbe-ppt-mai26--sal-grosso-sozinho-não-salva,120247080021190489,2026-08-06,8.61,2,,1.8018018,77.56756757,4.305,111,,,,,2026-08-06,2026-08-06
bbe-a1-jul-26--venda--perpetuo--hot_cbo_vencedores-lpc,120247080021050489,01_automatico_ig180_fb180,120247080021350489,ad07-bbe-ppt-mai26--sal-grosso-sozinho-não-salva,120247080021390489,2026-08-06,1.6,,,,30.76923077,,52,,,,,2026-08-06,2026-08-06
bbe-a1-jul-26--venda--perpetuo--hot_cbo_vencedores,120246796479480489,01_automatico_ig180_fb180,120246796490900489,"ADS 3 V1 - WORKSHOP CHURRASCO",120246796503340489,2026-08-06,141.66,46,,1.40715815,43.33435301,3.07956522,3269,805,200,431,148,2026-08-06,2026-08-06
bbe-a1-jul-26--venda--perpetuo--hot_cbo_videos,120246641531020489,00_automatico_ig030_fb030,120246641531090489,"ADS 8 V1 - WORKSHOP CHURRASCO",120246641577340489,2026-08-06,0.39,,,,32.5,,12,4,,,,2026-08-06,2026-08-06
bbe-a1-jul-26--venda--perpetuo--hot_cbo_vencedores-lpb,120247080021400489,01_automatico_seguidores_ig_fb,120247080021380489,ad04-bbe-ppt-mai26--o-netão-te-ensina-corrigido,120247080021670489,2026-08-06,60.97,34,1,1.22566691,21.97909156,1.79323529,2774,,,,,2026-08-06,2026-08-06
bbe-a1-jul-26--venda--perpetuo--hot_cbo_vencedores-lpb,120247080021400489,01_automatico_ig180_fb180,120247080021370489,ad07-bbe-ppt-mai26--sal-grosso-sozinho-não-salva,120247080021490489,2026-08-06,36.62,18,,1.20967742,24.61021505,2.03444444,1488,,,,,2026-08-06,2026-08-06
bbe-a1-jul-26--venda--perpetuo--hot_cbo_videos,120246641531020489,01_automatico_seguidores_ig_fb,120246641530990489,"ADS 2 - WORKSHOP CHURRASCO",120246641577090489,2026-08-06,0.87,,,,25.58823529,,34,11,2,7,2,2026-08-06,2026-08-06
bbe-a1-jul-26--venda--perpetuo--hot_cbo_videos,120246641531020489,01_automatico_seguidores_ig_fb,120246641530990489,"ADS 6 - WORKSHOP CHURRASCO",120246641577040489,2026-08-06,49.58,10,,1.07526882,53.31182796,4.958,930,306,149,153,104,2026-08-06,2026-08-06
bbe-a1-jul-26--venda--perpetuo--hot_cbo_videos,120246641531020489,01_automatico_ig180_fb180,120246641531130489,"ADS 6 - WORKSHOP CHURRASCO",120246641577450489,2026-08-06,14.92,6,,1.65289256,41.10192837,2.48666667,363,121,62,67,43,2026-08-06,2026-08-06
bbe-a1-jul-26--venda--perpetuo--hot_cbo_vencedores-lpc,120247080021050489,01_automatico_seguidores_ig_fb,120247080021360489,ad04-bbe-ppt-mai26--o-netão-te-ensina-corrigido,120247080021680489,2026-08-06,36.81,17,,0.89804543,19.44532488,2.16529412,1893,,,,,2026-08-06,2026-08-06
bbe-a1-jul-26--venda--perpetuo--hot_cbo_videos,120246641531020489,01_automatico_seguidores_ig_fb,120246641530990489,"ADS 3 V5 - WORKSHOP CHURRASCO",120246641577050489,2026-08-06,0.3,,,,100,,3,2,,1,,2026-08-06,2026-08-06
bbe-a1-jul-26--venda--perpetuo--hot_cbo_vencedores-lpc,120247080021050489,01_automatico_ig180_fb180,120247080021350489,"ADS 3 V4 - WORKSHOP CHURRASCO",120247080021530489,2026-08-06,24.78,9,,1.57068063,43.2460733,2.75333333,573,144,50,81,31,2026-08-06,2026-08-06
bbe-a1-jul-26--venda--perpetuo--hot_cbo_videos,120246641531020489,01_automatico_ig180_fb180,120246641531130489,"ADS 4 V2 - WORKSHOP CHURRASCO",120246641577380489,2026-08-06,12.59,3,,0.64935065,27.25108225,4.19666667,462,83,17,56,22,2026-08-06,2026-08-06
bbe-a1-jul-26--venda--perpetuo--hot_cbo_vencedores-lpd,120247080021040489,01_automatico_seguidores_ig_fb,120247080021340489,ad04-bbe-ppt-mai26--o-netão-te-ensina-corrigido,120247080021660489,2026-08-06,59.1,49,1,1.5007657,18.10107198,1.20612245,3265,,,,,2026-08-06,2026-08-06
bbe-a1-jul-26--venda--perpetuo--hot_cbo_videos,120246641531020489,01_automatico_ig180_fb180,120246641531130489,"ADS 3 V1 - WORKSHOP CHURRASCO",120246641577490489,2026-08-06,0.01,,,,10,,1,,,,,2026-08-06,2026-08-06
bbe-a1-jul-26--venda--perpetuo--hot_cbo_videos,120246641531020489,00_automatico_ig030_fb030,120246641531090489,"ADS 3 V1 - WORKSHOP CHURRASCO",120246641577250489,2026-08-06,0.37,,,,61.66666667,,6,2,,1,,2026-08-06,2026-08-06
bbe-a1-jul-26--venda--perpetuo--hot_cbo_vencedores,120246796479480489,01_automatico_seguidores_ig_fb,120246796490920489,ad04-bbe-ppt-mai26--o-netão-te-ensina-corrigido,120247024497160489,2026-08-06,74.55,36,,1.32890365,27.51937984,2.07083333,2709,,,,,2026-08-06,2026-08-06
bbe-a1-jul-26--venda--perpetuo--hot_cbo_vencedores-lpd,120247080021040489,01_automatico_ig180_fb180,120247080021330489,"ADS 3 V5 - WORKSHOP CHURRASCO",120247080021420489,2026-08-05,2.42,1,,1.58730159,38.41269841,2.42,63,15,3,7,2,2026-08-05,2026-08-05
bbe-a1-jul-26--venda--perpetuo--hot_cbo_vencedores-lpd,120247080021040489,01_automatico_ig180_fb180,120247080021330489,ad07-bbe-ppt-mai26--sal-grosso-sozinho-não-salva,120247080021470489,2026-08-05,23.77,9,,0.81081081,21.41441441,2.64111111,1110,,,,,2026-08-05,2026-08-05
bbe-a1-jul-26--venda--perpetuo--hot_cbo_videos,120246641531020489,01_automatico_ig180_fb180,120246641531130489,"ADS 5 V2 - WORKSHOP CHURRASCO",120246641577510489,2026-08-05,0.24,,,,21.81818182,,11,5,3,4,2,2026-08-05,2026-08-05
bbe-a1-jul-26--venda--perpetuo--hot_cbo_videos,120246641531020489,01_automatico_ig180_fb180,120246641531130489,"ADS 5 V1 - WORKSHOP CHURRASCO",120246641577570489,2026-08-05,8.24,5,,2.26244344,37.28506787,1.648,221,60,18,37,5,2026-08-05,2026-08-05
bbe-a1-jul-26--venda--perpetuo--hot_cbo_vencedores,120246796479480489,01_automatico_ig180_fb180,120246796490900489,"ADS 3 V4 - WORKSHOP CHURRASCO",120246796503370489,2026-08-05,1.76,,,,23.46666667,,75,23,7,11,5,2026-08-05,2026-08-05
bbe-a1-jul-26--venda--perpetuo--hot_cbo_videos,120246641531020489,00_automatico_ig030_fb030,120246641531090489,"ADS 6 - WORKSHOP CHURRASCO",120246641577230489,2026-08-05,3.67,1,,0.99009901,36.33663366,3.67,101,31,15,15,13,2026-08-05,2026-08-05
bbe-a1-jul-26--venda--perpetuo--hot_cbo_vencedores-lpb,120247080021400489,01_automatico_seguidores_ig_fb,120247080021380489,ad07-bbe-ppt-mai26--sal-grosso-sozinho-não-salva,120247080021070489,2026-08-05,2.22,,,,19.6460177,,113,,,,,2026-08-05,2026-08-05
bbe-a1-jul-26--venda--perpetuo--hot_cbo_vencedores-lpc,120247080021050489,01_automatico_ig180_fb180,120247080021350489,"ADS 3 V5 - WORKSHOP CHURRASCO",120247080021520489,2026-08-05,3.05,1,,0.78125,23.828125,3.05,128,25,3,14,1,2026-08-05,2026-08-05
bbe-a1-jul-26--venda--perpetuo--hot_cbo_videos,120246641531020489,01_automatico_seguidores_ig_fb,120246641530990489,"ADS 1 - WORKSHOP CHURRASCO",120246641576970489,2026-08-05,3.78,1,,1.28205128,48.46153846,3.78,78,23,12,15,6,2026-08-05,2026-08-05
bbe-a1-jul-26--venda--perpetuo--hot_cbo_videos,120246641531020489,01_automatico_ig180_fb180,120246641531130489,"ADS 1 - WORKSHOP CHURRASCO",120246641577410489,2026-08-05,0.29,,,,41.42857143,,7,2,1,1,,2026-08-05,2026-08-05
bbe-a1-jul-26--venda--perpetuo--hot_cbo_videos,120246641531020489,00_automatico_ig030_fb030,120246641531090489,"ADS 5 V2 - WORKSHOP CHURRASCO",120246641577350489,2026-08-05,11.08,5,1,1.54798762,34.30340557,2.216,323,104,28,41,11,2026-08-05,2026-08-05
bbe-a1-jul-26--venda--perpetuo--hot_cbo_videos,120246641531020489,00_automatico_ig030_fb030,120246641531090489,"ADS 3 V5 - WORKSHOP CHURRASCO",120246641577240489,2026-08-05,0.18,,,,90,,2,1,,,,2026-08-05,2026-08-05
bbe-a1-jul-26--venda--perpetuo--hot_cbo_vencedores,120246796479480489,01_automatico_ig180_fb180,120246796490900489,ad07-bbe-ppt-mai26--sal-grosso-sozinho-não-salva,120246796503380489,2026-08-05,0.66,1,,4.16666667,27.5,0.66,24,,,,,2026-08-05,2026-08-05
bbe-a1-jul-26--venda--perpetuo--hot_cbo_videos,120246641531020489,00_automatico_ig030_fb030,120246641531090489,"ADS 2 - WORKSHOP CHURRASCO",120246641577330489,2026-08-05,10.27,9,,2.82131661,32.19435737,1.14111111,319,76,19,37,12,2026-08-05,2026-08-05
bbe-a1-jul-26--venda--perpetuo--hot_cbo_videos,120246641531020489,01_automatico_seguidores_ig_fb,120246641530990489,"ADS 8 V1 - WORKSHOP CHURRASCO",120246641577150489,2026-08-05,0.06,,,,12,,5,2,,,,2026-08-05,2026-08-05
bbe-a1-jul-26--venda--perpetuo--hot_cbo_vencedores,120246796479480489,01_automatico_ig180_fb180,120246796490900489,"ADS 8 V1 - WORKSHOP CHURRASCO",120246796503360489,2026-08-05,3.69,,,,61.5,,60,16,5,5,5,2026-08-05,2026-08-05
bbe-a1-jul-26--venda--perpetuo--hot_cbo_vencedores,120246796479480489,01_automatico_seguidores_ig_fb,120246796490920489,"ADS 8 V1 - WORKSHOP CHURRASCO",120246796503300489,2026-08-05,2.19,2,,5.40540541,59.18918919,1.095,37,17,8,8,5,2026-08-05,2026-08-05
bbe-a1-jul-26--venda--perpetuo--hot_cbo_vencedores,120246796479480489,01_automatico_seguidores_ig_fb,120246796490920489,"ADS 3 V1 - WORKSHOP CHURRASCO",120246796503290489,2026-08-05,2.99,1,,1.72413793,51.55172414,2.99,58,17,8,8,6,2026-08-05,2026-08-05
bbe-a1-jul-26--venda--perpetuo--hot_cbo_videos,120246641531020489,01_automatico_ig180_fb180,120246641531130489,"ADS 3 V5 - WORKSHOP CHURRASCO",120246641577470489,2026-08-05,1.3,,,,28.88888889,,45,5,,1,,2026-08-05,2026-08-05
bbe-a1-jul-26--venda--perpetuo--hot_cbo_videos,120246641531020489,01_automatico_seguidores_ig_fb,120246641530990489,"ADS 3 V4 - WORKSHOP CHURRASCO",120246641577080489,2026-08-05,0.52,,,,34.66666667,,15,1,1,1,1,2026-08-05,2026-08-05
bbe-a1-jul-26--venda--perpetuo--hot_cbo_videos,120246641531020489,01_automatico_ig180_fb180,120246641531130489,"ADS 2 - WORKSHOP CHURRASCO",120246641577530489,2026-08-05,0.4,,,,25,,16,2,,,,2026-08-05,2026-08-05
bbe-a1-jul-26--venda--perpetuo--hot_cbo_vencedores,120246796479480489,01_automatico_seguidores_ig_fb,120246796490920489,"ADS 4 V2 - WORKSHOP CHURRASCO",120246796503260489,2026-08-05,8.14,4,,1.80995475,36.83257919,2.035,221,47,13,37,15,2026-08-05,2026-08-05
bbe-a1-jul-26--venda--perpetuo--hot_cbo_vencedores-lpd,120247080021040489,01_automatico_seguidores_ig_fb,120247080021340489,ad07-bbe-ppt-mai26--sal-grosso-sozinho-não-salva,120247080021180489,2026-08-05,3.19,2,,1.30718954,20.8496732,1.595,153,,,,,2026-08-05,2026-08-05
bbe-a1-jul-26--venda--perpetuo--hot_cbo_vencedores,120246796479480489,01_automatico_ig180_fb180,120246796490900489,"ADS 4 V2 - WORKSHOP CHURRASCO",120246796503410489,2026-08-05,6.46,,,,36.08938547,,179,26,5,13,6,2026-08-05,2026-08-05
bbe-a1-jul-26--venda--perpetuo--hot_cbo_vencedores-lpb,120247080021400489,01_automatico_seguidores_ig_fb,120247080021380489,"ADS 3 V5 - WORKSHOP CHURRASCO",120247080021100489,2026-08-05,1.45,2,,5.40540541,39.18918919,0.725,37,9,2,3,3,2026-08-05,2026-08-05
bbe-a1-jul-26--venda--perpetuo--hot_cbo_vencedores,120246796479480489,01_automatico_seguidores_ig_fb,120246796490920489,"ADS 5 V2 - WORKSHOP CHURRASCO",120246796503250489,2026-08-05,11.48,14,2,4.65116279,38.13953488,0.82,301,94,30,42,14,2026-08-05,2026-08-05
bbe-a1-jul-26--venda--perpetuo--hot_cbo_vencedores-lpc,120247080021050489,01_automatico_ig180_fb180,120247080021350489,ad07-bbe-ppt-mai26--sal-grosso-sozinho-não-salva,120247080021390489,2026-08-05,12.32,4,,0.61919505,19.07120743,3.08,646,,,,,2026-08-05,2026-08-05
bbe-a1-jul-26--venda--perpetuo--hot_cbo_vencedores,120246796479480489,01_automatico_ig180_fb180,120246796490900489,"ADS 5 V2 - WORKSHOP CHURRASCO",120246796503390489,2026-08-05,25.69,15,,1.76886792,30.29481132,1.71266667,848,270,76,118,29,2026-08-05,2026-08-05
bbe-a1-jul-26--venda--perpetuo--hot_cbo_videos,120246641531020489,01_automatico_ig180_fb180,120246641531130489,"ADS 8 V1 - WORKSHOP CHURRASCO",120246641577500489,2026-08-05,0.2,,,,33.33333333,,6,2,1,1,,2026-08-05,2026-08-05
bbe-a1-jul-26--venda--perpetuo--hot_cbo_videos,120246641531020489,00_automatico_ig030_fb030,120246641531090489,"ADS 3 V4 - WORKSHOP CHURRASCO",120246641577310489,2026-08-05,1.94,2,,3.92156863,38.03921569,0.97,51,10,1,5,1,2026-08-05,2026-08-05
bbe-a1-jul-26--venda--perpetuo--hot_cbo_vencedores-lpc,120247080021050489,01_automatico_seguidores_ig_fb,120247080021360489,ad07-bbe-ppt-mai26--sal-grosso-sozinho-não-salva,120247080021190489,2026-08-05,3.86,5,,2.38095238,18.38095238,0.772,210,,,,,2026-08-05,2026-08-05
bbe-a1-jul-26--venda--perpetuo--hot_cbo_vencedores-lpb,120247080021400489,01_automatico_seguidores_ig_fb,120247080021380489,ad04-bbe-ppt-mai26--o-netão-te-ensina-corrigido,120247080021670489,2026-08-05,30.59,21,,1.29071911,18.80147511,1.45666667,1627,,,,,2026-08-05,2026-08-05
bbe-a1-jul-26--venda--perpetuo--hot_cbo_vencedores-lpb,120247080021400489,01_automatico_ig180_fb180,120247080021370489,ad07-bbe-ppt-mai26--sal-grosso-sozinho-não-salva,120247080021490489,2026-08-05,25.91,13,,1.02442868,20.41765169,1.99307692,1269,,,,,2026-08-05,2026-08-05
bbe-a1-jul-26--venda--perpetuo--hot_cbo_vencedores-lpc,120247080021050489,01_automatico_seguidores_ig_fb,120247080021360489,ad04-bbe-ppt-mai26--o-netão-te-ensina-corrigido,120247080021680489,2026-08-05,37.32,13,1,0.62082139,17.82234957,2.87076923,2094,,,,,2026-08-05,2026-08-05
bbe-a1-jul-26--venda--perpetuo--hot_cbo_videos,120246641531020489,01_automatico_seguidores_ig_fb,120246641530990489,"ADS 2 - WORKSHOP CHURRASCO",120246641577090489,2026-08-05,0.52,2,,7.69230769,20,0.26,26,8,1,5,1,2026-08-05,2026-08-05
bbe-a1-jul-26--venda--perpetuo--hot_cbo_videos,120246641531020489,01_automatico_seguidores_ig_fb,120246641530990489,"ADS 6 - WORKSHOP CHURRASCO",120246641577040489,2026-08-05,49.42,21,1,2.05479452,48.35616438,2.35333333,1022,347,161,165,106,2026-08-05,2026-08-05
bbe-a1-jul-26--venda--perpetuo--hot_cbo_videos,120246641531020489,01_automatico_ig180_fb180,120246641531130489,"ADS 6 - WORKSHOP CHURRASCO",120246641577450489,2026-08-05,17.87,4,1,0.99750623,44.56359102,4.4675,401,138,70,74,39,2026-08-05,2026-08-05
bbe-a1-jul-26--venda--perpetuo--hot_cbo_videos,120246641531020489,01_automatico_ig180_fb180,120246641531130489,"ADS 3 V4 - WORKSHOP CHURRASCO",120246641577520489,2026-08-05,1.52,1,,3.44827586,52.4137931,1.52,29,6,,3,1,2026-08-05,2026-08-05
bbe-a1-jul-26--venda--perpetuo--hot_cbo_vencedores,120246796479480489,01_automatico_ig180_fb180,120246796490900489,"ADS 3 V1 - WORKSHOP CHURRASCO",120246796503340489,2026-08-05,59.16,15,,1.54479918,60.92687951,3.944,971,219,54,107,42,2026-08-05,2026-08-05
bbe-a1-jul-26--venda--perpetuo--hot_cbo_vencedores-lpd,120247080021040489,01_automatico_seguidores_ig_fb,120247080021340489,"ADS 5 V1 - WORKSHOP CHURRASCO",120247080021320489,2026-08-05,0,,,,0,,1,,,,,2026-08-05,2026-08-05
bbe-a1-jul-26--venda--perpetuo--hot_cbo_videos,120246641531020489,01_automatico_seguidores_ig_fb,120246641530990489,"ADS 3 V5 - WORKSHOP CHURRASCO",120246641577050489,2026-08-05,0.04,,,,20,,2,1,,,,2026-08-05,2026-08-05
bbe-a1-jul-26--venda--perpetuo--hot_cbo_vencedores-lpd,120247080021040489,01_automatico_seguidores_ig_fb,120247080021340489,ad04-bbe-ppt-mai26--o-netão-te-ensina-corrigido,120247080021660489,2026-08-05,34.91,32,,1.39312146,15.19808446,1.0909375,2297,,,,,2026-08-05,2026-08-05
bbe-a1-jul-26--venda--perpetuo--hot_cbo_vencedores,120246796479480489,01_automatico_seguidores_ig_fb,120246796490920489,"ADS 3 V5 - WORKSHOP CHURRASCO",120246796503310489,2026-08-05,2.58,1,,1.72413793,44.48275862,2.58,58,12,4,6,2,2026-08-05,2026-08-05
bbe-a1-jul-26--venda--perpetuo--hot_cbo_vencedores-lpc,120247080021050489,01_automatico_ig180_fb180,120247080021350489,"ADS 3 V4 - WORKSHOP CHURRASCO",120247080021530489,2026-08-05,5.85,3,,1.40186916,27.3364486,1.95,214,53,17,30,12,2026-08-05,2026-08-05
bbe-a1-jul-26--venda--perpetuo--hot_cbo_videos,120246641531020489,00_automatico_ig030_fb030,120246641531090489,"ADS 3 V1 - WORKSHOP CHURRASCO",120246641577250489,2026-08-05,0.06,,,,30,,2,1,,1,,2026-08-05,2026-08-05
bbe-a1-jul-26--venda--perpetuo--hot_cbo_videos,120246641531020489,00_automatico_ig030_fb030,120246641531090489,"ADS 8 V1 - WORKSHOP CHURRASCO",120246641577340489,2026-08-05,0.03,,,,15,,2,,,,,2026-08-05,2026-08-05
bbe-a1-jul-26--venda--perpetuo--hot_cbo_videos,120246641531020489,01_automatico_ig180_fb180,120246641531130489,"ADS 3 V1 - WORKSHOP CHURRASCO",120246641577490489,2026-08-05,4.11,1,,2.38095238,97.85714286,4.11,42,10,3,6,5,2026-08-05,2026-08-05
bbe-a1-jul-26--venda--perpetuo--hot_cbo_videos,120246641531020489,01_automatico_ig180_fb180,120246641531130489,"ADS 4 V2 - WORKSHOP CHURRASCO",120246641577380489,2026-08-05,0.05,,,,16.66666667,,3,2,,,,2026-08-05,2026-08-05
bbe-a1-jul-26--venda--perpetuo--hot_cbo_vencedores,120246796479480489,01_automatico_seguidores_ig_fb,120246796490920489,ad04-bbe-ppt-mai26--o-netão-te-ensina-corrigido,120247024497160489,2026-08-05,91.85,50,,1.5128593,27.79122542,1.837,3305,,,,,2026-08-05,2026-08-05
bbe-a1-jul-26--venda--perpetuo--hot_cbo_vencedores,120246796479480489,01_automatico_ig180_fb180,120246796490900489,"ADS 3 V5 - WORKSHOP CHURRASCO",120246796503400489,2026-08-05,4.04,1,,0.84745763,34.23728814,4.04,118,22,3,10,3,2026-08-05,2026-08-05
bbe-a1-jul-26--venda--perpetuo--hot_cbo_videos,120246641531020489,00_automatico_ig030_fb030,120246641531090489,"ADS 1 - WORKSHOP CHURRASCO",120246641577180489,2026-08-05,0.25,,,,125,,2,1,1,1,1,2026-08-05,2026-08-05
bbe-a1-jul-26--venda--perpetuo--hot_cbo_vencedores,120246796479480489,01_automatico_ig180_fb180,120246796490900489,"ADS 5 V1 - WORKSHOP CHURRASCO",120246796503420489,2026-08-05,0.27,,,,90,,3,1,,,,2026-08-05,2026-08-05
bbe-a1-jul-26--venda--perpetuo--hot_cbo_videos,120246641531020489,00_automatico_ig030_fb030,120246641531090489,"ADS 9 V2 - WORKSHOP CHURRASCO",120246641595750489,2026-08-04,0.46,,,,76.66666667,,6,3,3,3,1,2026-08-04,2026-08-04
bbe-a1-jul-26--venda--perpetuo--hot_cbo_videos,120246641531020489,00_automatico_ig030_fb030,120246641531090489,"ADS 5 V2 - WORKSHOP CHURRASCO",120246641577350489,2026-08-04,8.63,8,,3.36134454,36.2605042,1.07875,238,71,18,28,4,2026-08-04,2026-08-04
bbe-a1-jul-26--venda--perpetuo--hot_cbo_videos,120246641531020489,01_automatico_ig180_fb180,120246641531130489,"ADS 5 V2 - WORKSHOP CHURRASCO",120246641577510489,2026-08-04,4.52,4,,2.48447205,28.07453416,1.13,161,41,8,17,4,2026-08-04,2026-08-04
bbe-a1-jul-26--venda--perpetuo--hot_cbo_vencedores,120246796479480489,01_automatico_seguidores_ig_fb,120246796490920489,"ADS 3 V4 - WORKSHOP CHURRASCO",120246796503320489,2026-08-04,1.13,,,,33.23529412,,34,5,,1,1,2026-08-04,2026-08-04
bbe-a1-jul-26--venda--perpetuo--hot_cbo_videos,120246641531020489,01_automatico_ig180_fb180,120246641531130489,"ADS 5 V1 - WORKSHOP CHURRASCO",120246641577570489,2026-08-04,28.89,30,1,2.90135397,27.94003868,0.963,1034,290,86,143,48,2026-08-04,2026-08-04
bbe-a1-jul-26--venda--perpetuo--hot_cbo_estaticos,120246640738580489,01_automatico_ig180_fb180,120246640738570489,ad02-bbe-ppt-mai26--o-maior-inimigo-do-churrasqueiro,120246640809120489,2026-08-04,0.11,,,,27.5,,4,,,,,2026-08-04,2026-08-04
bbe-a1-jul-26--venda--perpetuo--hot_cbo_estaticos,120246640738580489,00_automatico_ig030_fb030,120246640738730489,ad05-bbe-ppt-mai26--estraga-no-preparo,120246640809550489,2026-08-04,0.07,,,,11.66666667,,6,,,,,2026-08-04,2026-08-04
bbe-a1-jul-26--venda--perpetuo--hot_cbo_videos,120246641531020489,01_automatico_seguidores_ig_fb,120246641530990489,"ADS 7 V1 - WORKSHOP CHURRASCO",120246641576960489,2026-08-04,0.84,1,,4.34782609,36.52173913,0.84,23,6,2,2,1,2026-08-04,2026-08-04
bbe-a1-jul-26--venda--perpetuo--hot_cbo_videos,120246641531020489,00_automatico_ig030_fb030,120246641531090489,"ADS 6 - WORKSHOP CHURRASCO",120246641577230489,2026-08-04,0.48,,,,160,,3,3,2,3,1,2026-08-04,2026-08-04
bbe-a1-jul-26--venda--perpetuo--hot_cbo_videos,120246641531020489,01_automatico_ig180_fb180,120246641531130489,"ADS 7 V4 - WORKSHOP CHURRASCO",120246641577460489,2026-08-04,0.49,,,,98,,5,2,,,,2026-08-04,2026-08-04
bbe-a1-jul-26--venda--perpetuo--hot_cbo_videos,120246641531020489,01_automatico_ig180_fb180,120246641531130489,"ADS 3 V2 - WORKSHOP CHURRASCO",120246641577480489,2026-08-04,0.03,,,,30,,1,,,,,2026-08-04,2026-08-04
bbe-a1-jul-26--venda--perpetuo--hot_cbo_estaticos,120246640738580489,01_automatico_seguidores_ig_fb,120246640738460489,ad07-bbe-ppt-mai26--sal-grosso-sozinho-não-salva,120246640809070489,2026-08-04,0.09,,,,30,,3,,,,,2026-08-04,2026-08-04
bbe-a1-jul-26--venda--perpetuo--hot_cbo_vencedores,120246796479480489,01_automatico_ig180_fb180,120246796490900489,ad07-bbe-ppt-mai26--sal-grosso-sozinho-não-salva,120246796503380489,2026-08-04,0.12,,,,40,,3,,,,,2026-08-04,2026-08-04
bbe-a1-jul-26--venda--perpetuo--hot_cbo_videos,120246641531020489,01_automatico_ig180_fb180,120246641531130489,"ADS 1 - WORKSHOP CHURRASCO",120246641577410489,2026-08-04,2.43,1,,1.75438596,42.63157895,2.43,57,13,6,7,2,2026-08-04,2026-08-04
bbe-a1-jul-26--venda--perpetuo--hot_cbo_vencedores,120246796479480489,01_automatico_seguidores_ig_fb,120246796490920489,"ADS 5 V2 - WORKSHOP CHURRASCO",120246796503250489,2026-08-04,4.81,4,1,2.68456376,32.28187919,1.2025,149,51,16,22,6,2026-08-04,2026-08-04
bbe-a1-jul-26--venda--perpetuo--hot_cbo_videos,120246641531020489,00_automatico_ig030_fb030,120246641531090489,"ADS 4 V2 - WORKSHOP CHURRASCO",120246641577320489,2026-08-04,0.46,,,,32.85714286,,14,2,,1,,2026-08-04,2026-08-04
bbe-a1-jul-26--venda--perpetuo--hot_cbo_videos,120246641531020489,00_automatico_ig030_fb030,120246641531090489,"ADS 2 - WORKSHOP CHURRASCO",120246641577330489,2026-08-04,2.6,,,,136.84210526,,19,6,,1,,2026-08-04,2026-08-04
bbe-a1-jul-26--venda--perpetuo--hot_cbo_vencedores,120246796479480489,01_automatico_ig180_fb180,120246796490900489,"ADS 8 V1 - WORKSHOP CHURRASCO",120246796503360489,2026-08-04,0.12,,,,40,,3,,,,,2026-08-04,2026-08-04
bbe-a1-jul-26--venda--perpetuo--hot_cbo_videos,120246641531020489,00_automatico_ig030_fb030,120246641531090489,"ADS 3 V3 - WORKSHOP CHURRASCO",120246641577190489,2026-08-04,3.74,1,,2.38095238,89.04761905,3.74,42,7,,3,1,2026-08-04,2026-08-04
bbe-a1-jul-26--venda--perpetuo--hot_cbo_vencedores,120246796479480489,01_automatico_seguidores_ig_fb,120246796490920489,"ADS 3 V1 - WORKSHOP CHURRASCO",120246796503290489,2026-08-04,0.06,,,,15,,4,1,1,1,,2026-08-04,2026-08-04
bbe-a1-jul-26--venda--perpetuo--hot_cbo_estaticos,120246640738580489,01_automatico_ig180_fb180,120246640738570489,ad04-bbe-ppt-mai26--o-netão-te-ensina-corrigido,120247024457420489,2026-08-04,12.04,7,,1.03550296,17.81065089,1.72,676,,,,,2026-08-04,2026-08-04
bbe-a1-jul-26--venda--perpetuo--hot_cbo_videos,120246641531020489,01_automatico_ig180_fb180,120246641531130489,"ADS 3 V5 - WORKSHOP CHURRASCO",120246641577470489,2026-08-04,0,,,,0,,1,,,,,2026-08-04,2026-08-04
bbe-a1-jul-26--venda--perpetuo--hot_cbo_estaticos,120246640738580489,00_automatico_ig030_fb030,120246640738730489,ad04-bbe-ppt-mai26--o-netão-te-ensina-corrigido,120247024497110489,2026-08-04,22.19,14,,1.13636364,18.01136364,1.585,1232,,,,,2026-08-04,2026-08-04
bbe-a1-jul-26--venda--perpetuo--hot_cbo_videos,120246641531020489,00_automatico_ig030_fb030,120246641531090489,"ADS 3 V5 - WORKSHOP CHURRASCO",120246641577240489,2026-08-04,1.58,1,1,3.33333333,52.66666667,1.58,30,10,3,9,1,2026-08-04,2026-08-04
bbe-a1-jul-26--venda--perpetuo--hot_cbo_videos,120246641531020489,01_automatico_seguidores_ig_fb,120246641530990489,"ADS 3 V2 - WORKSHOP CHURRASCO",120246641577030489,2026-08-04,0.15,,,,37.5,,4,1,,,,2026-08-04,2026-08-04
bbe-a1-jul-26--venda--perpetuo--hot_cbo_videos,120246641531020489,01_automatico_ig180_fb180,120246641531130489,"ADS 2 - WORKSHOP CHURRASCO",120246641577530489,2026-08-04,0.23,,,,38.33333333,,6,,,,,2026-08-04,2026-08-04
bbe-a1-jul-26--venda--perpetuo--hot_cbo_videos,120246641531020489,00_automatico_ig030_fb030,120246641531090489,"ADS 5 V1 - WORKSHOP CHURRASCO",120246641577290489,2026-08-04,0.06,,,,8.57142857,,7,3,,2,,2026-08-04,2026-08-04
bbe-a1-jul-26--venda--perpetuo--hot_cbo_videos,120246641531020489,01_automatico_ig180_fb180,120246641531130489,"ADS 8 V2 - WORKSHOP CHURRASCO",120246641577550489,2026-08-04,0.72,,,,51.42857143,,14,4,1,1,,2026-08-04,2026-08-04
bbe-a1-jul-26--venda--perpetuo--hot_cbo_vencedores,120246796479480489,01_automatico_seguidores_ig_fb,120246796490920489,"ADS 4 V2 - WORKSHOP CHURRASCO",120246796503260489,2026-08-04,20.65,10,,1.63934426,33.85245902,2.065,610,100,17,62,20,2026-08-04,2026-08-04
bbe-a1-jul-26--venda--perpetuo--hot_cbo_videos,120246641531020489,01_automatico_seguidores_ig_fb,120246641530990489,"ADS 7 V4 - WORKSHOP CHURRASCO",120246641577000489,2026-08-04,0.41,,,,25.625,,16,5,2,2,,2026-08-04,2026-08-04
bbe-a1-jul-26--venda--perpetuo--hot_cbo_estaticos,120246640738580489,00_automatico_ig030_fb030,120246640738730489,ad01-bbe-ppt-mai26--acertar-o-ponto-da-carne,120246640809530489,2026-08-04,0.03,,,,10,,3,,,,,2026-08-04,2026-08-04
bbe-a1-jul-26--venda--perpetuo--hot_cbo_videos,120246641531020489,01_automatico_ig180_fb180,120246641531130489,"ADS 3 V3 - WORKSHOP CHURRASCO",120246641577540489,2026-08-04,2.26,,,,57.94871795,,39,6,1,2,1,2026-08-04,2026-08-04
bbe-a1-jul-26--venda--perpetuo--hot_cbo_estaticos,120246640738580489,01_automatico_seguidores_ig_fb,120246640738460489,ad04-bbe-ppt-mai26--o-netão-te-ensina-corrigido,120247024497140489,2026-08-04,20.37,7,,0.69513406,20.22840119,2.91,1007,,,,,2026-08-04,2026-08-04
bbe-a1-jul-26--venda--perpetuo--hot_cbo_videos,120246641531020489,01_automatico_ig180_fb180,120246641531130489,"ADS 3 V4 - WORKSHOP CHURRASCO",120246641577520489,2026-08-04,0.17,,,,85,,2,,,,,2026-08-04,2026-08-04
bbe-a1-jul-26--venda--perpetuo--hot_cbo_videos,120246641531020489,01_automatico_seguidores_ig_fb,120246641530990489,"ADS 3 V1 - WORKSHOP CHURRASCO",120246641577140489,2026-08-04,1.05,1,,4.34782609,45.65217391,1.05,23,8,1,2,,2026-08-04,2026-08-04
bbe-a1-jul-26--venda--perpetuo--hot_cbo_videos,120246641531020489,00_automatico_ig030_fb030,120246641531090489,"ADS 3 V4 - WORKSHOP CHURRASCO",120246641577310489,2026-08-04,1.47,1,,2.85714286,42,1.47,35,12,2,7,1,2026-08-04,2026-08-04
bbe-a1-jul-26--venda--perpetuo--hot_cbo_videos,120246641531020489,01_automatico_seguidores_ig_fb,120246641530990489,"ADS 5 V3 - WORKSHOP CHURRASCO",120246641577110489,2026-08-04,10.94,7,,2.54545455,39.78181818,1.56285714,275,68,22,31,14,2026-08-04,2026-08-04
bbe-a1-jul-26--venda--perpetuo--hot_cbo_videos,120246641531020489,01_automatico_ig180_fb180,120246641531130489,"ADS 4 V1 - WORKSHOP CHURRASCO",120246641577430489,2026-08-04,0.05,,,,50,,1,,,,,2026-08-04,2026-08-04
bbe-a1-jul-26--venda--perpetuo--hot_cbo_estaticos,120246640738580489,01_automatico_ig180_fb180,120246640738570489,ad01-bbe-ppt-mai26--acertar-o-ponto-da-carne,120246640809110489,2026-08-04,3.78,,,,30.98360656,,122,,,,,2026-08-04,2026-08-04
bbe-a1-jul-26--venda--perpetuo--hot_cbo_videos,120246641531020489,01_automatico_ig180_fb180,120246641531130489,"ADS 7 V1 - WORKSHOP CHURRASCO",120246641577390489,2026-08-04,1.38,,,,60,,23,4,,,,2026-08-04,2026-08-04
bbe-a1-jul-26--venda--perpetuo--hot_cbo_videos,120246641531020489,01_automatico_ig180_fb180,120246641531130489,"ADS 7 V2 - WORKSHOP CHURRASCO",120246641577420489,2026-08-04,0.08,,,,80,,1,,,,,2026-08-04,2026-08-04
bbe-a1-jul-26--venda--perpetuo--hot_cbo_estaticos,120246640738580489,00_automatico_ig030_fb030,120246640738730489,ad02-bbe-ppt-mai26--o-maior-inimigo-do-churrasqueiro,120246640809570489,2026-08-04,0.06,,,,10,,6,,,,,2026-08-04,2026-08-04
bbe-a1-jul-26--venda--perpetuo--hot_cbo_estaticos,120246640738580489,01_automatico_seguidores_ig_fb,120246640738460489,ad05-bbe-ppt-mai26--estraga-no-preparo,120246640809040489,2026-08-04,1.01,,,,42.08333333,,24,,,,,2026-08-04,2026-08-04
bbe-a1-jul-26--venda--perpetuo--hot_cbo_videos,120246641531020489,01_automatico_seguidores_ig_fb,120246641530990489,"ADS 2 - WORKSHOP CHURRASCO",120246641577090489,2026-08-04,0.84,,,,24,,35,11,2,5,,2026-08-04,2026-08-04
bbe-a1-jul-26--venda--perpetuo--hot_cbo_videos,120246641531020489,01_automatico_seguidores_ig_fb,120246641530990489,"ADS 9 V3 - WORKSHOP CHURRASCO",120246641595720489,2026-08-04,0.03,,,,30,,1,,,,,2026-08-04,2026-08-04
bbe-a1-jul-26--venda--perpetuo--hot_cbo_videos,120246641531020489,01_automatico_seguidores_ig_fb,120246641530990489,"ADS 6 - WORKSHOP CHURRASCO",120246641577040489,2026-08-04,17.19,9,,2.49307479,47.61772853,1.91,361,101,44,48,30,2026-08-04,2026-08-04
bbe-a1-jul-26--venda--perpetuo--hot_cbo_videos,120246641531020489,01_automatico_ig180_fb180,120246641531130489,"ADS 6 - WORKSHOP CHURRASCO",120246641577450489,2026-08-04,6.45,5,,3.3557047,43.2885906,1.29,149,51,22,23,14,2026-08-04,2026-08-04
bbe-a1-jul-26--venda--perpetuo--hot_cbo_vencedores,120246796479480489,01_automatico_seguidores_ig_fb,120246796490920489,ad07-bbe-ppt-mai26--sal-grosso-sozinho-não-salva,120246796503280489,2026-08-04,3,,,,36.14457831,,83,,,,,2026-08-04,2026-08-04
bbe-a1-jul-26--venda--perpetuo--hot_cbo_vencedores,120246796479480489,01_automatico_ig180_fb180,120246796490900489,"ADS 3 V1 - WORKSHOP CHURRASCO",120246796503340489,2026-08-04,9.76,,,,46.92307692,,208,32,7,19,5,2026-08-04,2026-08-04
bbe-a1-jul-26--venda--perpetuo--hot_cbo_videos,120246641531020489,00_automatico_ig030_fb030,120246641531090489,"ADS 9 V3 - WORKSHOP CHURRASCO",120246641595740489,2026-08-04,0.13,,,,32.5,,4,1,1,1,1,2026-08-04,2026-08-04
bbe-a1-jul-26--venda--perpetuo--hot_cbo_vencedores,120246796479480489,01_automatico_ig180_fb180,120246796490900489,"ADS 4 V2 - WORKSHOP CHURRASCO",120246796503410489,2026-08-04,0.17,,,,34,,5,,,,,2026-08-04,2026-08-04
bbe-a1-jul-26--venda--perpetuo--hot_cbo_vencedores,120246796479480489,01_automatico_ig180_fb180,120246796490900489,"ADS 5 V2 - WORKSHOP CHURRASCO",120246796503390489,2026-08-04,49,38,2,2.88753799,37.23404255,1.28947368,1316,400,113,163,53,2026-08-04,2026-08-04
bbe-a1-jul-26--venda--perpetuo--hot_cbo_videos,120246641531020489,00_automatico_ig030_fb030,120246641531090489,"ADS 8 V1 - WORKSHOP CHURRASCO",120246641577340489,2026-08-04,1.23,1,,3.57142857,43.92857143,1.23,28,10,2,2,2,2026-08-04,2026-08-04
bbe-a1-jul-26--venda--perpetuo--hot_cbo_videos,120246641531020489,01_automatico_ig180_fb180,120246641531130489,"ADS 3 V1 - WORKSHOP CHURRASCO",120246641577490489,2026-08-04,0.59,,,,65.55555556,,9,2,,,,2026-08-04,2026-08-04
bbe-a1-jul-26--venda--perpetuo--hot_cbo_vencedores,120246796479480489,01_automatico_seguidores_ig_fb,120246796490920489,ad04-bbe-ppt-mai26--o-netão-te-ensina-corrigido,120247024497160489,2026-08-04,43.6,17,,1.14709852,29.4197031,2.56470588,1482,,,,,2026-08-04,2026-08-04
bbe-a1-jul-26--venda--perpetuo--hot_cbo_videos,120246641531020489,00_automatico_ig030_fb030,120246641531090489,"ADS 7 V2 - WORKSHOP CHURRASCO",120246641577210489,2026-08-04,0.19,,,,21.11111111,,9,1,1,1,,2026-08-04,2026-08-04
bbe-a1-jul-26--venda--perpetuo--hot_cbo_estaticos,120246640738580489,01_automatico_ig180_fb180,120246640738570489,ad04-bbe-ppt-mai26--o-netão-te-ensina-corrigido,120247024497090489,2026-08-04,2.06,1,,0.75757576,15.60606061,2.06,132,,,,,2026-08-04,2026-08-04
bbe-a1-jul-26--venda--perpetuo--hot_cbo_vencedores,120246796479480489,01_automatico_ig180_fb180,120246796490900489,"ADS 3 V5 - WORKSHOP CHURRASCO",120246796503400489,2026-08-04,0.06,,,,15,,4,,,,,2026-08-04,2026-08-04
bbe-a1-jul-26--venda--perpetuo--hot_cbo_videos,120246641531020489,01_automatico_seguidores_ig_fb,120246641530990489,"ADS 3 V5 - WORKSHOP CHURRASCO",120246641577050489,2026-08-04,0.25,,,,31.25,,8,,,,,2026-08-04,2026-08-04
bbe-a1-jul-26--venda--perpetuo--hot_cbo_vencedores,120246796479480489,01_automatico_ig180_fb180,120246796490900489,"ADS 5 V1 - WORKSHOP CHURRASCO",120246796503420489,2026-08-04,0.64,2,,11.76470588,37.64705882,0.32,17,5,3,3,1,2026-08-04,2026-08-04
bbe-a1-jul-26--venda--perpetuo--hot_cbo_vencedores,120246796479480489,01_automatico_seguidores_ig_fb,120246796490920489,"ADS 3 V5 - WORKSHOP CHURRASCO",120246796503310489,2026-08-04,1.02,,,,85,,12,3,1,3,,2026-08-04,2026-08-04
bbe-a1-jul-26--venda--perpetuo--hot_cbo_videos,120246641531020489,00_automatico_ig030_fb030,120246641531090489,"ADS 7 V1 - WORKSHOP CHURRASCO",120246641577160489,2026-08-04,0.09,,,,45,,2,1,,,,2026-08-04,2026-08-04
bbe-a1-jul-26--venda--perpetuo--hot_cbo_videos,120246641531020489,00_automatico_ig030_fb030,120246641531090489,"ADS 1 - WORKSHOP CHURRASCO",120246641577180489,2026-08-04,2.52,2,,8,100.8,1.26,25,9,4,6,2,2026-08-04,2026-08-04
bbe-a1-jul-26--venda--perpetuo--hot_cbo_estaticos,120246640738580489,01_automatico_seguidores_ig_fb,120246640738460489,ad01-bbe-ppt-mai26--acertar-o-ponto-da-carne,120246640809080489,2026-08-03,0.37,,,,92.5,,4,,,,,2026-08-03,2026-08-03
bbe-a1-jul-26--venda--perpetuo--hot_cbo_videos,120246641531020489,00_automatico_ig030_fb030,120246641531090489,"ADS 2 - WORKSHOP CHURRASCO",120246641577330489,2026-08-03,0.02,,,,5,,4,2,1,1,1,2026-08-03,2026-08-03
bbe-a1-jul-26--venda--perpetuo--hot_cbo_videos,120246641531020489,00_automatico_ig030_fb030,120246641531090489,"ADS 9 V1 - WORKSHOP CHURRASCO",120246641577200489,2026-08-03,0.11,,,,18.33333333,,6,2,2,2,,2026-08-03,2026-08-03
bbe-a1-jul-26--venda--perpetuo--hot_cbo_videos,120246641531020489,01_automatico_ig180_fb180,120246641531130489,"ADS 1 - WORKSHOP CHURRASCO",120246641577410489,2026-08-03,2.64,1,,1.61290323,42.58064516,2.64,62,17,10,11,7,2026-08-03,2026-08-03
bbe-a1-jul-26--venda--perpetuo--hot_cbo_videos,120246641531020489,00_automatico_ig030_fb030,120246641531090489,"ADS 9 V2 - WORKSHOP CHURRASCO",120246641595750489,2026-08-03,0.44,,,,48.88888889,,9,,,,,2026-08-03,2026-08-03
bbe-a1-jul-26--venda--perpetuo--hot_cbo_videos,120246641531020489,00_automatico_ig030_fb030,120246641531090489,"ADS 5 V2 - WORKSHOP CHURRASCO",120246641577350489,2026-08-03,16.05,8,,1.99004975,39.92537313,2.00625,402,126,36,52,17,2026-08-03,2026-08-03
bbe-a1-jul-26--venda--perpetuo--hot_cbo_vencedores,120246796479480489,01_automatico_seguidores_ig_fb,120246796490920489,"ADS 3 V4 - WORKSHOP CHURRASCO",120246796503320489,2026-08-03,0.18,,,,22.5,,8,1,,1,,2026-08-03,2026-08-03
bbe-a1-jul-26--venda--perpetuo--hot_cbo_videos,120246641531020489,01_automatico_ig180_fb180,120246641531130489,"ADS 5 V2 - WORKSHOP CHURRASCO",120246641577510489,2026-08-03,10.36,6,,1.7699115,30.56047198,1.72666667,339,107,33,49,13,2026-08-03,2026-08-03
bbe-a1-jul-26--venda--perpetuo--hot_cbo_estaticos,120246640738580489,01_automatico_ig180_fb180,120246640738570489,ad03-bbe-ppt-mai26--o-ponto-perfeito-da-carne,120246640809160489,2026-08-03,0.07,,,,70,,1,,,,,2026-08-03,2026-08-03
bbe-a1-jul-26--venda--perpetuo--hot_cbo_videos,120246641531020489,01_automatico_ig180_fb180,120246641531130489,"ADS 5 V1 - WORKSHOP CHURRASCO",120246641577570489,2026-08-03,46.59,28,1,1.93103448,32.13103448,1.66392857,1450,458,130,219,57,2026-08-03,2026-08-03
bbe-a1-jul-26--venda--perpetuo--hot_cbo_estaticos,120246640738580489,01_automatico_seguidores_ig_fb,120246640738460489,ad04-bbe-ppt-mai26--o-netão-te-ensina,120246640809060489,2026-08-03,21.05,11,,1.44167759,27.58846658,1.91363636,763,,,,,2026-08-03,2026-08-03
bbe-a1-jul-26--venda--perpetuo--hot_cbo_videos,120246641531020489,00_automatico_ig030_fb030,120246641531090489,"ADS 6 - WORKSHOP CHURRASCO",120246641577230489,2026-08-03,0.74,1,,7.14285714,52.85714286,0.74,14,5,2,2,2,2026-08-03,2026-08-03
bbe-a1-jul-26--venda--perpetuo--hot_cbo_vencedores,120246796479480489,01_automatico_ig180_fb180,120246796490900489,"ADS 8 V1 - WORKSHOP CHURRASCO",120246796503360489,2026-08-03,0.05,,,,12.5,,4,1,1,1,1,2026-08-03,2026-08-03
bbe-a1-jul-26--venda--perpetuo--hot_cbo_videos,120246641531020489,01_automatico_seguidores_ig_fb,120246641530990489,"ADS 3 V3 - WORKSHOP CHURRASCO",120246641577120489,2026-08-03,1.27,,,,79.375,,16,3,,,,2026-08-03,2026-08-03
bbe-a1-jul-26--venda--perpetuo--hot_cbo_vencedores,120246796479480489,01_automatico_seguidores_ig_fb,120246796490920489,"ADS 5 V1 - WORKSHOP CHURRASCO",120246796503240489,2026-08-03,1.33,,,,166.25,,8,1,1,1,,2026-08-03,2026-08-03
bbe-a1-jul-26--venda--perpetuo--hot_cbo_videos,120246641531020489,00_automatico_ig030_fb030,120246641531090489,"ADS 3 V3 - WORKSHOP CHURRASCO",120246641577190489,2026-08-03,0.1,,,,16.66666667,,6,,,,,2026-08-03,2026-08-03
bbe-a1-jul-26--venda--perpetuo--hot_cbo_videos,120246641531020489,01_automatico_seguidores_ig_fb,120246641530990489,"ADS 7 V2 - WORKSHOP CHURRASCO",120246641576980489,2026-08-03,0.49,,,,70,,7,1,1,1,,2026-08-03,2026-08-03
bbe-a1-jul-26--venda--perpetuo--hot_cbo_vencedores,120246796479480489,01_automatico_seguidores_ig_fb,120246796490920489,"ADS 8 V1 - WORKSHOP CHURRASCO",120246796503300489,2026-08-03,0.74,,,,43.52941176,,17,4,2,2,1,2026-08-03,2026-08-03
bbe-a1-jul-26--venda--perpetuo--hot_cbo_estaticos,120246640738580489,01_automatico_seguidores_ig_fb,120246640738460489,ad02-bbe-ppt-mai26--o-maior-inimigo-do-churrasqueiro,120246640809020489,2026-08-03,0.18,,,,25.71428571,,7,,,,,2026-08-03,2026-08-03
bbe-a1-jul-26--venda--perpetuo--hot_cbo_videos,120246641531020489,00_automatico_ig030_fb030,120246641531090489,"ADS 4 V1 - WORKSHOP CHURRASCO",120246641577270489,2026-08-03,0.76,1,,9.09090909,69.09090909,0.76,11,2,,1,,2026-08-03,2026-08-03
bbe-a1-jul-26--venda--perpetuo--hot_cbo_estaticos,120246640738580489,01_automatico_ig180_fb180,120246640738570489,ad04-bbe-ppt-mai26--o-netão-te-ensina-corrigido,120247024457420489,2026-08-03,18.67,9,,0.9394572,19.48851775,2.07444444,958,,,,,2026-08-03,2026-08-03
bbe-a1-jul-26--venda--perpetuo--hot_cbo_videos,120246641531020489,01_automatico_seguidores_ig_fb,120246641530990489,"ADS 3 V4 - WORKSHOP CHURRASCO",120246641577080489,2026-08-03,0.04,,,,20,,2,,,,,2026-08-03,2026-08-03
bbe-a1-jul-26--venda--perpetuo--hot_cbo_estaticos,120246640738580489,00_automatico_ig030_fb030,120246640738730489,ad04-bbe-ppt-mai26--o-netão-te-ensina-corrigido,120247024497110489,2026-08-03,17.29,9,,0.9483667,18.21917808,1.92111111,949,,,,,2026-08-03,2026-08-03
bbe-a1-jul-26--venda--perpetuo--hot_cbo_videos,120246641531020489,00_automatico_ig030_fb030,120246641531090489,"ADS 3 V5 - WORKSHOP CHURRASCO",120246641577240489,2026-08-03,0.63,,,,63,,10,1,1,1,,2026-08-03,2026-08-03
bbe-a1-jul-26--venda--perpetuo--hot_cbo_videos,120246641531020489,01_automatico_seguidores_ig_fb,120246641530990489,"ADS 3 V2 - WORKSHOP CHURRASCO",120246641577030489,2026-08-03,0.99,,,,61.875,,16,2,,1,,2026-08-03,2026-08-03
bbe-a1-jul-26--venda--perpetuo--hot_cbo_videos,120246641531020489,01_automatico_ig180_fb180,120246641531130489,"ADS 2 - WORKSHOP CHURRASCO",120246641577530489,2026-08-03,0.21,,,,16.15384615,,13,3,,,,2026-08-03,2026-08-03
bbe-a1-jul-26--venda--perpetuo--hot_cbo_videos,120246641531020489,00_automatico_ig030_fb030,120246641531090489,"ADS 5 V1 - WORKSHOP CHURRASCO",120246641577290489,2026-08-03,0.24,,,,16,,15,3,2,2,,2026-08-03,2026-08-03
bbe-a1-jul-26--venda--perpetuo--hot_cbo_videos,120246641531020489,01_automatico_ig180_fb180,120246641531130489,"ADS 9 V2 - WORKSHOP CHURRASCO",120246641595700489,2026-08-03,0.01,,,,10,,1,,,,,2026-08-03,2026-08-03
bbe-a1-jul-26--venda--perpetuo--hot_cbo_vencedores,120246796479480489,01_automatico_seguidores_ig_fb,120246796490920489,"ADS 4 V2 - WORKSHOP CHURRASCO",120246796503260489,2026-08-03,41.13,13,1,1.27077224,40.20527859,3.16384615,1023,152,31,101,36,2026-08-03,2026-08-03
bbe-a1-jul-26--venda--perpetuo--hot_cbo_videos,120246641531020489,01_automatico_ig180_fb180,120246641531130489,"ADS 3 V2 - WORKSHOP CHURRASCO",120246641577480489,2026-08-03,0.04,,,,40,,1,1,,,,2026-08-03,2026-08-03
bbe-a1-jul-26--venda--perpetuo--hot_cbo_estaticos,120246640738580489,01_automatico_ig180_fb180,120246640738570489,ad07-bbe-ppt-mai26--sal-grosso-sozinho-não-salva,120246640809150489,2026-08-03,10.69,7,,2.08333333,31.81547619,1.52714286,336,,,,,2026-08-03,2026-08-03
bbe-a1-jul-26--venda--perpetuo--hot_cbo_videos,120246641531020489,00_automatico_ig030_fb030,120246641531090489,"ADS 3 V1 - WORKSHOP CHURRASCO",120246641577250489,2026-08-03,0.37,,,,33.63636364,,11,1,,,,2026-08-03,2026-08-03
bbe-a1-jul-26--venda--perpetuo--hot_cbo_videos,120246641531020489,01_automatico_seguidores_ig_fb,120246641530990489,"ADS 9 V2 - WORKSHOP CHURRASCO",120246641595730489,2026-08-03,0.95,,,,63.33333333,,15,2,1,1,,2026-08-03,2026-08-03
bbe-a1-jul-26--venda--perpetuo--hot_cbo_vencedores,120246796479480489,01_automatico_seguidores_ig_fb,120246796490920489,"ADS 3 V5 - WORKSHOP CHURRASCO",120246796503310489,2026-08-03,0.81,,,,62.30769231,,13,,,,,2026-08-03,2026-08-03
bbe-a1-jul-26--venda--perpetuo--hot_cbo_videos,120246641531020489,01_automatico_seguidores_ig_fb,120246641530990489,"ADS 5 V3 - WORKSHOP CHURRASCO",120246641577110489,2026-08-03,17.67,14,,2.77777778,35.05952381,1.26214286,504,133,39,62,21,2026-08-03,2026-08-03
bbe-a1-jul-26--venda--perpetuo--hot_cbo_videos,120246641531020489,01_automatico_ig180_fb180,120246641531130489,"ADS 4 V1 - WORKSHOP CHURRASCO",120246641577430489,2026-08-03,0.01,,,,10,,1,,,,,2026-08-03,2026-08-03
bbe-a1-jul-26--venda--perpetuo--hot_cbo_videos,120246641531020489,00_automatico_ig030_fb030,120246641531090489,"ADS 7 V4 - WORKSHOP CHURRASCO",120246641577300489,2026-08-03,0.04,,,,13.33333333,,3,1,,,,2026-08-03,2026-08-03
bbe-a1-jul-26--venda--perpetuo--hot_cbo_videos,120246641531020489,01_automatico_seguidores_ig_fb,120246641530990489,"ADS 8 V2 - WORKSHOP CHURRASCO",120246641577020489,2026-08-03,0.15,,,,150,,1,,,,,2026-08-03,2026-08-03
bbe-a1-jul-26--venda--perpetuo--hot_cbo_estaticos,120246640738580489,00_automatico_ig030_fb030,120246640738730489,ad02-bbe-ppt-mai26--o-maior-inimigo-do-churrasqueiro,120246640809570489,2026-08-03,0.07,,,,11.66666667,,6,,,,,2026-08-03,2026-08-03
bbe-a1-jul-26--venda--perpetuo--hot_cbo_videos,120246641531020489,00_automatico_ig030_fb030,120246641531090489,"ADS 5 V3 - WORKSHOP CHURRASCO",120246641577170489,2026-08-03,0.82,,,,24.84848485,,33,8,3,5,2,2026-08-03,2026-08-03
bbe-a1-jul-26--venda--perpetuo--hot_cbo_videos,120246641531020489,01_automatico_seguidores_ig_fb,120246641530990489,"ADS 2 - WORKSHOP CHURRASCO",120246641577090489,2026-08-03,5.57,,,,42.1969697,,132,21,5,13,5,2026-08-03,2026-08-03
bbe-a1-jul-26--venda--perpetuo--hot_cbo_videos,120246641531020489,01_automatico_ig180_fb180,120246641531130489,"ADS 9 V1 - WORKSHOP CHURRASCO",120246641577440489,2026-08-03,1.01,,,,84.16666667,,12,5,2,2,1,2026-08-03,2026-08-03
bbe-a1-jul-26--venda--perpetuo--hot_cbo_vencedores,120246796479480489,01_automatico_ig180_fb180,120246796490900489,"ADS 3 V4 - WORKSHOP CHURRASCO",120246796503370489,2026-08-03,1.02,,,,29.14285714,,35,9,,6,,2026-08-03,2026-08-03
bbe-a1-jul-26--venda--perpetuo--hot_cbo_videos,120246641531020489,01_automatico_ig180_fb180,120246641531130489,"ADS 6 - WORKSHOP CHURRASCO",120246641577450489,2026-08-03,10.63,6,,3.57142857,63.27380952,1.77166667,168,51,28,31,20,2026-08-03,2026-08-03
bbe-a1-jul-26--venda--perpetuo--hot_cbo_videos,120246641531020489,01_automatico_ig180_fb180,120246641531130489,"ADS 3 V4 - WORKSHOP CHURRASCO",120246641577520489,2026-08-03,0.06,,,,60,,1,,,,,2026-08-03,2026-08-03
bbe-a1-jul-26--venda--perpetuo--hot_cbo_vencedores,120246796479480489,01_automatico_ig180_fb180,120246796490900489,"ADS 3 V1 - WORKSHOP CHURRASCO",120246796503340489,2026-08-03,10.46,9,,3.930131,45.6768559,1.16222222,229,49,13,25,7,2026-08-03,2026-08-03
bbe-a1-jul-26--venda--perpetuo--hot_cbo_vencedores,120246796479480489,01_automatico_ig180_fb180,120246796490900489,"ADS 5 V2 - WORKSHOP CHURRASCO",120246796503390489,2026-08-03,19.72,13,,2.56410256,38.89546351,1.51692308,507,134,46,66,22,2026-08-03,2026-08-03
bbe-a1-jul-26--venda--perpetuo--hot_cbo_videos,120246641531020489,01_automatico_seguidores_ig_fb,120246641530990489,"ADS 6 - WORKSHOP CHURRASCO",120246641577040489,2026-08-03,2.52,1,,1.96078431,49.41176471,2.52,51,10,6,6,5,2026-08-03,2026-08-03
bbe-a1-jul-26--venda--perpetuo--hot_cbo_vencedores,120246796479480489,01_automatico_ig180_fb180,120246796490900489,"ADS 5 V1 - WORKSHOP CHURRASCO",120246796503420489,2026-08-03,2.18,,,,36.33333333,,60,17,3,9,1,2026-08-03,2026-08-03
bbe-a1-jul-26--venda--perpetuo--hot_cbo_videos,120246641531020489,00_automatico_ig030_fb030,120246641531090489,"ADS 3 V2 - WORKSHOP CHURRASCO",120246641577280489,2026-08-03,2.45,1,,1.44927536,35.50724638,2.45,69,16,4,8,4,2026-08-03,2026-08-03
bbe-a1-jul-26--venda--perpetuo--hot_cbo_estaticos,120246640738580489,00_automatico_ig030_fb030,120246640738730489,ad03-bbe-ppt-mai26--o-ponto-perfeito-da-carne,120246640809580489,2026-08-03,0.12,,,,120,,1,,,,,2026-08-03,2026-08-03
bbe-a1-jul-26--venda--perpetuo--hot_cbo_estaticos,120246640738580489,01_automatico_seguidores_ig_fb,120246640738460489,ad04-bbe-ppt-mai26--o-netão-te-ensina-corrigido,120247024497140489,2026-08-03,15.92,10,,1.09289617,17.3989071,1.592,915,,,,,2026-08-03,2026-08-03
bbe-a1-jul-26--venda--perpetuo--hot_cbo_videos,120246641531020489,01_automatico_seguidores_ig_fb,120246641530990489,"ADS 3 V1 - WORKSHOP CHURRASCO",120246641577140489,2026-08-03,2.6,,,,371.42857143,,7,1,,1,,2026-08-03,2026-08-03
bbe-a1-jul-26--venda--perpetuo--hot_cbo_vencedores,120246796479480489,01_automatico_ig180_fb180,120246796490900489,"ADS 4 V2 - WORKSHOP CHURRASCO",120246796503410489,2026-08-03,4.02,,,,38.65384615,,104,12,1,7,1,2026-08-03,2026-08-03
bbe-a1-jul-26--venda--perpetuo--hot_cbo_estaticos,120246640738580489,01_automatico_ig180_fb180,120246640738570489,ad04-bbe-ppt-mai26--o-netão-te-ensina-corrigido,120247024497090489,2026-08-03,12.62,15,,2.38095238,20.03174603,0.84133333,630,,,,,2026-08-03,2026-08-03
bbe-a1-jul-26--venda--perpetuo--hot_cbo_estaticos,120246640738580489,00_automatico_ig030_fb030,120246640738730489,ad04-bbe-ppt-mai26--o-netão-te-ensina,120246640809560489,2026-08-03,14.77,6,,1.05448155,25.95782074,2.46166667,569,,,,,2026-08-03,2026-08-03
bbe-a1-jul-26--venda--perpetuo--hot_cbo_videos,120246641531020489,01_automatico_ig180_fb180,120246641531130489,"ADS 9 V3 - WORKSHOP CHURRASCO",120246641595710489,2026-08-03,0.03,,,,30,,1,,,,,2026-08-03,2026-08-03
bbe-a1-jul-26--venda--perpetuo--hot_cbo_estaticos,120246640738580489,00_automatico_ig030_fb030,120246640738730489,ad06-bbe-ppt-mai26--agora-é-sua-vez,120246640809520489,2026-08-03,0.55,2,,11.11111111,30.55555556,0.275,18,,,,,2026-08-03,2026-08-03
bbe-a1-jul-26--venda--perpetuo--hot_cbo_videos,120246641531020489,01_automatico_seguidores_ig_fb,120246641530990489,"ADS 4 V1 - WORKSHOP CHURRASCO",120246641577010489,2026-08-03,0.02,,,,10,,2,,,,,2026-08-03,2026-08-03
bbe-a1-jul-26--venda--perpetuo--hot_cbo_videos,120246641531020489,01_automatico_ig180_fb180,120246641531130489,"ADS 4 V2 - WORKSHOP CHURRASCO",120246641577380489,2026-08-03,1,,,,24.3902439,,41,5,2,4,2,2026-08-03,2026-08-03
bbe-a1-jul-26--venda--perpetuo--hot_cbo_vencedores,120246796479480489,01_automatico_seguidores_ig_fb,120246796490920489,ad04-bbe-ppt-mai26--o-netão-te-ensina-corrigido,120247024497160489,2026-08-03,18.71,12,,1.51898734,23.6835443,1.55916667,790,,,,,2026-08-03,2026-08-03
bbe-a1-jul-26--venda--perpetuo--hot_cbo_vencedores,120246796479480489,01_automatico_ig180_fb180,120246796490900489,"ADS 3 V5 - WORKSHOP CHURRASCO",120246796503400489,2026-08-03,0.08,,,,26.66666667,,3,1,,,,2026-08-03,2026-08-03
bbe-a1-jul-26--venda--perpetuo--hot_cbo_videos,120246641531020489,01_automatico_ig180_fb180,120246641531130489,"ADS 5 V3 - WORKSHOP CHURRASCO",120246641577400489,2026-08-03,0.95,1,,2.77777778,26.38888889,0.95,36,6,2,4,,2026-08-03,2026-08-03
bbe-a1-jul-26--venda--perpetuo--hot_cbo_videos,120246641531020489,00_automatico_ig030_fb030,120246641531090489,"ADS 8 V2 - WORKSHOP CHURRASCO",120246641577220489,2026-08-02,0.11,,,,36.66666667,,3,1,,,,2026-08-02,2026-08-02
bbe-a1-jul-26--venda--perpetuo--hot_cbo_videos,120246641531020489,01_automatico_ig180_fb180,120246641531130489,"ADS 7 V3 - WORKSHOP CHURRASCO",120246641577560489,2026-08-02,0.27,,,,54,,5,2,2,2,2,2026-08-02,2026-08-02
bbe-a1-jul-26--venda--perpetuo--hot_cbo_videos,120246641531020489,01_automatico_seguidores_ig_fb,120246641530990489,"ADS 6 - WORKSHOP CHURRASCO",120246641577040489,2026-08-02,6.36,1,,0.80645161,51.29032258,6.36,124,36,19,19,10,2026-08-02,2026-08-02
bbe-a1-jul-26--venda--perpetuo--hot_cbo_videos,120246641531020489,01_automatico_ig180_fb180,120246641531130489,"ADS 9 V1 - WORKSHOP CHURRASCO",120246641577440489,2026-08-02,0.01,,,,10,,1,,,,,2026-08-02,2026-08-02
bbe-a1-jul-26--venda--perpetuo--hot_cbo_videos,120246641531020489,01_automatico_seguidores_ig_fb,120246641530990489,"ADS 2 - WORKSHOP CHURRASCO",120246641577090489,2026-08-02,4.08,,,,35.47826087,,115,21,5,8,3,2026-08-02,2026-08-02
bbe-a1-jul-26--venda--perpetuo--hot_cbo_vencedores,120246796479480489,01_automatico_seguidores_ig_fb,120246796490920489,ad07-bbe-ppt-mai26--sal-grosso-sozinho-não-salva,120246796503280489,2026-08-02,0.25,,,,22.72727273,,11,,,,,2026-08-02,2026-08-02
bbe-a1-jul-26--venda--perpetuo--hot_cbo_videos,120246641531020489,01_automatico_ig180_fb180,120246641531130489,"ADS 7 V1 - WORKSHOP CHURRASCO",120246641577390489,2026-08-02,0.8,,,,160,,5,1,,,,2026-08-02,2026-08-02
bbe-a1-jul-26--venda--perpetuo--hot_cbo_estaticos,120246640738580489,01_automatico_seguidores_ig_fb,120246640738460489,ad05-bbe-ppt-mai26--estraga-no-preparo,120246640809040489,2026-08-02,0.49,,,,40.83333333,,12,,,,,2026-08-02,2026-08-02
bbe-a1-jul-26--venda--perpetuo--hot_cbo_estaticos,120246640738580489,00_automatico_ig030_fb030,120246640738730489,ad02-bbe-ppt-mai26--o-maior-inimigo-do-churrasqueiro,120246640809570489,2026-08-02,3.72,,,,79.14893617,,47,,,,,2026-08-02,2026-08-02
bbe-a1-jul-26--venda--perpetuo--hot_cbo_videos,120246641531020489,01_automatico_ig180_fb180,120246641531130489,"ADS 7 V2 - WORKSHOP CHURRASCO",120246641577420489,2026-08-02,0.29,,,,29,,10,,,,,2026-08-02,2026-08-02
bbe-a1-jul-26--venda--perpetuo--hot_cbo_videos,120246641531020489,01_automatico_ig180_fb180,120246641531130489,"ADS 4 V1 - WORKSHOP CHURRASCO",120246641577430489,2026-08-02,0.97,,,,60.625,,16,1,,1,,2026-08-02,2026-08-02
bbe-a1-jul-26--venda--perpetuo--hot_cbo_videos,120246641531020489,01_automatico_seguidores_ig_fb,120246641530990489,"ADS 5 V3 - WORKSHOP CHURRASCO",120246641577110489,2026-08-02,13.23,11,,3.01369863,36.24657534,1.20272727,365,110,35,53,19,2026-08-02,2026-08-02
bbe-a1-jul-26--venda--perpetuo--hot_cbo_videos,120246641531020489,01_automatico_ig180_fb180,120246641531130489,"ADS 3 V4 - WORKSHOP CHURRASCO",120246641577520489,2026-08-02,0.43,,,,61.42857143,,7,3,,2,1,2026-08-02,2026-08-02
bbe-a1-jul-26--venda--perpetuo--hot_cbo_videos,120246641531020489,01_automatico_ig180_fb180,120246641531130489,"ADS 6 - WORKSHOP CHURRASCO",120246641577450489,2026-08-02,14.53,5,,1.64473684,47.79605263,2.906,304,92,40,43,31,2026-08-02,2026-08-02
bbe-a1-jul-26--venda--perpetuo--hot_cbo_vencedores,120246796479480489,01_automatico_ig180_fb180,120246796490900489,"ADS 3 V1 - WORKSHOP CHURRASCO",120246796503340489,2026-08-02,8.39,7,1,3.58974359,43.02564103,1.19857143,195,46,15,24,15,2026-08-02,2026-08-02
bbe-a1-jul-26--venda--perpetuo--hot_cbo_vencedores,120246796479480489,01_automatico_seguidores_ig_fb,120246796490920489,"ADS 8 V1 - WORKSHOP CHURRASCO",120246796503300489,2026-08-02,5.03,2,,2.02020202,50.80808081,2.515,99,27,6,7,4,2026-08-02,2026-08-02
bbe-a1-jul-26--venda--perpetuo--hot_cbo_vencedores,120246796479480489,01_automatico_seguidores_ig_fb,120246796490920489,"ADS 3 V1 - WORKSHOP CHURRASCO",120246796503290489,2026-08-02,1.34,,,,63.80952381,,21,4,,2,,2026-08-02,2026-08-02
bbe-a1-jul-26--venda--perpetuo--hot_cbo_videos,120246641531020489,01_automatico_ig180_fb180,120246641531130489,"ADS 5 V2 - WORKSHOP CHURRASCO",120246641577510489,2026-08-02,18.49,11,,1.75159236,29.44267516,1.68090909,628,155,43,61,18,2026-08-02,2026-08-02
bbe-a1-jul-26--venda--perpetuo--hot_cbo_videos,120246641531020489,00_automatico_ig030_fb030,120246641531090489,"ADS 5 V2 - WORKSHOP CHURRASCO",120246641577350489,2026-08-02,12.01,1,,0.37878788,45.49242424,12.01,264,79,23,34,12,2026-08-02,2026-08-02
bbe-a1-jul-26--venda--perpetuo--hot_cbo_videos,120246641531020489,00_automatico_ig030_fb030,120246641531090489,"ADS 9 V2 - WORKSHOP CHURRASCO",120246641595750489,2026-08-02,2.03,1,,4.54545455,92.27272727,2.03,22,4,2,2,2,2026-08-02,2026-08-02
bbe-a1-jul-26--venda--perpetuo--hot_cbo_videos,120246641531020489,01_automatico_ig180_fb180,120246641531130489,"ADS 1 - WORKSHOP CHURRASCO",120246641577410489,2026-08-02,5.73,,,,64.38202247,,89,20,8,11,2,2026-08-02,2026-08-02
bbe-a1-jul-26--venda--perpetuo--hot_cbo_videos,120246641531020489,00_automatico_ig030_fb030,120246641531090489,"ADS 4 V2 - WORKSHOP CHURRASCO",120246641577320489,2026-08-02,0.76,1,,3.44827586,26.20689655,0.76,29,4,2,3,2,2026-08-02,2026-08-02
bbe-a1-jul-26--venda--perpetuo--hot_cbo_videos,120246641531020489,00_automatico_ig030_fb030,120246641531090489,"ADS 2 - WORKSHOP CHURRASCO",120246641577330489,2026-08-02,4.6,,,,30.66666667,,150,24,5,10,3,2026-08-02,2026-08-02
bbe-a1-jul-26--venda--perpetuo--hot_cbo_estaticos,120246640738580489,01_automatico_ig180_fb180,120246640738570489,ad06-bbe-ppt-mai26--agora-é-sua-vez,120246640809130489,2026-08-02,0.47,,,,33.57142857,,14,,,,,2026-08-02,2026-08-02
bbe-a1-jul-26--venda--perpetuo--hot_cbo_videos,120246641531020489,01_automatico_seguidores_ig_fb,120246641530990489,"ADS 3 V3 - WORKSHOP CHURRASCO",120246641577120489,2026-08-02,1.06,1,,4.76190476,50.47619048,1.06,21,3,,,,2026-08-02,2026-08-02
bbe-a1-jul-26--venda--perpetuo--hot_cbo_vencedores,120246796479480489,01_automatico_ig180_fb180,120246796490900489,"ADS 8 V1 - WORKSHOP CHURRASCO",120246796503360489,2026-08-02,1.99,,,,73.7037037,,27,9,4,4,1,2026-08-02,2026-08-02
bbe-a1-jul-26--venda--perpetuo--hot_cbo_videos,120246641531020489,00_automatico_ig030_fb030,120246641531090489,"ADS 3 V3 - WORKSHOP CHURRASCO",120246641577190489,2026-08-02,1.68,,,,25.84615385,,65,9,3,5,4,2026-08-02,2026-08-02
bbe-a1-jul-26--venda--perpetuo--hot_cbo_videos,120246641531020489,01_automatico_seguidores_ig_fb,120246641530990489,"ADS 7 V2 - WORKSHOP CHURRASCO",120246641576980489,2026-08-02,0.38,,,,190,,2,,,,,2026-08-02,2026-08-02
bbe-a1-jul-26--venda--perpetuo--hot_cbo_videos,120246641531020489,01_automatico_ig180_fb180,120246641531130489,"ADS 3 V5 - WORKSHOP CHURRASCO",120246641577470489,2026-08-02,0.1,,,,33.33333333,,3,,,,,2026-08-02,2026-08-02
bbe-a1-jul-26--venda--perpetuo--hot_cbo_videos,120246641531020489,01_automatico_ig180_fb180,120246641531130489,"ADS 5 V1 - WORKSHOP CHURRASCO",120246641577570489,2026-08-02,58.14,42,,2.72020725,37.65544041,1.38428571,1544,454,114,201,52,2026-08-02,2026-08-02
bbe-a1-jul-26--venda--perpetuo--hot_cbo_videos,120246641531020489,01_automatico_seguidores_ig_fb,120246641530990489,"ADS 3 V4 - WORKSHOP CHURRASCO",120246641577080489,2026-08-02,0.04,,,,20,,2,,,,,2026-08-02,2026-08-02
bbe-a1-jul-26--venda--perpetuo--hot_cbo_videos,120246641531020489,00_automatico_ig030_fb030,120246641531090489,"ADS 3 V5 - WORKSHOP CHURRASCO",120246641577240489,2026-08-02,0.28,,,,20,,14,3,,1,1,2026-08-02,2026-08-02
bbe-a1-jul-26--venda--perpetuo--hot_cbo_videos,120246641531020489,01_automatico_ig180_fb180,120246641531130489,"ADS 3 V3 - WORKSHOP CHURRASCO",120246641577540489,2026-08-02,0.34,,,,24.28571429,,14,7,1,3,,2026-08-02,2026-08-02
bbe-a1-jul-26--venda--perpetuo--hot_cbo_videos,120246641531020489,01_automatico_seguidores_ig_fb,120246641530990489,"ADS 3 V2 - WORKSHOP CHURRASCO",120246641577030489,2026-08-02,0.09,,,,30,,3,2,1,2,,2026-08-02,2026-08-02
bbe-a1-jul-26--venda--perpetuo--hot_cbo_videos,120246641531020489,01_automatico_ig180_fb180,120246641531130489,"ADS 2 - WORKSHOP CHURRASCO",120246641577530489,2026-08-02,1.22,1,,1.78571429,21.78571429,1.22,56,11,2,5,2,2026-08-02,2026-08-02
bbe-a1-jul-26--venda--perpetuo--hot_cbo_videos,120246641531020489,00_automatico_ig030_fb030,120246641531090489,"ADS 5 V1 - WORKSHOP CHURRASCO",120246641577290489,2026-08-02,2.06,1,,1.92307692,39.61538462,2.06,52,18,10,10,6,2026-08-02,2026-08-02
bbe-a1-jul-26--venda--perpetuo--hot_cbo_videos,120246641531020489,01_automatico_ig180_fb180,120246641531130489,"ADS 9 V2 - WORKSHOP CHURRASCO",120246641595700489,2026-08-02,0.88,,,,440,,2,,,,,2026-08-02,2026-08-02
bbe-a1-jul-26--venda--perpetuo--hot_cbo_estaticos,120246640738580489,01_automatico_ig180_fb180,120246640738570489,ad05-bbe-ppt-mai26--estraga-no-preparo,120246640809140489,2026-08-02,0.39,,,,32.5,,12,,,,,2026-08-02,2026-08-02
bbe-a1-jul-26--venda--perpetuo--hot_cbo_vencedores,120246796479480489,01_automatico_seguidores_ig_fb,120246796490920489,"ADS 4 V2 - WORKSHOP CHURRASCO",120246796503260489,2026-08-02,68.51,31,1,1.40208051,30.98597919,2.21,2211,337,76,226,94,2026-08-02,2026-08-02
bbe-a1-jul-26--venda--perpetuo--hot_cbo_videos,120246641531020489,01_automatico_seguidores_ig_fb,120246641530990489,"ADS 7 V4 - WORKSHOP CHURRASCO",120246641577000489,2026-08-02,0.05,,,,8.33333333,,6,1,,,,2026-08-02,2026-08-02
bbe-a1-jul-26--venda--perpetuo--hot_cbo_vencedores,120246796479480489,01_automatico_ig180_fb180,120246796490900489,"ADS 5 V2 - WORKSHOP CHURRASCO",120246796503390489,2026-08-02,28.82,18,,2.20318237,35.2753978,1.60111111,817,254,90,130,41,2026-08-02,2026-08-02
bbe-a1-jul-26--venda--perpetuo--hot_cbo_estaticos,120246640738580489,01_automatico_ig180_fb180,120246640738570489,ad03-bbe-ppt-mai26--o-ponto-perfeito-da-carne,120246640809160489,2026-08-02,0.33,,,,30,,11,,,,,2026-08-02,2026-08-02
bbe-a1-jul-26--venda--perpetuo--hot_cbo_vencedores,120246796479480489,01_automatico_ig180_fb180,120246796490900489,ad07-bbe-ppt-mai26--sal-grosso-sozinho-não-salva,120246796503380489,2026-08-02,0.26,1,,12.5,32.5,0.26,8,,,,,2026-08-02,2026-08-02
bbe-a1-jul-26--venda--perpetuo--hot_cbo_videos,120246641531020489,01_automatico_seguidores_ig_fb,120246641530990489,"ADS 7 V1 - WORKSHOP CHURRASCO",120246641576960489,2026-08-02,0.44,,,,27.5,,16,2,,,,2026-08-02,2026-08-02
bbe-a1-jul-26--venda--perpetuo--hot_cbo_vencedores,120246796479480489,01_automatico_ig180_fb180,120246796490900489,"ADS 4 V2 - WORKSHOP CHURRASCO",120246796503410489,2026-08-02,0.29,,,,58,,5,1,,1,,2026-08-02,2026-08-02
bbe-a1-jul-26--venda--perpetuo--hot_cbo_vencedores,120246796479480489,01_automatico_seguidores_ig_fb,120246796490920489,"ADS 3 V5 - WORKSHOP CHURRASCO",120246796503310489,2026-08-02,7.69,,,,170.88888889,,45,12,3,7,4,2026-08-02,2026-08-02
bbe-a1-jul-26--venda--perpetuo--hot_cbo_vencedores,120246796479480489,01_automatico_ig180_fb180,120246796490900489,"ADS 5 V1 - WORKSHOP CHURRASCO",120246796503420489,2026-08-02,0.18,,,,22.5,,8,4,2,2,1,2026-08-02,2026-08-02
bbe-a1-jul-26--venda--perpetuo--hot_cbo_videos,120246641531020489,00_automatico_ig030_fb030,120246641531090489,"ADS 1 - WORKSHOP CHURRASCO",120246641577180489,2026-08-02,0.61,,,,30.5,,20,4,,1,,2026-08-02,2026-08-02
bbe-a1-jul-26--venda--perpetuo--hot_cbo_videos,120246641531020489,01_automatico_seguidores_ig_fb,120246641530990489,"ADS 9 V1 - WORKSHOP CHURRASCO",120246641576990489,2026-08-02,0.01,,,,10,,1,,,,,2026-08-02,2026-08-02
bbe-a1-jul-26--venda--perpetuo--hot_cbo_vencedores,120246796479480489,01_automatico_ig180_fb180,120246796490900489,"ADS 3 V5 - WORKSHOP CHURRASCO",120246796503400489,2026-08-02,0.77,,,,59.23076923,,13,3,1,1,,2026-08-02,2026-08-02
bbe-a1-jul-26--venda--perpetuo--hot_cbo_videos,120246641531020489,00_automatico_ig030_fb030,120246641531090489,"ADS 9 V3 - WORKSHOP CHURRASCO",120246641595740489,2026-08-02,0.84,,,,70,,12,6,3,3,,2026-08-02,2026-08-02
bbe-a1-jul-26--venda--perpetuo--hot_cbo_videos,120246641531020489,00_automatico_ig030_fb030,120246641531090489,"ADS 7 V2 - WORKSHOP CHURRASCO",120246641577210489,2026-08-02,0.28,,,,140,,2,,,,,2026-08-02,2026-08-02
bbe-a1-jul-26--venda--perpetuo--hot_cbo_estaticos,120246640738580489,01_automatico_seguidores_ig_fb,120246640738460489,ad04-bbe-ppt-mai26--o-netão-te-ensina,120246640809060489,2026-08-02,36.87,8,,0.54421769,25.08163265,4.60875,1470,,,,,2026-08-02,2026-08-02
bbe-a1-jul-26--venda--perpetuo--hot_cbo_estaticos,120246640738580489,00_automatico_ig030_fb030,120246640738730489,ad06-bbe-ppt-mai26--agora-é-sua-vez,120246640809520489,2026-08-02,1.46,,,,208.57142857,,7,,,,,2026-08-02,2026-08-02
bbe-a1-jul-26--venda--perpetuo--hot_cbo_videos,120246641531020489,01_automatico_ig180_fb180,120246641531130489,"ADS 9 V3 - WORKSHOP CHURRASCO",120246641595710489,2026-08-02,0.03,,,,30,,1,1,,,,2026-08-02,2026-08-02
bbe-a1-jul-26--venda--perpetuo--hot_cbo_estaticos,120246640738580489,01_automatico_seguidores_ig_fb,120246640738460489,ad06-bbe-ppt-mai26--agora-é-sua-vez,120246640809030489,2026-08-02,0.23,,,,115,,2,,,,,2026-08-02,2026-08-02
bbe-a1-jul-26--venda--perpetuo--hot_cbo_videos,120246641531020489,01_automatico_ig180_fb180,120246641531130489,"ADS 8 V1 - WORKSHOP CHURRASCO",120246641577500489,2026-08-02,0.01,,,,10,,1,,,,,2026-08-02,2026-08-02
bbe-a1-jul-26--venda--perpetuo--hot_cbo_videos,120246641531020489,01_automatico_seguidores_ig_fb,120246641530990489,"ADS 4 V1 - WORKSHOP CHURRASCO",120246641577010489,2026-08-02,0.04,,,,13.33333333,,3,1,,1,,2026-08-02,2026-08-02
bbe-a1-jul-26--venda--perpetuo--hot_cbo_videos,120246641531020489,00_automatico_ig030_fb030,120246641531090489,"ADS 6 - WORKSHOP CHURRASCO",120246641577230489,2026-08-02,2.11,1,,1.96078431,41.37254902,2.11,51,19,9,10,7,2026-08-02,2026-08-02
bbe-a1-jul-26--venda--perpetuo--hot_cbo_estaticos,120246640738580489,00_automatico_ig030_fb030,120246640738730489,ad04-bbe-ppt-mai26--o-netão-te-ensina,120246640809560489,2026-08-02,53.51,33,,1.53132251,24.83062645,1.62151515,2155,,,,,2026-08-02,2026-08-02
bbe-a1-jul-26--venda--perpetuo--hot_cbo_videos,120246641531020489,01_automatico_ig180_fb180,120246641531130489,"ADS 8 V2 - WORKSHOP CHURRASCO",120246641577550489,2026-08-02,0.74,1,,9.09090909,67.27272727,0.74,11,2,2,2,1,2026-08-02,2026-08-02
bbe-a1-jul-26--venda--perpetuo--hot_cbo_videos,120246641531020489,01_automatico_ig180_fb180,120246641531130489,"ADS 7 V4 - WORKSHOP CHURRASCO",120246641577460489,2026-08-02,0.24,,,,80,,3,1,1,1,1,2026-08-02,2026-08-02
bbe-a1-jul-26--venda--perpetuo--hot_cbo_estaticos,120246640738580489,01_automatico_ig180_fb180,120246640738570489,ad07-bbe-ppt-mai26--sal-grosso-sozinho-não-salva,120246640809150489,2026-08-02,25.12,6,,0.81521739,34.13043478,4.18666667,736,,,,,2026-08-02,2026-08-02
bbe-a1-jul-26--venda--perpetuo--hot_cbo_videos,120246641531020489,01_automatico_ig180_fb180,120246641531130489,"ADS 3 V2 - WORKSHOP CHURRASCO",120246641577480489,2026-08-02,0.01,,,,10,,1,,,,,2026-08-02,2026-08-02
bbe-a1-jul-26--venda--perpetuo--hot_cbo_vencedores,120246796479480489,01_automatico_ig180_fb180,120246796490900489,"ADS 3 V4 - WORKSHOP CHURRASCO",120246796503370489,2026-08-02,0.6,,,,26.08695652,,23,7,,2,,2026-08-02,2026-08-02
bbe-a1-jul-26--venda--perpetuo--hot_cbo_estaticos,120246640738580489,00_automatico_ig030_fb030,120246640738730489,ad05-bbe-ppt-mai26--estraga-no-preparo,120246640809550489,2026-08-02,1.29,,,,117.27272727,,11,,,,,2026-08-02,2026-08-02
bbe-a1-jul-26--venda--perpetuo--hot_cbo_estaticos,120246640738580489,01_automatico_seguidores_ig_fb,120246640738460489,ad07-bbe-ppt-mai26--sal-grosso-sozinho-não-salva,120246640809070489,2026-08-02,0.81,,,,24.54545455,,33,,,,,2026-08-02,2026-08-02
bbe-a1-jul-26--venda--perpetuo--hot_cbo_vencedores,120246796479480489,01_automatico_seguidores_ig_fb,120246796490920489,ad04-bbe-ppt-mai26--o-netão-te-ensina,120246796503270489,2026-08-02,0.93,1,,2.17391304,20.2173913,0.93,46,,,,,2026-08-02,2026-08-02
bbe-a1-jul-26--venda--perpetuo--hot_cbo_videos,120246641531020489,01_automatico_seguidores_ig_fb,120246641530990489,"ADS 7 V3 - WORKSHOP CHURRASCO",120246641577060489,2026-08-02,0.1,,,,100,,1,,,,,2026-08-02,2026-08-02
bbe-a1-jul-26--venda--perpetuo--hot_cbo_estaticos,120246640738580489,00_automatico_ig030_fb030,120246640738730489,ad01-bbe-ppt-mai26--acertar-o-ponto-da-carne,120246640809530489,2026-08-02,1.01,,,,43.91304348,,23,,,,,2026-08-02,2026-08-02
bbe-a1-jul-26--venda--perpetuo--hot_cbo_estaticos,120246640738580489,01_automatico_ig180_fb180,120246640738570489,ad06-bbe-ppt-mai26--agora-é-sua-vez,120246640809130489,2026-08-01,3.76,1,,1.35135135,50.81081081,3.76,74,,,,,2026-08-01,2026-08-01
bbe-a1-jul-26--venda--perpetuo--hot_cbo_videos,120246641531020489,00_automatico_ig030_fb030,120246641531090489,"ADS 5 V2 - WORKSHOP CHURRASCO",120246641577350489,2026-08-01,7.66,4,,2.27272727,43.52272727,1.915,176,56,12,19,5,2026-08-01,2026-08-01
bbe-a1-jul-26--venda--perpetuo--hot_cbo_estaticos,120246640738580489,01_automatico_seguidores_ig_fb,120246640738460489,ad01-bbe-ppt-mai26--acertar-o-ponto-da-carne,120246640809080489,2026-08-01,0.07,,,,17.5,,4,,,,,2026-08-01,2026-08-01
bbe-a1-jul-26--venda--perpetuo--hot_cbo_videos,120246641531020489,00_automatico_ig030_fb030,120246641531090489,"ADS 2 - WORKSHOP CHURRASCO",120246641577330489,2026-08-01,0.87,,,,25.58823529,,34,8,,1,,2026-08-01,2026-08-01
bbe-a1-jul-26--venda--perpetuo--hot_cbo_videos,120246641531020489,00_automatico_ig030_fb030,120246641531090489,"ADS 4 V2 - WORKSHOP CHURRASCO",120246641577320489,2026-08-01,0.01,,,,10,,1,,,,,2026-08-01,2026-08-01
bbe-a1-jul-26--venda--perpetuo--hot_cbo_videos,120246641531020489,01_automatico_ig180_fb180,120246641531130489,"ADS 1 - WORKSHOP CHURRASCO",120246641577410489,2026-08-01,9.49,1,,0.71428571,67.78571429,9.49,140,30,16,19,4,2026-08-01,2026-08-01
bbe-a1-jul-26--venda--perpetuo--hot_cbo_estaticos,120246640738580489,01_automatico_ig180_fb180,120246640738570489,ad07-bbe-ppt-mai26--sal-grosso-sozinho-não-salva,120246640809150489,2026-08-01,2.05,,,,21.80851064,,94,,,,,2026-08-01,2026-08-01
bbe-a1-jul-26--venda--perpetuo--hot_cbo_videos,120246641531020489,01_automatico_ig180_fb180,120246641531130489,"ADS 5 V2 - WORKSHOP CHURRASCO",120246641577510489,2026-08-01,17.09,7,,1.68674699,41.18072289,2.44142857,415,105,34,50,15,2026-08-01,2026-08-01
bbe-a1-jul-26--venda--perpetuo--hot_cbo_vencedores,120246796479480489,01_automatico_seguidores_ig_fb,120246796490920489,"ADS 3 V4 - WORKSHOP CHURRASCO",120246796503320489,2026-08-01,4.26,1,,2.08333333,88.75,4.26,48,12,4,8,4,2026-08-01,2026-08-01
bbe-a1-jul-26--venda--perpetuo--hot_cbo_estaticos,120246640738580489,01_automatico_ig180_fb180,120246640738570489,ad03-bbe-ppt-mai26--o-ponto-perfeito-da-carne,120246640809160489,2026-08-01,2.77,2,,2.5974026,35.97402597,1.385,77,,,,,2026-08-01,2026-08-01
bbe-a1-jul-26--venda--perpetuo--hot_cbo_videos,120246641531020489,01_automatico_ig180_fb180,120246641531130489,"ADS 5 V1 - WORKSHOP CHURRASCO",120246641577570489,2026-08-01,76.98,38,1,1.94572453,39.41628264,2.02578947,1953,571,170,280,92,2026-08-01,2026-08-01
bbe-a1-jul-26--venda--perpetuo--hot_cbo_videos,120246641531020489,01_automatico_seguidores_ig_fb,120246641530990489,"ADS 7 V1 - WORKSHOP CHURRASCO",120246641576960489,2026-08-01,0.11,,,,27.5,,4,2,1,1,1,2026-08-01,2026-08-01
bbe-a1-jul-26--venda--perpetuo--hot_cbo_estaticos,120246640738580489,01_automatico_seguidores_ig_fb,120246640738460489,ad04-bbe-ppt-mai26--o-netão-te-ensina,120246640809060489,2026-08-01,15.24,13,,2.22984563,26.1406518,1.17230769,583,,,,,2026-08-01,2026-08-01
bbe-a1-jul-26--venda--perpetuo--hot_cbo_vencedores,120246796479480489,01_automatico_ig180_fb180,120246796490900489,"ADS 8 V1 - WORKSHOP CHURRASCO",120246796503360489,2026-08-01,0.27,,,,270,,1,,,,,2026-08-01,2026-08-01
bbe-a1-jul-26--venda--perpetuo--hot_cbo_videos,120246641531020489,01_automatico_seguidores_ig_fb,120246641530990489,"ADS 3 V3 - WORKSHOP CHURRASCO",120246641577120489,2026-08-01,0.09,,,,9,,10,2,1,2,1,2026-08-01,2026-08-01
bbe-a1-jul-26--venda--perpetuo--hot_cbo_videos,120246641531020489,01_automatico_seguidores_ig_fb,120246641530990489,"ADS 3 V4 - WORKSHOP CHURRASCO",120246641577080489,2026-08-01,0.01,,,,10,,1,,,,,2026-08-01,2026-08-01
bbe-a1-jul-26--venda--perpetuo--hot_cbo_videos,120246641531020489,00_automatico_ig030_fb030,120246641531090489,"ADS 3 V3 - WORKSHOP CHURRASCO",120246641577190489,2026-08-01,0.47,,,,58.75,,8,4,1,2,2,2026-08-01,2026-08-01
bbe-a1-jul-26--venda--perpetuo--hot_cbo_videos,120246641531020489,01_automatico_seguidores_ig_fb,120246641530990489,"ADS 7 V2 - WORKSHOP CHURRASCO",120246641576980489,2026-08-01,0.04,,,,40,,1,,,,,2026-08-01,2026-08-01
bbe-a1-jul-26--venda--perpetuo--hot_cbo_vencedores,120246796479480489,01_automatico_seguidores_ig_fb,120246796490920489,"ADS 8 V1 - WORKSHOP CHURRASCO",120246796503300489,2026-08-01,0.89,1,,5.88235294,52.35294118,0.89,17,6,2,2,1,2026-08-01,2026-08-01
bbe-a1-jul-26--venda--perpetuo--hot_cbo_videos,120246641531020489,00_automatico_ig030_fb030,120246641531090489,"ADS 3 V5 - WORKSHOP CHURRASCO",120246641577240489,2026-08-01,4.39,,,,93.40425532,,47,10,3,6,4,2026-08-01,2026-08-01
bbe-a1-jul-26--venda--perpetuo--hot_cbo_videos,120246641531020489,01_automatico_ig180_fb180,120246641531130489,"ADS 3 V3 - WORKSHOP CHURRASCO",120246641577540489,2026-08-01,0.07,,,,14,,5,2,,,,2026-08-01,2026-08-01
bbe-a1-jul-26--venda--perpetuo--hot_cbo_videos,120246641531020489,01_automatico_seguidores_ig_fb,120246641530990489,"ADS 3 V2 - WORKSHOP CHURRASCO",120246641577030489,2026-08-01,0.99,,,,52.10526316,,19,4,,2,1,2026-08-01,2026-08-01
bbe-a1-jul-26--venda--perpetuo--hot_cbo_videos,120246641531020489,01_automatico_ig180_fb180,120246641531130489,"ADS 2 - WORKSHOP CHURRASCO",120246641577530489,2026-08-01,0.32,,,,22.85714286,,14,5,,,,2026-08-01,2026-08-01
bbe-a1-jul-26--venda--perpetuo--hot_cbo_videos,120246641531020489,00_automatico_ig030_fb030,120246641531090489,"ADS 5 V1 - WORKSHOP CHURRASCO",120246641577290489,2026-08-01,0.22,,,,15.71428571,,14,2,1,1,,2026-08-01,2026-08-01
bbe-a1-jul-26--venda--perpetuo--hot_cbo_videos,120246641531020489,01_automatico_ig180_fb180,120246641531130489,"ADS 9 V2 - WORKSHOP CHURRASCO",120246641595700489,2026-08-01,1.15,1,,5.26315789,60.52631579,1.15,19,3,1,1,,2026-08-01,2026-08-01
bbe-a1-jul-26--venda--perpetuo--hot_cbo_estaticos,120246640738580489,01_automatico_ig180_fb180,120246640738570489,ad05-bbe-ppt-mai26--estraga-no-preparo,120246640809140489,2026-08-01,5.43,3,,1.78571429,32.32142857,1.81,168,,,,,2026-08-01,2026-08-01
bbe-a1-jul-26--venda--perpetuo--hot_cbo_vencedores,120246796479480489,01_automatico_seguidores_ig_fb,120246796490920489,"ADS 5 V2 - WORKSHOP CHURRASCO",120246796503250489,2026-08-01,0.3,,,,60,,5,1,,,,2026-08-01,2026-08-01
bbe-a1-jul-26--venda--perpetuo--hot_cbo_vencedores,120246796479480489,01_automatico_seguidores_ig_fb,120246796490920489,"ADS 4 V2 - WORKSHOP CHURRASCO",120246796503260489,2026-08-01,77.32,24,1,1.14613181,36.92454632,3.22166667,2094,312,78,218,85,2026-08-01,2026-08-01
bbe-a1-jul-26--venda--perpetuo--hot_cbo_videos,120246641531020489,01_automatico_seguidores_ig_fb,120246641530990489,"ADS 7 V4 - WORKSHOP CHURRASCO",120246641577000489,2026-08-01,0.08,,,,26.66666667,,3,1,1,,,2026-08-01,2026-08-01
bbe-a1-jul-26--venda--perpetuo--hot_cbo_vencedores,120246796479480489,01_automatico_seguidores_ig_fb,120246796490920489,"ADS 5 V1 - WORKSHOP CHURRASCO",120246796503240489,2026-08-01,0.67,,,,95.71428571,,7,2,1,1,,2026-08-01,2026-08-01
bbe-a1-jul-26--venda--perpetuo--hot_cbo_vencedores,120246796479480489,01_automatico_ig180_fb180,120246796490900489,"ADS 3 V4 - WORKSHOP CHURRASCO",120246796503370489,2026-08-01,0.07,,,,17.5,,4,,,,,2026-08-01,2026-08-01
bbe-a1-jul-26--venda--perpetuo--hot_cbo_videos,120246641531020489,01_automatico_seguidores_ig_fb,120246641530990489,"ADS 9 V2 - WORKSHOP CHURRASCO",120246641595730489,2026-08-01,0.07,,,,35,,2,,,,,2026-08-01,2026-08-01
bbe-a1-jul-26--venda--perpetuo--hot_cbo_videos,120246641531020489,00_automatico_ig030_fb030,120246641531090489,"ADS 7 V2 - WORKSHOP CHURRASCO",120246641577210489,2026-08-01,0.18,,,,90,,2,1,,,,2026-08-01,2026-08-01
bbe-a1-jul-26--venda--perpetuo--hot_cbo_estaticos,120246640738580489,00_automatico_ig030_fb030,120246640738730489,ad04-bbe-ppt-mai26--o-netão-te-ensina,120246640809560489,2026-08-01,82.32,31,,1.01274093,26.89317217,2.65548387,3061,,,,,2026-08-01,2026-08-01
bbe-a1-jul-26--venda--perpetuo--hot_cbo_vencedores,120246796479480489,01_automatico_ig180_fb180,120246796490900489,"ADS 5 V2 - WORKSHOP CHURRASCO",120246796503390489,2026-08-01,22.13,7,,1.51843818,48.00433839,3.16142857,461,146,46,69,21,2026-08-01,2026-08-01
bbe-a1-jul-26--venda--perpetuo--hot_cbo_videos,120246641531020489,01_automatico_seguidores_ig_fb,120246641530990489,"ADS 5 V3 - WORKSHOP CHURRASCO",120246641577110489,2026-08-01,10.48,5,,1.36239782,28.55585831,2.096,367,80,19,28,8,2026-08-01,2026-08-01
bbe-a1-jul-26--venda--perpetuo--hot_cbo_estaticos,120246640738580489,00_automatico_ig030_fb030,120246640738730489,ad05-bbe-ppt-mai26--estraga-no-preparo,120246640809550489,2026-08-01,0.04,,,,20,,2,,,,,2026-08-01,2026-08-01
bbe-a1-jul-26--venda--perpetuo--hot_cbo_estaticos,120246640738580489,01_automatico_ig180_fb180,120246640738570489,ad01-bbe-ppt-mai26--acertar-o-ponto-da-carne,120246640809110489,2026-08-01,0.08,,,,80,,1,,,,,2026-08-01,2026-08-01
bbe-a1-jul-26--venda--perpetuo--hot_cbo_videos,120246641531020489,01_automatico_ig180_fb180,120246641531130489,"ADS 7 V1 - WORKSHOP CHURRASCO",120246641577390489,2026-08-01,0.09,,,,30,,3,,,,,2026-08-01,2026-08-01
bbe-a1-jul-26--venda--perpetuo--hot_cbo_videos,120246641531020489,01_automatico_ig180_fb180,120246641531130489,"ADS 7 V2 - WORKSHOP CHURRASCO",120246641577420489,2026-08-01,0.46,,,,46,,10,1,,,,2026-08-01,2026-08-01
bbe-a1-jul-26--venda--perpetuo--hot_cbo_estaticos,120246640738580489,01_automatico_seguidores_ig_fb,120246640738460489,ad05-bbe-ppt-mai26--estraga-no-preparo,120246640809040489,2026-08-01,0.21,,,,105,,2,,,,,2026-08-01,2026-08-01
bbe-a1-jul-26--venda--perpetuo--hot_cbo_videos,120246641531020489,00_automatico_ig030_fb030,120246641531090489,"ADS 8 V2 - WORKSHOP CHURRASCO",120246641577220489,2026-08-01,1.7,,,,56.66666667,,30,4,1,1,1,2026-08-01,2026-08-01
bbe-a1-jul-26--venda--perpetuo--hot_cbo_vencedores,120246796479480489,01_automatico_seguidores_ig_fb,120246796490920489,ad07-bbe-ppt-mai26--sal-grosso-sozinho-não-salva,120246796503280489,2026-08-01,0.11,,,,36.66666667,,3,,,,,2026-08-01,2026-08-01
bbe-a1-jul-26--venda--perpetuo--hot_cbo_videos,120246641531020489,00_automatico_ig030_fb030,120246641531090489,"ADS 5 V3 - WORKSHOP CHURRASCO",120246641577170489,2026-08-01,0.33,,,,19.41176471,,17,2,,,,2026-08-01,2026-08-01
bbe-a1-jul-26--venda--perpetuo--hot_cbo_videos,120246641531020489,01_automatico_seguidores_ig_fb,120246641530990489,"ADS 2 - WORKSHOP CHURRASCO",120246641577090489,2026-08-01,2.94,2,,2.7027027,39.72972973,1.47,74,25,2,10,2,2026-08-01,2026-08-01
bbe-a1-jul-26--venda--perpetuo--hot_cbo_videos,120246641531020489,01_automatico_ig180_fb180,120246641531130489,"ADS 9 V1 - WORKSHOP CHURRASCO",120246641577440489,2026-08-01,0.08,,,,40,,2,2,2,2,1,2026-08-01,2026-08-01
bbe-a1-jul-26--venda--perpetuo--hot_cbo_videos,120246641531020489,01_automatico_seguidores_ig_fb,120246641530990489,"ADS 6 - WORKSHOP CHURRASCO",120246641577040489,2026-08-01,1.51,,,,34.31818182,,44,13,4,5,4,2026-08-01,2026-08-01
bbe-a1-jul-26--venda--perpetuo--hot_cbo_videos,120246641531020489,01_automatico_ig180_fb180,120246641531130489,"ADS 6 - WORKSHOP CHURRASCO",120246641577450489,2026-08-01,6.81,4,,2.5974026,44.22077922,1.7025,154,48,18,20,12,2026-08-01,2026-08-01
bbe-a1-jul-26--venda--perpetuo--hot_cbo_vencedores,120246796479480489,01_automatico_ig180_fb180,120246796490900489,"ADS 3 V1 - WORKSHOP CHURRASCO",120246796503340489,2026-08-01,4.99,1,,0.83333333,41.58333333,4.99,120,25,4,10,2,2026-08-01,2026-08-01
bbe-a1-jul-26--venda--perpetuo--hot_cbo_videos,120246641531020489,00_automatico_ig030_fb030,120246641531090489,"ADS 7 V4 - WORKSHOP CHURRASCO",120246641577300489,2026-08-01,0.21,,,,52.5,,4,,,,,2026-08-01,2026-08-01
bbe-a1-jul-26--venda--perpetuo--hot_cbo_videos,120246641531020489,00_automatico_ig030_fb030,120246641531090489,"ADS 7 V1 - WORKSHOP CHURRASCO",120246641577160489,2026-08-01,0.52,,,,57.77777778,,9,2,1,1,,2026-08-01,2026-08-01
bbe-a1-jul-26--venda--perpetuo--hot_cbo_videos,120246641531020489,01_automatico_ig180_fb180,120246641531130489,"ADS 9 V3 - WORKSHOP CHURRASCO",120246641595710489,2026-08-01,1.64,,,,74.54545455,,22,7,4,4,4,2026-08-01,2026-08-01
bbe-a1-jul-26--venda--perpetuo--hot_cbo_videos,120246641531020489,01_automatico_seguidores_ig_fb,120246641530990489,"ADS 7 V3 - WORKSHOP CHURRASCO",120246641577060489,2026-08-01,0.02,,,,20,,1,,,,,2026-08-01,2026-08-01
bbe-a1-jul-26--venda--perpetuo--hot_cbo_vencedores,120246796479480489,01_automatico_ig180_fb180,120246796490900489,"ADS 5 V1 - WORKSHOP CHURRASCO",120246796503420489,2026-08-01,2.89,1,,1.92307692,55.57692308,2.89,52,20,8,12,5,2026-08-01,2026-08-01
bbe-a1-jul-26--venda--perpetuo--hot_cbo_videos,120246641531020489,01_automatico_seguidores_ig_fb,120246641530990489,"ADS 3 V1 - WORKSHOP CHURRASCO",120246641577140489,2026-08-01,0.28,,,,35,,8,,,,,2026-08-01,2026-08-01
bbe-a1-jul-26--venda--perpetuo--hot_cbo_estaticos,120246640738580489,01_automatico_seguidores_ig_fb,120246640738460489,ad03-bbe-ppt-mai26--o-ponto-perfeito-da-carne,120246640809050489,2026-08-01,0.02,,,,6.66666667,,3,,,,,2026-08-01,2026-08-01
bbe-a1-jul-26--venda--perpetuo--hot_cbo_vencedores,120246796479480489,01_automatico_ig180_fb180,120246796490900489,"ADS 4 V2 - WORKSHOP CHURRASCO",120246796503410489,2026-08-01,1.16,1,,5.88235294,68.23529412,1.16,17,2,,2,,2026-08-01,2026-08-01
bbe-a1-jul-26--venda--perpetuo--hot_cbo_estaticos,120246640738580489,01_automatico_seguidores_ig_fb,120246640738460489,ad06-bbe-ppt-mai26--agora-é-sua-vez,120246640809030489,2026-08-01,2.65,,,,57.60869565,,46,,,,,2026-08-01,2026-08-01
bbe-a1-jul-26--venda--perpetuo--hot_cbo_videos,120246641531020489,01_automatico_ig180_fb180,120246641531130489,"ADS 8 V2 - WORKSHOP CHURRASCO",120246641577550489,2026-08-01,0.06,,,,60,,1,,,,,2026-08-01,2026-08-01
bbe-a1-jul-26--venda--perpetuo--hot_cbo_videos,120246641531020489,01_automatico_ig180_fb180,120246641531130489,"ADS 5 V3 - WORKSHOP CHURRASCO",120246641577400489,2026-08-01,0.65,,,,40.625,,16,3,1,1,1,2026-08-01,2026-08-01
bbe-a1-jul-26--venda--perpetuo--hot_cbo_videos,120246641531020489,01_automatico_ig180_fb180,120246641531130489,"ADS 4 V2 - WORKSHOP CHURRASCO",120246641577380489,2026-08-01,0.64,,,,64,,10,1,1,1,1,2026-08-01,2026-08-01
bbe-a1-jul-26--venda--perpetuo--hot_cbo_vencedores,120246796479480489,01_automatico_ig180_fb180,120246796490900489,ad04-bbe-ppt-mai26--o-netão-te-ensina,120246796503350489,2026-08-01,0.19,,,,31.66666667,,6,,,,,2026-08-01,2026-08-01
bbe-a1-jul-26--venda--perpetuo--hot_cbo_estaticos,120246640738580489,00_automatico_ig030_fb030,120246640738730489,ad03-bbe-ppt-mai26--o-ponto-perfeito-da-carne,120246640809580489,2026-08-01,3.85,,,,55.79710145,,69,,,,,2026-08-01,2026-08-01
bbe-a1-jul-26--venda--perpetuo--hot_cbo_videos,120246641531020489,00_automatico_ig030_fb030,120246641531090489,"ADS 1 - WORKSHOP CHURRASCO",120246641577180489,2026-08-01,0.13,1,,12.5,16.25,0.13,8,4,2,2,1,2026-08-01,2026-08-01
bbe-a1-jul-26--venda--perpetuo--hot_cbo_videos,120246641531020489,01_automatico_seguidores_ig_fb,120246641530990489,"ADS 4 V1 - WORKSHOP CHURRASCO",120246641577010489,2026-08-01,1.36,,,,32.38095238,,42,5,,4,,2026-08-01,2026-08-01
bbe-a1-jul-26--venda--perpetuo--hot_cbo_estaticos,120246640738580489,01_automatico_seguidores_ig_fb,120246640738460489,ad04-bbe-ppt-mai26--o-netão-te-ensina,120246640809060489,2026-07-31,33.87,13,,0.98039216,25.54298643,2.60538462,1326,,,,,2026-07-31,2026-07-31
bbe-a1-jul-26--venda--perpetuo--hot_cbo_videos,120246641531020489,01_automatico_ig180_fb180,120246641531130489,"ADS 5 V2 - WORKSHOP CHURRASCO",120246641577510489,2026-07-31,10.75,15,,4.09836066,29.3715847,0.71666667,366,113,34,55,15,2026-07-31,2026-07-31
bbe-a1-jul-26--venda--perpetuo--hot_cbo_estaticos,120246640738580489,01_automatico_ig180_fb180,120246640738570489,ad03-bbe-ppt-mai26--o-ponto-perfeito-da-carne,120246640809160489,2026-07-31,0.38,1,,7.69230769,29.23076923,0.38,13,,,,,2026-07-31,2026-07-31
bbe-a1-jul-26--venda--perpetuo--hot_cbo_videos,120246641531020489,01_automatico_ig180_fb180,120246641531130489,"ADS 5 V1 - WORKSHOP CHURRASCO",120246641577570489,2026-07-31,66.75,47,1,2.11998196,30.1082544,1.42021277,2217,648,189,303,101,2026-07-31,2026-07-31
bbe-a1-jul-26--venda--perpetuo--hot_cbo_videos,120246641531020489,01_automatico_seguidores_ig_fb,120246641530990489,"ADS 7 V1 - WORKSHOP CHURRASCO",120246641576960489,2026-07-31,0.02,,,,20,,1,,,,,2026-07-31,2026-07-31
bbe-a1-jul-26--venda--perpetuo--hot_cbo_videos,120246641531020489,01_automatico_ig180_fb180,120246641531130489,"ADS 3 V2 - WORKSHOP CHURRASCO",120246641577480489,2026-07-31,0.23,,,,17.69230769,,13,2,1,2,,2026-07-31,2026-07-31
bbe-a1-jul-26--venda--perpetuo--hot_cbo_videos,120246641531020489,00_automatico_ig030_fb030,120246641531090489,"ADS 6 - WORKSHOP CHURRASCO",120246641577230489,2026-07-31,0.74,,,,35.23809524,,21,8,3,3,2,2026-07-31,2026-07-31
bbe-a1-jul-26--venda--perpetuo--hot_cbo_estaticos,120246640738580489,01_automatico_ig180_fb180,120246640738570489,ad07-bbe-ppt-mai26--sal-grosso-sozinho-não-salva,120246640809150489,2026-07-31,5.87,2,,0.93457944,27.42990654,2.935,214,,,,,2026-07-31,2026-07-31
bbe-a1-jul-26--venda--perpetuo--hot_cbo_videos,120246641531020489,01_automatico_seguidores_ig_fb,120246641530990489,"ADS 9 V2 - WORKSHOP CHURRASCO",120246641595730489,2026-07-31,0.07,,,,23.33333333,,3,2,2,2,2,2026-07-31,2026-07-31
bbe-a1-jul-26--venda--perpetuo--hot_cbo_vencedores,120246796479480489,01_automatico_ig180_fb180,120246796490900489,"ADS 3 V4 - WORKSHOP CHURRASCO",120246796503370489,2026-07-31,1.15,,,,35.9375,,32,5,1,3,1,2026-07-31,2026-07-31
bbe-a1-jul-26--venda--perpetuo--hot_cbo_estaticos,120246640738580489,00_automatico_ig030_fb030,120246640738730489,ad04-bbe-ppt-mai26--o-netão-te-ensina,120246640809560489,2026-07-31,39.47,24,,1.51898734,24.98101266,1.64458333,1580,,,,,2026-07-31,2026-07-31
bbe-a1-jul-26--venda--perpetuo--hot_cbo_videos,120246641531020489,00_automatico_ig030_fb030,120246641531090489,"ADS 9 V1 - WORKSHOP CHURRASCO",120246641577200489,2026-07-31,0.27,,,,90,,3,1,,,,2026-07-31,2026-07-31
bbe-a1-jul-26--venda--perpetuo--hot_cbo_estaticos,120246640738580489,01_automatico_seguidores_ig_fb,120246640738460489,ad07-bbe-ppt-mai26--sal-grosso-sozinho-não-salva,120246640809070489,2026-07-31,0.02,,,,10,,2,,,,,2026-07-31,2026-07-31
bbe-a1-jul-26--venda--perpetuo--hot_cbo_estaticos,120246640738580489,00_automatico_ig030_fb030,120246640738730489,ad05-bbe-ppt-mai26--estraga-no-preparo,120246640809550489,2026-07-31,0.21,,,,26.25,,8,,,,,2026-07-31,2026-07-31
bbe-a1-jul-26--venda--perpetuo--hot_cbo_videos,120246641531020489,00_automatico_ig030_fb030,120246641531090489,"ADS 5 V2 - WORKSHOP CHURRASCO",120246641577350489,2026-07-31,14.6,10,1,2.28832952,33.40961098,1.46,437,126,37,59,14,2026-07-31,2026-07-31
bbe-a1-jul-26--venda--perpetuo--hot_cbo_videos,120246641531020489,00_automatico_ig030_fb030,120246641531090489,"ADS 4 V1 - WORKSHOP CHURRASCO",120246641577270489,2026-07-31,0.03,,,,10,,3,1,,,,2026-07-31,2026-07-31
bbe-a1-jul-26--venda--perpetuo--hot_cbo_videos,120246641531020489,00_automatico_ig030_fb030,120246641531090489,"ADS 2 - WORKSHOP CHURRASCO",120246641577330489,2026-07-31,0.86,1,,2.56410256,22.05128205,0.86,39,8,1,4,1,2026-07-31,2026-07-31
bbe-a1-jul-26--venda--perpetuo--hot_cbo_videos,120246641531020489,01_automatico_ig180_fb180,120246641531130489,"ADS 3 V3 - WORKSHOP CHURRASCO",120246641577540489,2026-07-31,0.36,,,,180,,2,2,1,2,,2026-07-31,2026-07-31
bbe-a1-jul-26--venda--perpetuo--hot_cbo_vencedores,120246796479480489,01_automatico_seguidores_ig_fb,120246796490920489,"ADS 5 V1 - WORKSHOP CHURRASCO",120246796503240489,2026-07-31,0.03,,,,15,,2,1,,1,,2026-07-31,2026-07-31
bbe-a1-jul-26--venda--perpetuo--hot_cbo_videos,120246641531020489,01_automatico_seguidores_ig_fb,120246641530990489,"ADS 7 V3 - WORKSHOP CHURRASCO",120246641577060489,2026-07-31,0.23,,,,38.33333333,,6,3,,,,2026-07-31,2026-07-31
bbe-a1-jul-26--venda--perpetuo--hot_cbo_vencedores,120246796479480489,01_automatico_seguidores_ig_fb,120246796490920489,"ADS 4 V2 - WORKSHOP CHURRASCO",120246796503260489,2026-07-31,65.56,19,1,1.06741573,36.83146067,3.45052632,1780,268,71,179,77,2026-07-31,2026-07-31
bbe-a1-jul-26--venda--perpetuo--hot_cbo_estaticos,120246640738580489,01_automatico_ig180_fb180,120246640738570489,ad05-bbe-ppt-mai26--estraga-no-preparo,120246640809140489,2026-07-31,18.93,1,,0.24390244,46.17073171,18.93,410,,,,,2026-07-31,2026-07-31
bbe-a1-jul-26--venda--perpetuo--hot_cbo_videos,120246641531020489,00_automatico_ig030_fb030,120246641531090489,"ADS 5 V1 - WORKSHOP CHURRASCO",120246641577290489,2026-07-31,2.56,6,,6.06060606,25.85858586,0.42666667,99,24,8,12,5,2026-07-31,2026-07-31
bbe-a1-jul-26--venda--perpetuo--hot_cbo_videos,120246641531020489,01_automatico_ig180_fb180,120246641531130489,"ADS 2 - WORKSHOP CHURRASCO",120246641577530489,2026-07-31,1.46,1,,1.66666667,24.33333333,1.46,60,11,2,4,1,2026-07-31,2026-07-31
bbe-a1-jul-26--venda--perpetuo--hot_cbo_videos,120246641531020489,01_automatico_seguidores_ig_fb,120246641530990489,"ADS 3 V4 - WORKSHOP CHURRASCO",120246641577080489,2026-07-31,1.27,,,,40.96774194,,31,3,2,2,3,2026-07-31,2026-07-31
bbe-a1-jul-26--venda--perpetuo--hot_cbo_videos,120246641531020489,01_automatico_seguidores_ig_fb,120246641530990489,"ADS 3 V3 - WORKSHOP CHURRASCO",120246641577120489,2026-07-31,0.38,1,,7.69230769,29.23076923,0.38,13,1,,1,,2026-07-31,2026-07-31
bbe-a1-jul-26--venda--perpetuo--hot_cbo_videos,120246641531020489,01_automatico_ig180_fb180,120246641531130489,"ADS 3 V5 - WORKSHOP CHURRASCO",120246641577470489,2026-07-31,0.26,,,,26,,10,2,,1,,2026-07-31,2026-07-31
bbe-a1-jul-26--venda--perpetuo--hot_cbo_vencedores,120246796479480489,01_automatico_seguidores_ig_fb,120246796490920489,"ADS 3 V1 - WORKSHOP CHURRASCO",120246796503290489,2026-07-31,0.01,,,,10,,1,,,,,2026-07-31,2026-07-31
bbe-a1-jul-26--venda--perpetuo--hot_cbo_vencedores,120246796479480489,01_automatico_seguidores_ig_fb,120246796490920489,"ADS 8 V1 - WORKSHOP CHURRASCO",120246796503300489,2026-07-31,3.73,,,,47.82051282,,78,16,7,6,3,2026-07-31,2026-07-31
bbe-a1-jul-26--venda--perpetuo--hot_cbo_videos,120246641531020489,01_automatico_seguidores_ig_fb,120246641530990489,"ADS 7 V2 - WORKSHOP CHURRASCO",120246641576980489,2026-07-31,0.61,,,,67.77777778,,9,1,,,,2026-07-31,2026-07-31
bbe-a1-jul-26--venda--perpetuo--hot_cbo_videos,120246641531020489,00_automatico_ig030_fb030,120246641531090489,"ADS 3 V3 - WORKSHOP CHURRASCO",120246641577190489,2026-07-31,0.2,,,,50,,4,4,3,3,2,2026-07-31,2026-07-31
bbe-a1-jul-26--venda--perpetuo--hot_cbo_vencedores,120246796479480489,01_automatico_ig180_fb180,120246796490900489,"ADS 8 V1 - WORKSHOP CHURRASCO",120246796503360489,2026-07-31,0.73,,,,52.14285714,,14,5,3,3,2,2026-07-31,2026-07-31
bbe-a1-jul-26--venda--perpetuo--hot_cbo_vencedores,120246796479480489,01_automatico_seguidores_ig_fb,120246796490920489,ad04-bbe-ppt-mai26--o-netão-te-ensina,120246796503270489,2026-07-31,0.04,1,,33.33333333,13.33333333,0.04,3,,,,,2026-07-31,2026-07-31
bbe-a1-jul-26--venda--perpetuo--hot_cbo_videos,120246641531020489,00_automatico_ig030_fb030,120246641531090489,"ADS 7 V1 - WORKSHOP CHURRASCO",120246641577160489,2026-07-31,0.07,,,,70,,1,,,,,2026-07-31,2026-07-31
bbe-a1-jul-26--venda--perpetuo--hot_cbo_estaticos,120246640738580489,00_automatico_ig030_fb030,120246640738730489,ad01-bbe-ppt-mai26--acertar-o-ponto-da-carne,120246640809530489,2026-07-31,0.51,,,,39.23076923,,13,,,,,2026-07-31,2026-07-31
bbe-a1-jul-26--venda--perpetuo--hot_cbo_videos,120246641531020489,01_automatico_ig180_fb180,120246641531130489,"ADS 3 V4 - WORKSHOP CHURRASCO",120246641577520489,2026-07-31,0.22,1,,16.66666667,36.66666667,0.22,6,3,1,2,2,2026-07-31,2026-07-31
bbe-a1-jul-26--venda--perpetuo--hot_cbo_videos,120246641531020489,01_automatico_seguidores_ig_fb,120246641530990489,"ADS 1 - WORKSHOP CHURRASCO",120246641576970489,2026-07-31,0.4,2,,22.22222222,44.44444444,0.2,9,3,3,3,1,2026-07-31,2026-07-31
bbe-a1-jul-26--venda--perpetuo--hot_cbo_videos,120246641531020489,01_automatico_ig180_fb180,120246641531130489,"ADS 4 V1 - WORKSHOP CHURRASCO",120246641577430489,2026-07-31,0.26,,,,52,,5,2,,2,1,2026-07-31,2026-07-31
bbe-a1-jul-26--venda--perpetuo--hot_cbo_videos,120246641531020489,00_automatico_ig030_fb030,120246641531090489,"ADS 7 V4 - WORKSHOP CHURRASCO",120246641577300489,2026-07-31,0.52,1,,25,130,0.52,4,2,,,,2026-07-31,2026-07-31
bbe-a1-jul-26--venda--perpetuo--hot_cbo_videos,120246641531020489,01_automatico_ig180_fb180,120246641531130489,"ADS 7 V1 - WORKSHOP CHURRASCO",120246641577390489,2026-07-31,0.02,,,,20,,1,,,,,2026-07-31,2026-07-31
bbe-a1-jul-26--venda--perpetuo--hot_cbo_videos,120246641531020489,01_automatico_ig180_fb180,120246641531130489,"ADS 7 V2 - WORKSHOP CHURRASCO",120246641577420489,2026-07-31,0.53,,,,88.33333333,,6,2,2,2,,2026-07-31,2026-07-31
bbe-a1-jul-26--venda--perpetuo--hot_cbo_estaticos,120246640738580489,00_automatico_ig030_fb030,120246640738730489,ad02-bbe-ppt-mai26--o-maior-inimigo-do-churrasqueiro,120246640809570489,2026-07-31,0.15,1,1,33.33333333,50,0.15,3,,,,,2026-07-31,2026-07-31
bbe-a1-jul-26--venda--perpetuo--hot_cbo_vencedores,120246796479480489,01_automatico_seguidores_ig_fb,120246796490920489,ad07-bbe-ppt-mai26--sal-grosso-sozinho-não-salva,120246796503280489,2026-07-31,0.01,,,,10,,1,,,,,2026-07-31,2026-07-31
bbe-a1-jul-26--venda--perpetuo--hot_cbo_videos,120246641531020489,00_automatico_ig030_fb030,120246641531090489,"ADS 5 V3 - WORKSHOP CHURRASCO",120246641577170489,2026-07-31,0.53,,,,48.18181818,,11,5,3,3,1,2026-07-31,2026-07-31
bbe-a1-jul-26--venda--perpetuo--hot_cbo_videos,120246641531020489,01_automatico_seguidores_ig_fb,120246641530990489,"ADS 2 - WORKSHOP CHURRASCO",120246641577090489,2026-07-31,0.3,,,,42.85714286,,7,1,,1,,2026-07-31,2026-07-31
bbe-a1-jul-26--venda--perpetuo--hot_cbo_videos,120246641531020489,01_automatico_ig180_fb180,120246641531130489,"ADS 9 V1 - WORKSHOP CHURRASCO",120246641577440489,2026-07-31,1.86,,,,46.5,,40,10,9,9,5,2026-07-31,2026-07-31
bbe-a1-jul-26--venda--perpetuo--hot_cbo_videos,120246641531020489,01_automatico_seguidores_ig_fb,120246641530990489,"ADS 9 V3 - WORKSHOP CHURRASCO",120246641595720489,2026-07-31,0.31,,,,23.84615385,,13,6,4,4,3,2026-07-31,2026-07-31
bbe-a1-jul-26--venda--perpetuo--hot_cbo_videos,120246641531020489,01_automatico_seguidores_ig_fb,120246641530990489,"ADS 6 - WORKSHOP CHURRASCO",120246641577040489,2026-07-31,9.23,2,,0.78431373,36.19607843,4.615,255,70,38,39,24,2026-07-31,2026-07-31
bbe-a1-jul-26--venda--perpetuo--hot_cbo_videos,120246641531020489,01_automatico_ig180_fb180,120246641531130489,"ADS 7 V3 - WORKSHOP CHURRASCO",120246641577560489,2026-07-31,1.3,,,,44.82758621,,29,4,3,3,1,2026-07-31,2026-07-31
bbe-a1-jul-26--venda--perpetuo--hot_cbo_videos,120246641531020489,01_automatico_ig180_fb180,120246641531130489,"ADS 6 - WORKSHOP CHURRASCO",120246641577450489,2026-07-31,7.81,3,,1.66666667,43.38888889,2.60333333,180,57,30,33,18,2026-07-31,2026-07-31
bbe-a1-jul-26--venda--perpetuo--hot_cbo_videos,120246641531020489,01_automatico_seguidores_ig_fb,120246641530990489,"ADS 5 V3 - WORKSHOP CHURRASCO",120246641577110489,2026-07-31,13.53,9,,1.7208413,25.86998088,1.50333333,523,135,49,66,26,2026-07-31,2026-07-31
bbe-a1-jul-26--venda--perpetuo--hot_cbo_vencedores,120246796479480489,01_automatico_ig180_fb180,120246796490900489,"ADS 3 V1 - WORKSHOP CHURRASCO",120246796503340489,2026-07-31,9.76,3,,1.40186916,45.60747664,3.25333333,214,49,13,20,9,2026-07-31,2026-07-31
bbe-a1-jul-26--venda--perpetuo--hot_cbo_videos,120246641531020489,01_automatico_ig180_fb180,120246641531130489,"ADS 4 V2 - WORKSHOP CHURRASCO",120246641577380489,2026-07-31,0.19,,,,63.33333333,,3,1,,1,,2026-07-31,2026-07-31
bbe-a1-jul-26--venda--perpetuo--hot_cbo_vencedores,120246796479480489,01_automatico_ig180_fb180,120246796490900489,"ADS 5 V2 - WORKSHOP CHURRASCO",120246796503390489,2026-07-31,21.27,10,1,1.69491525,36.05084746,2.127,590,172,57,78,25,2026-07-31,2026-07-31
bbe-a1-jul-26--venda--perpetuo--hot_cbo_vencedores,120246796479480489,01_automatico_ig180_fb180,120246796490900489,"ADS 4 V2 - WORKSHOP CHURRASCO",120246796503410489,2026-07-31,0.05,,,,10,,5,,,,,2026-07-31,2026-07-31
bbe-a1-jul-26--venda--perpetuo--hot_cbo_videos,120246641531020489,01_automatico_ig180_fb180,120246641531130489,"ADS 8 V1 - WORKSHOP CHURRASCO",120246641577500489,2026-07-31,0.38,,,,42.22222222,,9,1,,,,2026-07-31,2026-07-31
bbe-a1-jul-26--venda--perpetuo--hot_cbo_videos,120246641531020489,00_automatico_ig030_fb030,120246641531090489,"ADS 3 V2 - WORKSHOP CHURRASCO",120246641577280489,2026-07-31,0.63,,,,27.39130435,,23,4,,1,,2026-07-31,2026-07-31
bbe-a1-jul-26--venda--perpetuo--hot_cbo_videos,120246641531020489,01_automatico_ig180_fb180,120246641531130489,"ADS 5 V3 - WORKSHOP CHURRASCO",120246641577400489,2026-07-31,0.01,,,,10,,1,,,,,2026-07-31,2026-07-31
bbe-a1-jul-26--venda--perpetuo--hot_cbo_estaticos,120246640738580489,00_automatico_ig030_fb030,120246640738730489,ad06-bbe-ppt-mai26--agora-é-sua-vez,120246640809520489,2026-07-31,0.05,,,,50,,1,,,,,2026-07-31,2026-07-31
bbe-a1-jul-26--venda--perpetuo--hot_cbo_estaticos,120246640738580489,01_automatico_seguidores_ig_fb,120246640738460489,ad03-bbe-ppt-mai26--o-ponto-perfeito-da-carne,120246640809050489,2026-07-31,0.01,,,,10,,1,,,,,2026-07-31,2026-07-31
bbe-a1-jul-26--venda--perpetuo--hot_cbo_videos,120246641531020489,00_automatico_ig030_fb030,120246641531090489,"ADS 7 V3 - WORKSHOP CHURRASCO",120246641577260489,2026-07-31,0.55,,,,78.57142857,,7,1,1,1,,2026-07-31,2026-07-31
bbe-a1-jul-26--venda--perpetuo--hot_cbo_vencedores,120246796479480489,01_automatico_seguidores_ig_fb,120246796490920489,"ADS 3 V5 - WORKSHOP CHURRASCO",120246796503310489,2026-07-31,1.48,,,,74,,20,3,1,2,1,2026-07-31,2026-07-31
bbe-a1-jul-26--venda--perpetuo--hot_cbo_vencedores,120246796479480489,01_automatico_ig180_fb180,120246796490900489,"ADS 3 V5 - WORKSHOP CHURRASCO",120246796503400489,2026-07-31,0.55,,,,91.66666667,,6,1,,,,2026-07-31,2026-07-31
bbe-a1-jul-26--venda--perpetuo--hot_cbo_videos,120246641531020489,01_automatico_seguidores_ig_fb,120246641530990489,"ADS 9 V1 - WORKSHOP CHURRASCO",120246641576990489,2026-07-31,0.08,,,,40,,2,,,,,2026-07-31,2026-07-31
bbe-a1-jul-26--venda--perpetuo--hot_cbo_videos,120246641531020489,00_automatico_ig030_fb030,120246641531090489,"ADS 1 - WORKSHOP CHURRASCO",120246641577180489,2026-07-31,0.05,1,,25,12.5,0.05,4,2,2,2,,2026-07-31,2026-07-31
bbe-a1-jul-26--venda--perpetuo--hot_cbo_vencedores,120246796479480489,01_automatico_ig180_fb180,120246796490900489,"ADS 5 V1 - WORKSHOP CHURRASCO",120246796503420489,2026-07-31,0.42,,,,46.66666667,,9,2,,1,,2026-07-31,2026-07-31
bbe-a1-jul-26--venda--perpetuo--hot_cbo_videos,120246641531020489,00_automatico_ig030_fb030,120246641531090489,"ADS 9 V3 - WORKSHOP CHURRASCO",120246641595740489,2026-07-31,1.76,,,,46.31578947,,38,6,3,4,2,2026-07-31,2026-07-31
bbe-a1-jul-26--venda--perpetuo--hot_cbo_vencedores,120246796479480489,01_automatico_ig180_fb180,120246796490900489,ad07-bbe-ppt-mai26--sal-grosso-sozinho-não-salva,120246796503380489,2026-07-30,0.09,,,,30,,3,,,,,2026-07-30,2026-07-30
bbe-a1-jul-26--venda--perpetuo--hot_cbo_videos,120246641531020489,01_automatico_ig180_fb180,120246641531130489,"ADS 1 - WORKSHOP CHURRASCO",120246641577410489,2026-07-30,1.07,,,,50.95238095,,21,5,2,4,1,2026-07-30,2026-07-30
bbe-a1-jul-26--venda--perpetuo--hot_cbo_videos,120246641531020489,00_automatico_ig030_fb030,120246641531090489,"ADS 9 V2 - WORKSHOP CHURRASCO",120246641595750489,2026-07-30,0.06,,,,20,,3,2,1,1,1,2026-07-30,2026-07-30
bbe-a1-jul-26--venda--perpetuo--hot_cbo_videos,120246641531020489,00_automatico_ig030_fb030,120246641531090489,"ADS 5 V2 - WORKSHOP CHURRASCO",120246641577350489,2026-07-30,8.19,6,,2.73972603,37.39726027,1.365,219,77,25,34,11,2026-07-30,2026-07-30
bbe-a1-jul-26--venda--perpetuo--hot_cbo_videos,120246641531020489,01_automatico_ig180_fb180,120246641531130489,"ADS 5 V2 - WORKSHOP CHURRASCO",120246641577510489,2026-07-30,8.85,7,,2.16718266,27.3993808,1.26428571,323,100,34,49,18,2026-07-30,2026-07-30
bbe-a1-jul-26--venda--perpetuo--hot_cbo_videos,120246641531020489,01_automatico_seguidores_ig_fb,120246641530990489,"ADS 7 V1 - WORKSHOP CHURRASCO",120246641576960489,2026-07-30,0.2,,,,66.66666667,,3,2,1,1,1,2026-07-30,2026-07-30
bbe-a1-jul-26--venda--perpetuo--hot_cbo_vencedores,120246796479480489,01_automatico_seguidores_ig_fb,120246796490920489,"ADS 3 V4 - WORKSHOP CHURRASCO",120246796503320489,2026-07-30,0.72,1,,5.26315789,37.89473684,0.72,19,6,1,4,2,2026-07-30,2026-07-30
bbe-a1-jul-26--venda--perpetuo--hot_cbo_videos,120246641531020489,01_automatico_ig180_fb180,120246641531130489,"ADS 5 V1 - WORKSHOP CHURRASCO",120246641577570489,2026-07-30,38.07,23,,1.92468619,31.85774059,1.65521739,1195,342,122,187,57,2026-07-30,2026-07-30
bbe-a1-jul-26--venda--perpetuo--hot_cbo_estaticos,120246640738580489,01_automatico_ig180_fb180,120246640738570489,ad02-bbe-ppt-mai26--o-maior-inimigo-do-churrasqueiro,120246640809120489,2026-07-30,0,,,,0,,1,,,,,2026-07-30,2026-07-30
bbe-a1-jul-26--venda--perpetuo--hot_cbo_estaticos,120246640738580489,01_automatico_seguidores_ig_fb,120246640738460489,ad04-bbe-ppt-mai26--o-netão-te-ensina,120246640809060489,2026-07-30,21.88,6,,0.70505288,25.71092832,3.64666667,851,,,,,2026-07-30,2026-07-30
bbe-a1-jul-26--venda--perpetuo--hot_cbo_videos,120246641531020489,00_automatico_ig030_fb030,120246641531090489,"ADS 6 - WORKSHOP CHURRASCO",120246641577230489,2026-07-30,0.13,,,,65,,2,,,,,2026-07-30,2026-07-30
bbe-a1-jul-26--venda--perpetuo--hot_cbo_videos,120246641531020489,01_automatico_ig180_fb180,120246641531130489,"ADS 7 V4 - WORKSHOP CHURRASCO",120246641577460489,2026-07-30,1.91,,,,50.26315789,,38,5,2,2,2,2026-07-30,2026-07-30
bbe-a1-jul-26--venda--perpetuo--hot_cbo_videos,120246641531020489,00_automatico_ig030_fb030,120246641531090489,"ADS 2 - WORKSHOP CHURRASCO",120246641577330489,2026-07-30,5.86,,,,29.44723618,,199,33,5,15,5,2026-07-30,2026-07-30
bbe-a1-jul-26--venda--perpetuo--hot_cbo_videos,120246641531020489,00_automatico_ig030_fb030,120246641531090489,"ADS 4 V2 - WORKSHOP CHURRASCO",120246641577320489,2026-07-30,0.66,,,,28.69565217,,23,4,,1,,2026-07-30,2026-07-30
bbe-a1-jul-26--venda--perpetuo--hot_cbo_videos,120246641531020489,01_automatico_seguidores_ig_fb,120246641530990489,"ADS 3 V2 - WORKSHOP CHURRASCO",120246641577030489,2026-07-30,0.73,,,,30.41666667,,24,7,2,4,1,2026-07-30,2026-07-30
bbe-a1-jul-26--venda--perpetuo--hot_cbo_estaticos,120246640738580489,01_automatico_seguidores_ig_fb,120246640738460489,ad01-bbe-ppt-mai26--acertar-o-ponto-da-carne,120246640809080489,2026-07-30,0.04,,,,40,,1,,,,,2026-07-30,2026-07-30
bbe-a1-jul-26--venda--perpetuo--hot_cbo_estaticos,120246640738580489,01_automatico_ig180_fb180,120246640738570489,ad06-bbe-ppt-mai26--agora-é-sua-vez,120246640809130489,2026-07-30,2.05,,,,41,,50,,,,,2026-07-30,2026-07-30
bbe-a1-jul-26--venda--perpetuo--hot_cbo_videos,120246641531020489,01_automatico_seguidores_ig_fb,120246641530990489,"ADS 3 V3 - WORKSHOP CHURRASCO",120246641577120489,2026-07-30,0.01,,,,10,,1,1,,,,2026-07-30,2026-07-30
bbe-a1-jul-26--venda--perpetuo--hot_cbo_vencedores,120246796479480489,01_automatico_ig180_fb180,120246796490900489,"ADS 8 V1 - WORKSHOP CHURRASCO",120246796503360489,2026-07-30,0.91,2,,5.26315789,23.94736842,0.455,38,8,4,4,3,2026-07-30,2026-07-30
bbe-a1-jul-26--venda--perpetuo--hot_cbo_vencedores,120246796479480489,01_automatico_seguidores_ig_fb,120246796490920489,"ADS 3 V1 - WORKSHOP CHURRASCO",120246796503290489,2026-07-30,0.33,,,,33,,10,1,1,1,1,2026-07-30,2026-07-30
bbe-a1-jul-26--venda--perpetuo--hot_cbo_videos,120246641531020489,01_automatico_seguidores_ig_fb,120246641530990489,"ADS 3 V4 - WORKSHOP CHURRASCO",120246641577080489,2026-07-30,0.39,,,,32.5,,12,2,,1,,2026-07-30,2026-07-30
bbe-a1-jul-26--venda--perpetuo--hot_cbo_videos,120246641531020489,00_automatico_ig030_fb030,120246641531090489,"ADS 3 V5 - WORKSHOP CHURRASCO",120246641577240489,2026-07-30,1.59,,,,72.27272727,,22,2,1,2,1,2026-07-30,2026-07-30
bbe-a1-jul-26--venda--perpetuo--hot_cbo_videos,120246641531020489,01_automatico_ig180_fb180,120246641531130489,"ADS 3 V3 - WORKSHOP CHURRASCO",120246641577540489,2026-07-30,0.07,,,,70,,1,,,,,2026-07-30,2026-07-30
bbe-a1-jul-26--venda--perpetuo--hot_cbo_videos,120246641531020489,01_automatico_ig180_fb180,120246641531130489,"ADS 2 - WORKSHOP CHURRASCO",120246641577530489,2026-07-30,0.28,,,,93.33333333,,3,,,,,2026-07-30,2026-07-30
bbe-a1-jul-26--venda--perpetuo--hot_cbo_videos,120246641531020489,00_automatico_ig030_fb030,120246641531090489,"ADS 5 V1 - WORKSHOP CHURRASCO",120246641577290489,2026-07-30,1,,,,83.33333333,,12,4,2,3,,2026-07-30,2026-07-30
bbe-a1-jul-26--venda--perpetuo--hot_cbo_videos,120246641531020489,01_automatico_ig180_fb180,120246641531130489,"ADS 9 V2 - WORKSHOP CHURRASCO",120246641595700489,2026-07-30,0.86,,,,34.4,,25,7,3,3,2,2026-07-30,2026-07-30
bbe-a1-jul-26--venda--perpetuo--hot_cbo_estaticos,120246640738580489,01_automatico_ig180_fb180,120246640738570489,ad05-bbe-ppt-mai26--estraga-no-preparo,120246640809140489,2026-07-30,22.18,3,,0.55865922,41.30353818,7.39333333,537,,,,,2026-07-30,2026-07-30
bbe-a1-jul-26--venda--perpetuo--hot_cbo_vencedores,120246796479480489,01_automatico_seguidores_ig_fb,120246796490920489,"ADS 4 V2 - WORKSHOP CHURRASCO",120246796503260489,2026-07-30,42.7,19,,1.38584974,31.14514953,2.24736842,1371,206,44,138,49,2026-07-30,2026-07-30
bbe-a1-jul-26--venda--perpetuo--hot_cbo_videos,120246641531020489,01_automatico_seguidores_ig_fb,120246641530990489,"ADS 7 V4 - WORKSHOP CHURRASCO",120246641577000489,2026-07-30,0.31,,,,44.28571429,,7,4,2,2,1,2026-07-30,2026-07-30
bbe-a1-jul-26--venda--perpetuo--hot_cbo_estaticos,120246640738580489,00_automatico_ig030_fb030,120246640738730489,ad04-bbe-ppt-mai26--o-netão-te-ensina,120246640809560489,2026-07-30,38.14,16,,1.01587302,24.21587302,2.38375,1575,,,,,2026-07-30,2026-07-30
bbe-a1-jul-26--venda--perpetuo--hot_cbo_estaticos,120246640738580489,01_automatico_ig180_fb180,120246640738570489,ad07-bbe-ppt-mai26--sal-grosso-sozinho-não-salva,120246640809150489,2026-07-30,0.26,,,,86.66666667,,3,,,,,2026-07-30,2026-07-30
bbe-a1-jul-26--venda--perpetuo--hot_cbo_videos,120246641531020489,00_automatico_ig030_fb030,120246641531090489,"ADS 3 V3 - WORKSHOP CHURRASCO",120246641577190489,2026-07-30,1.55,,,,36.9047619,,42,6,1,2,1,2026-07-30,2026-07-30
bbe-a1-jul-26--venda--perpetuo--hot_cbo_estaticos,120246640738580489,00_automatico_ig030_fb030,120246640738730489,ad05-bbe-ppt-mai26--estraga-no-preparo,120246640809550489,2026-07-30,0.09,,,,30,,3,,,,,2026-07-30,2026-07-30
bbe-a1-jul-26--venda--perpetuo--hot_cbo_videos,120246641531020489,01_automatico_ig180_fb180,120246641531130489,"ADS 6 - WORKSHOP CHURRASCO",120246641577450489,2026-07-30,0.6,,,,46.15384615,,13,1,1,1,1,2026-07-30,2026-07-30
bbe-a1-jul-26--venda--perpetuo--hot_cbo_videos,120246641531020489,01_automatico_seguidores_ig_fb,120246641530990489,"ADS 5 V3 - WORKSHOP CHURRASCO",120246641577110489,2026-07-30,18.43,9,1,1.42180095,29.11532385,2.04777778,633,166,40,86,22,2026-07-30,2026-07-30
bbe-a1-jul-26--venda--perpetuo--hot_cbo_videos,120246641531020489,01_automatico_ig180_fb180,120246641531130489,"ADS 4 V1 - WORKSHOP CHURRASCO",120246641577430489,2026-07-30,0.07,,,,35,,2,,,,,2026-07-30,2026-07-30
bbe-a1-jul-26--venda--perpetuo--hot_cbo_videos,120246641531020489,00_automatico_ig030_fb030,120246641531090489,"ADS 7 V4 - WORKSHOP CHURRASCO",120246641577300489,2026-07-30,0.21,,,,23.33333333,,9,,,,,2026-07-30,2026-07-30
bbe-a1-jul-26--venda--perpetuo--hot_cbo_estaticos,120246640738580489,01_automatico_seguidores_ig_fb,120246640738460489,ad07-bbe-ppt-mai26--sal-grosso-sozinho-não-salva,120246640809070489,2026-07-30,0.01,,,,10,,1,,,,,2026-07-30,2026-07-30
bbe-a1-jul-26--venda--perpetuo--hot_cbo_videos,120246641531020489,01_automatico_ig180_fb180,120246641531130489,"ADS 7 V1 - WORKSHOP CHURRASCO",120246641577390489,2026-07-30,0.03,,,,30,,1,,,,,2026-07-30,2026-07-30
bbe-a1-jul-26--venda--perpetuo--hot_cbo_videos,120246641531020489,01_automatico_ig180_fb180,120246641531130489,"ADS 7 V2 - WORKSHOP CHURRASCO",120246641577420489,2026-07-30,0.61,,,,152.5,,4,1,,,,2026-07-30,2026-07-30
bbe-a1-jul-26--venda--perpetuo--hot_cbo_estaticos,120246640738580489,01_automatico_seguidores_ig_fb,120246640738460489,ad05-bbe-ppt-mai26--estraga-no-preparo,120246640809040489,2026-07-30,0.21,,,,23.33333333,,9,,,,,2026-07-30,2026-07-30
bbe-a1-jul-26--venda--perpetuo--hot_cbo_videos,120246641531020489,00_automatico_ig030_fb030,120246641531090489,"ADS 8 V2 - WORKSHOP CHURRASCO",120246641577220489,2026-07-30,0.54,1,,5.55555556,30,0.54,18,2,2,2,2,2026-07-30,2026-07-30
bbe-a1-jul-26--venda--perpetuo--hot_cbo_vencedores,120246796479480489,01_automatico_seguidores_ig_fb,120246796490920489,ad07-bbe-ppt-mai26--sal-grosso-sozinho-não-salva,120246796503280489,2026-07-30,0.08,,,,16,,5,,,,,2026-07-30,2026-07-30
bbe-a1-jul-26--venda--perpetuo--hot_cbo_videos,120246641531020489,01_automatico_seguidores_ig_fb,120246641530990489,"ADS 2 - WORKSHOP CHURRASCO",120246641577090489,2026-07-30,0.01,,,,10,,1,,,,,2026-07-30,2026-07-30
bbe-a1-jul-26--venda--perpetuo--hot_cbo_videos,120246641531020489,01_automatico_seguidores_ig_fb,120246641530990489,"ADS 9 V3 - WORKSHOP CHURRASCO",120246641595720489,2026-07-30,0.01,,,,10,,1,1,,,,2026-07-30,2026-07-30
bbe-a1-jul-26--venda--perpetuo--hot_cbo_videos,120246641531020489,01_automatico_seguidores_ig_fb,120246641530990489,"ADS 6 - WORKSHOP CHURRASCO",120246641577040489,2026-07-30,5.65,,,,34.24242424,,165,47,24,24,18,2026-07-30,2026-07-30
bbe-a1-jul-26--venda--perpetuo--hot_cbo_videos,120246641531020489,01_automatico_ig180_fb180,120246641531130489,"ADS 7 V3 - WORKSHOP CHURRASCO",120246641577560489,2026-07-30,0.04,,,,20,,2,,,,,2026-07-30,2026-07-30
bbe-a1-jul-26--venda--perpetuo--hot_cbo_estaticos,120246640738580489,01_automatico_ig180_fb180,120246640738570489,ad01-bbe-ppt-mai26--acertar-o-ponto-da-carne,120246640809110489,2026-07-30,1.09,,,,109,,10,,,,,2026-07-30,2026-07-30
bbe-a1-jul-26--venda--perpetuo--hot_cbo_vencedores,120246796479480489,01_automatico_ig180_fb180,120246796490900489,"ADS 3 V1 - WORKSHOP CHURRASCO",120246796503340489,2026-07-30,6.17,2,,0.95238095,29.38095238,3.085,210,42,11,21,7,2026-07-30,2026-07-30
bbe-a1-jul-26--venda--perpetuo--hot_cbo_vencedores,120246796479480489,01_automatico_ig180_fb180,120246796490900489,"ADS 3 V5 - WORKSHOP CHURRASCO",120246796503400489,2026-07-30,0,,,,0,,1,,,,,2026-07-30,2026-07-30
bbe-a1-jul-26--venda--perpetuo--hot_cbo_vencedores,120246796479480489,01_automatico_ig180_fb180,120246796490900489,"ADS 5 V2 - WORKSHOP CHURRASCO",120246796503390489,2026-07-30,27.41,10,,1.29701686,35.55123217,2.741,771,232,83,123,35,2026-07-30,2026-07-30
bbe-a1-jul-26--venda--perpetuo--hot_cbo_vencedores,120246796479480489,01_automatico_seguidores_ig_fb,120246796490920489,ad04-bbe-ppt-mai26--o-netão-te-ensina,120246796503270489,2026-07-30,0.02,,,,10,,2,,,,,2026-07-30,2026-07-30
bbe-a1-jul-26--venda--perpetuo--hot_cbo_videos,120246641531020489,01_automatico_ig180_fb180,120246641531130489,"ADS 8 V2 - WORKSHOP CHURRASCO",120246641577550489,2026-07-30,0.39,,,,27.85714286,,14,6,,,,2026-07-30,2026-07-30
bbe-a1-jul-26--venda--perpetuo--hot_cbo_videos,120246641531020489,01_automatico_seguidores_ig_fb,120246641530990489,"ADS 3 V1 - WORKSHOP CHURRASCO",120246641577140489,2026-07-30,0.36,,,,60,,6,,,,,2026-07-30,2026-07-30
bbe-a1-jul-26--venda--perpetuo--hot_cbo_videos,120246641531020489,01_automatico_ig180_fb180,120246641531130489,"ADS 9 V3 - WORKSHOP CHURRASCO",120246641595710489,2026-07-30,0.36,,,,36,,10,2,,,,2026-07-30,2026-07-30
bbe-a1-jul-26--venda--perpetuo--hot_cbo_videos,120246641531020489,01_automatico_seguidores_ig_fb,120246641530990489,"ADS 4 V1 - WORKSHOP CHURRASCO",120246641577010489,2026-07-30,0.29,1,,9.09090909,26.36363636,0.29,11,1,,,,2026-07-30,2026-07-30
bbe-a1-jul-26--venda--perpetuo--hot_cbo_videos,120246641531020489,01_automatico_seguidores_ig_fb,120246641530990489,"ADS 1 - WORKSHOP CHURRASCO",120246641576970489,2026-07-30,0.1,,,,33.33333333,,3,,,,,2026-07-30,2026-07-30
bbe-a1-jul-26--venda--perpetuo--hot_cbo_videos,120246641531020489,01_automatico_seguidores_ig_fb,120246641530990489,"ADS 9 V1 - WORKSHOP CHURRASCO",120246641576990489,2026-07-30,0.36,,,,360,,1,,,,,2026-07-30,2026-07-30
bbe-a1-jul-26--venda--perpetuo--hot_cbo_videos,120246641531020489,00_automatico_ig030_fb030,120246641531090489,"ADS 7 V1 - WORKSHOP CHURRASCO",120246641577160489,2026-07-30,3.18,,,,63.6,,50,9,3,3,1,2026-07-30,2026-07-30
bbe-a1-jul-26--venda--perpetuo--hot_cbo_vencedores,120246796479480489,01_automatico_ig180_fb180,120246796490900489,ad04-bbe-ppt-mai26--o-netão-te-ensina,120246796503350489,2026-07-30,0.1,,,,20,,5,,,,,2026-07-30,2026-07-30
bbe-a1-jul-26--venda--perpetuo--hot_cbo_vencedores,120246796479480489,01_automatico_ig180_fb180,120246796490900489,"ADS 5 V1 - WORKSHOP CHURRASCO",120246796503420489,2026-07-30,1.51,,,,50.33333333,,30,11,3,4,1,2026-07-30,2026-07-30
bbe-a1-jul-26--venda--perpetuo--hot_cbo_vencedores,120246796479480489,01_automatico_seguidores_ig_fb,120246796490920489,"ADS 3 V5 - WORKSHOP CHURRASCO",120246796503310489,2026-07-30,0.25,,,,62.5,,4,2,,,,2026-07-30,2026-07-30
bbe-a1-jul-26--venda--perpetuo--hot_cbo_videos,120246641531020489,00_automatico_ig030_fb030,120246641531090489,"ADS 1 - WORKSHOP CHURRASCO",120246641577180489,2026-07-30,2.37,1,,5.26315789,124.73684211,2.37,19,5,1,2,1,2026-07-30,2026-07-30
bbe-a1-jul-26--venda--perpetuo--hot_cbo_videos,120246641531020489,00_automatico_ig030_fb030,120246641531090489,"ADS 9 V1 - WORKSHOP CHURRASCO",120246641577200489,2026-07-29,0.25,,,,83.33333333,,3,,,,,2026-07-29,2026-07-29
bbe-a1-jul-26--venda--perpetuo--hot_cbo_videos,120246641531020489,01_automatico_ig180_fb180,120246641531130489,"ADS 1 - WORKSHOP CHURRASCO",120246641577410489,2026-07-29,1.22,1,,2.5,30.5,1.22,40,9,6,7,3,2026-07-29,2026-07-29
bbe-a1-jul-26--venda--perpetuo--hot_cbo_videos,120246641531020489,00_automatico_ig030_fb030,120246641531090489,"ADS 5 V2 - WORKSHOP CHURRASCO",120246641577350489,2026-07-29,11.35,5,,1.55279503,35.2484472,2.27,322,81,20,33,11,2026-07-29,2026-07-29
bbe-a1-jul-26--venda--perpetuo--hot_cbo_videos,120246641531020489,01_automatico_ig180_fb180,120246641531130489,"ADS 5 V2 - WORKSHOP CHURRASCO",120246641577510489,2026-07-29,6.11,8,,3.68663594,28.15668203,0.76375,217,77,28,43,12,2026-07-29,2026-07-29
bbe-a1-jul-26--venda--perpetuo--hot_cbo_estaticos,120246640738580489,01_automatico_ig180_fb180,120246640738570489,ad03-bbe-ppt-mai26--o-ponto-perfeito-da-carne,120246640809160489,2026-07-29,0.09,1,,50,45,0.09,2,,,,,2026-07-29,2026-07-29
bbe-a1-jul-26--venda--perpetuo--hot_cbo_estaticos,120246640738580489,01_automatico_ig180_fb180,120246640738570489,ad02-bbe-ppt-mai26--o-maior-inimigo-do-churrasqueiro,120246640809120489,2026-07-29,0.37,1,,11.11111111,41.11111111,0.37,9,,,,,2026-07-29,2026-07-29
bbe-a1-jul-26--venda--perpetuo--hot_cbo_videos,120246641531020489,01_automatico_ig180_fb180,120246641531130489,"ADS 5 V1 - WORKSHOP CHURRASCO",120246641577570489,2026-07-29,38.49,31,,2.22541278,27.6310122,1.2416129,1393,454,151,245,72,2026-07-29,2026-07-29
bbe-a1-jul-26--venda--perpetuo--hot_cbo_estaticos,120246640738580489,01_automatico_seguidores_ig_fb,120246640738460489,ad04-bbe-ppt-mai26--o-netão-te-ensina,120246640809060489,2026-07-29,23.97,15,,1.39534884,22.29767442,1.598,1075,,,,,2026-07-29,2026-07-29
bbe-a1-jul-26--venda--perpetuo--hot_cbo_videos,120246641531020489,00_automatico_ig030_fb030,120246641531090489,"ADS 6 - WORKSHOP CHURRASCO",120246641577230489,2026-07-29,0.43,,,,71.66666667,,6,2,1,1,,2026-07-29,2026-07-29
bbe-a1-jul-26--venda--perpetuo--hot_cbo_videos,120246641531020489,01_automatico_seguidores_ig_fb,120246641530990489,"ADS 9 V2 - WORKSHOP CHURRASCO",120246641595730489,2026-07-29,1.29,,,,53.75,,24,5,4,4,2,2026-07-29,2026-07-29
bbe-a1-jul-26--venda--perpetuo--hot_cbo_videos,120246641531020489,01_automatico_seguidores_ig_fb,120246641530990489,"ADS 3 V3 - WORKSHOP CHURRASCO",120246641577120489,2026-07-29,2.07,1,,1.78571429,36.96428571,2.07,56,16,4,12,2,2026-07-29,2026-07-29
bbe-a1-jul-26--venda--perpetuo--hot_cbo_videos,120246641531020489,00_automatico_ig030_fb030,120246641531090489,"ADS 2 - WORKSHOP CHURRASCO",120246641577330489,2026-07-29,0.15,,,,25,,6,1,,,,2026-07-29,2026-07-29
bbe-a1-jul-26--venda--perpetuo--hot_cbo_videos,120246641531020489,01_automatico_seguidores_ig_fb,120246641530990489,"ADS 3 V2 - WORKSHOP CHURRASCO",120246641577030489,2026-07-29,0.94,,,,20.43478261,,46,6,,3,,2026-07-29,2026-07-29
bbe-a1-jul-26--venda--perpetuo--hot_cbo_videos,120246641531020489,01_automatico_seguidores_ig_fb,120246641530990489,"ADS 8 V1 - WORKSHOP CHURRASCO",120246641577150489,2026-07-29,1.57,,,,56.07142857,,28,3,,,,2026-07-29,2026-07-29
bbe-a1-jul-26--venda--perpetuo--hot_cbo_vencedores,120246796479480489,01_automatico_ig180_fb180,120246796490900489,"ADS 8 V1 - WORKSHOP CHURRASCO",120246796503360489,2026-07-29,3.76,1,,1.33333333,50.13333333,3.76,75,17,6,6,4,2026-07-29,2026-07-29
bbe-a1-jul-26--venda--perpetuo--hot_cbo_videos,120246641531020489,01_automatico_seguidores_ig_fb,120246641530990489,"ADS 7 V2 - WORKSHOP CHURRASCO",120246641576980489,2026-07-29,0.33,,,,82.5,,4,2,2,2,1,2026-07-29,2026-07-29
bbe-a1-jul-26--venda--perpetuo--hot_cbo_vencedores,120246796479480489,01_automatico_seguidores_ig_fb,120246796490920489,"ADS 8 V1 - WORKSHOP CHURRASCO",120246796503300489,2026-07-29,0.18,,,,36,,5,3,1,1,,2026-07-29,2026-07-29
bbe-a1-jul-26--venda--perpetuo--hot_cbo_videos,120246641531020489,00_automatico_ig030_fb030,120246641531090489,"ADS 4 V1 - WORKSHOP CHURRASCO",120246641577270489,2026-07-29,0.22,,,,36.66666667,,6,1,,,,2026-07-29,2026-07-29
bbe-a1-jul-26--venda--perpetuo--hot_cbo_videos,120246641531020489,01_automatico_seguidores_ig_fb,120246641530990489,"ADS 3 V4 - WORKSHOP CHURRASCO",120246641577080489,2026-07-29,3.31,1,,0.86956522,28.7826087,3.31,115,26,10,18,6,2026-07-29,2026-07-29
bbe-a1-jul-26--venda--perpetuo--hot_cbo_videos,120246641531020489,00_automatico_ig030_fb030,120246641531090489,"ADS 3 V5 - WORKSHOP CHURRASCO",120246641577240489,2026-07-29,0.09,,,,15,,6,2,,,,2026-07-29,2026-07-29
bbe-a1-jul-26--venda--perpetuo--hot_cbo_estaticos,120246640738580489,00_automatico_ig030_fb030,120246640738730489,ad04-bbe-ppt-mai26--o-netão-te-ensina,120246640809560489,2026-07-29,39.54,24,,1.29589633,21.34989201,1.6475,1852,,,,,2026-07-29,2026-07-29
bbe-a1-jul-26--venda--perpetuo--hot_cbo_videos,120246641531020489,01_automatico_ig180_fb180,120246641531130489,"ADS 9 V2 - WORKSHOP CHURRASCO",120246641595700489,2026-07-29,0.03,,,,30,,1,1,1,1,1,2026-07-29,2026-07-29
bbe-a1-jul-26--venda--perpetuo--hot_cbo_estaticos,120246640738580489,01_automatico_ig180_fb180,120246640738570489,ad05-bbe-ppt-mai26--estraga-no-preparo,120246640809140489,2026-07-29,21.5,4,,0.51746442,27.81371281,5.375,773,,,,,2026-07-29,2026-07-29
bbe-a1-jul-26--venda--perpetuo--hot_cbo_vencedores,120246796479480489,01_automatico_seguidores_ig_fb,120246796490920489,"ADS 5 V2 - WORKSHOP CHURRASCO",120246796503250489,2026-07-29,0.29,1,,10,29,0.29,10,5,2,3,2,2026-07-29,2026-07-29
bbe-a1-jul-26--venda--perpetuo--hot_cbo_vencedores,120246796479480489,01_automatico_seguidores_ig_fb,120246796490920489,"ADS 4 V2 - WORKSHOP CHURRASCO",120246796503260489,2026-07-29,49.38,17,,1.13182423,32.87616511,2.90470588,1502,216,46,153,53,2026-07-29,2026-07-29
bbe-a1-jul-26--venda--perpetuo--hot_cbo_vencedores,120246796479480489,01_automatico_ig180_fb180,120246796490900489,"ADS 3 V4 - WORKSHOP CHURRASCO",120246796503370489,2026-07-29,0.54,1,,4.16666667,22.5,0.54,24,8,1,3,,2026-07-29,2026-07-29
bbe-a1-jul-26--venda--perpetuo--hot_cbo_videos,120246641531020489,00_automatico_ig030_fb030,120246641531090489,"ADS 5 V1 - WORKSHOP CHURRASCO",120246641577290489,2026-07-29,0.42,,,,38.18181818,,11,1,,1,,2026-07-29,2026-07-29
bbe-a1-jul-26--venda--perpetuo--hot_cbo_estaticos,120246640738580489,00_automatico_ig030_fb030,120246640738730489,ad05-bbe-ppt-mai26--estraga-no-preparo,120246640809550489,2026-07-29,0.04,,,,13.33333333,,3,,,,,2026-07-29,2026-07-29
bbe-a1-jul-26--venda--perpetuo--hot_cbo_vencedores,120246796479480489,01_automatico_ig180_fb180,120246796490900489,"ADS 5 V2 - WORKSHOP CHURRASCO",120246796503390489,2026-07-29,21.16,13,,2.13815789,34.80263158,1.62769231,608,172,59,89,20,2026-07-29,2026-07-29
bbe-a1-jul-26--venda--perpetuo--hot_cbo_videos,120246641531020489,01_automatico_seguidores_ig_fb,120246641530990489,"ADS 7 V3 - WORKSHOP CHURRASCO",120246641577060489,2026-07-29,0.42,,,,140,,3,,,,,2026-07-29,2026-07-29
bbe-a1-jul-26--venda--perpetuo--hot_cbo_videos,120246641531020489,01_automatico_seguidores_ig_fb,120246641530990489,"ADS 5 V3 - WORKSHOP CHURRASCO",120246641577110489,2026-07-29,17.71,18,,2.49653259,24.5631068,0.98388889,721,229,79,120,36,2026-07-29,2026-07-29
bbe-a1-jul-26--venda--perpetuo--hot_cbo_videos,120246641531020489,01_automatico_ig180_fb180,120246641531130489,"ADS 4 V1 - WORKSHOP CHURRASCO",120246641577430489,2026-07-29,0.18,,,,60,,3,1,,1,,2026-07-29,2026-07-29
bbe-a1-jul-26--venda--perpetuo--hot_cbo_videos,120246641531020489,00_automatico_ig030_fb030,120246641531090489,"ADS 7 V4 - WORKSHOP CHURRASCO",120246641577300489,2026-07-29,5.95,1,,0.78125,46.484375,5.95,128,19,6,6,2,2026-07-29,2026-07-29
bbe-a1-jul-26--venda--perpetuo--hot_cbo_videos,120246641531020489,01_automatico_seguidores_ig_fb,120246641530990489,"ADS 8 V2 - WORKSHOP CHURRASCO",120246641577020489,2026-07-29,0,,,,0,,1,,,,,2026-07-29,2026-07-29
bbe-a1-jul-26--venda--perpetuo--hot_cbo_videos,120246641531020489,00_automatico_ig030_fb030,120246641531090489,"ADS 8 V2 - WORKSHOP CHURRASCO",120246641577220489,2026-07-29,0.12,,,,40,,3,1,,,,2026-07-29,2026-07-29
bbe-a1-jul-26--venda--perpetuo--hot_cbo_videos,120246641531020489,01_automatico_seguidores_ig_fb,120246641530990489,"ADS 2 - WORKSHOP CHURRASCO",120246641577090489,2026-07-29,2.1,2,,3.22580645,33.87096774,1.05,62,11,1,4,,2026-07-29,2026-07-29
bbe-a1-jul-26--venda--perpetuo--hot_cbo_videos,120246641531020489,01_automatico_ig180_fb180,120246641531130489,"ADS 9 V1 - WORKSHOP CHURRASCO",120246641577440489,2026-07-29,2.3,,,,45.09803922,,51,13,5,6,3,2026-07-29,2026-07-29
bbe-a1-jul-26--venda--perpetuo--hot_cbo_videos,120246641531020489,01_automatico_seguidores_ig_fb,120246641530990489,"ADS 6 - WORKSHOP CHURRASCO",120246641577040489,2026-07-29,2.15,1,,1.96078431,42.15686275,2.15,51,14,4,4,2,2026-07-29,2026-07-29
bbe-a1-jul-26--venda--perpetuo--hot_cbo_videos,120246641531020489,01_automatico_ig180_fb180,120246641531130489,"ADS 6 - WORKSHOP CHURRASCO",120246641577450489,2026-07-29,1.12,1,,4.34782609,48.69565217,1.12,23,10,3,3,3,2026-07-29,2026-07-29
bbe-a1-jul-26--venda--perpetuo--hot_cbo_vencedores,120246796479480489,01_automatico_ig180_fb180,120246796490900489,"ADS 3 V1 - WORKSHOP CHURRASCO",120246796503340489,2026-07-29,10.19,5,,1.63398693,33.30065359,2.038,306,58,12,23,7,2026-07-29,2026-07-29
bbe-a1-jul-26--venda--perpetuo--hot_cbo_videos,120246641531020489,00_automatico_ig030_fb030,120246641531090489,"ADS 5 V3 - WORKSHOP CHURRASCO",120246641577170489,2026-07-29,0.55,,,,55,,10,3,,1,,2026-07-29,2026-07-29
bbe-a1-jul-26--venda--perpetuo--hot_cbo_vencedores,120246796479480489,01_automatico_seguidores_ig_fb,120246796490920489,"ADS 3 V5 - WORKSHOP CHURRASCO",120246796503310489,2026-07-29,0.17,,,,17,,10,1,,1,,2026-07-29,2026-07-29
bbe-a1-jul-26--venda--perpetuo--hot_cbo_videos,120246641531020489,00_automatico_ig030_fb030,120246641531090489,"ADS 3 V1 - WORKSHOP CHURRASCO",120246641577250489,2026-07-29,0.46,,,,30.66666667,,15,2,,1,,2026-07-29,2026-07-29
bbe-a1-jul-26--venda--perpetuo--hot_cbo_vencedores,120246796479480489,01_automatico_ig180_fb180,120246796490900489,"ADS 5 V1 - WORKSHOP CHURRASCO",120246796503420489,2026-07-29,3.32,1,,1.17647059,39.05882353,3.32,85,20,5,11,4,2026-07-29,2026-07-29
bbe-a1-jul-26--venda--perpetuo--hot_cbo_videos,120246641531020489,01_automatico_seguidores_ig_fb,120246641530990489,"ADS 1 - WORKSHOP CHURRASCO",120246641576970489,2026-07-29,0.62,,,,38.75,,16,1,1,1,1,2026-07-29,2026-07-29
bbe-a1-jul-26--venda--perpetuo--hot_cbo_vencedores,120246796479480489,01_automatico_ig180_fb180,120246796490900489,"ADS 4 V2 - WORKSHOP CHURRASCO",120246796503410489,2026-07-29,0.42,,,,52.5,,8,1,1,1,1,2026-07-29,2026-07-29
bbe-a1-jul-26--venda--perpetuo--hot_cbo_videos,120246641531020489,01_automatico_ig180_fb180,120246641531130489,"ADS 8 V1 - WORKSHOP CHURRASCO",120246641577500489,2026-07-29,0.24,,,,60,,4,2,,,,2026-07-29,2026-07-29
bbe-a1-jul-26--venda--perpetuo--hot_cbo_videos,120246641531020489,01_automatico_ig180_fb180,120246641531130489,"ADS 9 V3 - WORKSHOP CHURRASCO",120246641595710489,2026-07-29,0.12,,,,40,,3,1,1,1,1,2026-07-29,2026-07-29
bbe-a1-jul-26--venda--perpetuo--hot_cbo_videos,120246641531020489,00_automatico_ig030_fb030,120246641531090489,"ADS 3 V2 - WORKSHOP CHURRASCO",120246641577280489,2026-07-29,0.55,,,,32.35294118,,17,4,1,2,1,2026-07-29,2026-07-29
bbe-a1-jul-26--venda--perpetuo--hot_cbo_videos,120246641531020489,01_automatico_ig180_fb180,120246641531130489,"ADS 5 V3 - WORKSHOP CHURRASCO",120246641577400489,2026-07-29,0.88,1,,2.63157895,23.15789474,0.88,38,13,8,11,5,2026-07-29,2026-07-29
bbe-a1-jul-26--venda--perpetuo--hot_cbo_estaticos,120246640738580489,00_automatico_ig030_fb030,120246640738730489,ad06-bbe-ppt-mai26--agora-é-sua-vez,120246640809520489,2026-07-29,0,,,,0,,1,,,,,2026-07-29,2026-07-29
bbe-a1-jul-26--venda--perpetuo--hot_cbo_videos,120246641531020489,01_automatico_ig180_fb180,120246641531130489,"ADS 4 V2 - WORKSHOP CHURRASCO",120246641577380489,2026-07-29,0.37,,,,18.5,,20,4,,3,,2026-07-29,2026-07-29
bbe-a1-jul-26--venda--perpetuo--hot_cbo_videos,120246641531020489,00_automatico_ig030_fb030,120246641531090489,"ADS 7 V3 - WORKSHOP CHURRASCO",120246641577260489,2026-07-29,0.69,1,,16.66666667,115,0.69,6,2,1,1,,2026-07-29,2026-07-29
bbe-a1-jul-26--venda--perpetuo--hot_cbo_estaticos,120246640738580489,00_automatico_ig030_fb030,120246640738730489,ad03-bbe-ppt-mai26--o-ponto-perfeito-da-carne,120246640809580489,2026-07-29,0.25,,,,62.5,,4,,,,,2026-07-29,2026-07-29
bbe-a1-jul-26--venda--perpetuo--hot_cbo_videos,120246641531020489,01_automatico_ig180_fb180,120246641531130489,"ADS 1 - WORKSHOP CHURRASCO",120246641577410489,2026-07-28,1.55,,,,29.80769231,,52,19,9,14,5,2026-07-28,2026-07-28
bbe-a1-jul-26--venda--perpetuo--hot_cbo_estaticos,120246640738580489,01_automatico_ig180_fb180,120246640738570489,ad02-bbe-ppt-mai26--o-maior-inimigo-do-churrasqueiro,120246640809120489,2026-07-28,4.29,2,,1.96078431,42.05882353,2.145,102,,,,,2026-07-28,2026-07-28
bbe-a1-jul-26--venda--perpetuo--hot_cbo_videos,120246641531020489,00_automatico_ig030_fb030,120246641531090489,"ADS 9 V2 - WORKSHOP CHURRASCO",120246641595750489,2026-07-28,0.34,,,,34,,10,4,4,4,2,2026-07-28,2026-07-28
bbe-a1-jul-26--venda--perpetuo--hot_cbo_videos,120246641531020489,00_automatico_ig030_fb030,120246641531090489,"ADS 5 V2 - WORKSHOP CHURRASCO",120246641577350489,2026-07-28,8.14,2,,0.84388186,34.34599156,4.07,237,73,17,25,8,2026-07-28,2026-07-28
bbe-a1-jul-26--venda--perpetuo--hot_cbo_videos,120246641531020489,01_automatico_ig180_fb180,120246641531130489,"ADS 5 V2 - WORKSHOP CHURRASCO",120246641577510489,2026-07-28,3.62,3,,2.63157895,31.75438596,1.20666667,114,24,9,15,5,2026-07-28,2026-07-28
bbe-a1-jul-26--venda--perpetuo--hot_cbo_vencedores,120246796479480489,01_automatico_seguidores_ig_fb,120246796490920489,"ADS 3 V4 - WORKSHOP CHURRASCO",120246796503320489,2026-07-28,0.52,,,,65,,8,1,,,,2026-07-28,2026-07-28
bbe-a1-jul-26--venda--perpetuo--hot_cbo_videos,120246641531020489,01_automatico_ig180_fb180,120246641531130489,"ADS 5 V1 - WORKSHOP CHURRASCO",120246641577570489,2026-07-28,21.24,20,,2.43605359,25.87088916,1.062,821,258,93,140,44,2026-07-28,2026-07-28
bbe-a1-jul-26--venda--perpetuo--hot_cbo_estaticos,120246640738580489,00_automatico_ig030_fb030,120246640738730489,ad04-bbe-ppt-mai26--o-netão-te-ensina,120246640809560489,2026-07-28,43.11,24,,1.48975791,26.75977654,1.79625,1611,,,,,2026-07-28,2026-07-28
bbe-a1-jul-26--venda--perpetuo--hot_cbo_videos,120246641531020489,01_automatico_seguidores_ig_fb,120246641530990489,"ADS 7 V1 - WORKSHOP CHURRASCO",120246641576960489,2026-07-28,0.86,,,,40.95238095,,21,5,1,1,1,2026-07-28,2026-07-28
bbe-a1-jul-26--venda--perpetuo--hot_cbo_estaticos,120246640738580489,01_automatico_seguidores_ig_fb,120246640738460489,ad04-bbe-ppt-mai26--o-netão-te-ensina,120246640809060489,2026-07-28,26.08,13,,1.20036934,24.08125577,2.00615385,1083,,,,,2026-07-28,2026-07-28
bbe-a1-jul-26--venda--perpetuo--hot_cbo_videos,120246641531020489,00_automatico_ig030_fb030,120246641531090489,"ADS 6 - WORKSHOP CHURRASCO",120246641577230489,2026-07-28,1.72,2,,5.26315789,45.26315789,0.86,38,15,5,6,3,2026-07-28,2026-07-28
bbe-a1-jul-26--venda--perpetuo--hot_cbo_videos,120246641531020489,01_automatico_ig180_fb180,120246641531130489,"ADS 7 V4 - WORKSHOP CHURRASCO",120246641577460489,2026-07-28,2.44,,,,59.51219512,,41,5,2,2,,2026-07-28,2026-07-28
bbe-a1-jul-26--venda--perpetuo--hot_cbo_estaticos,120246640738580489,01_automatico_ig180_fb180,120246640738570489,ad07-bbe-ppt-mai26--sal-grosso-sozinho-não-salva,120246640809150489,2026-07-28,1.47,1,,3.84615385,56.53846154,1.47,26,,,,,2026-07-28,2026-07-28
bbe-a1-jul-26--venda--perpetuo--hot_cbo_videos,120246641531020489,01_automatico_ig180_fb180,120246641531130489,"ADS 3 V2 - WORKSHOP CHURRASCO",120246641577480489,2026-07-28,0.2,,,,100,,2,,,,,2026-07-28,2026-07-28
bbe-a1-jul-26--venda--perpetuo--hot_cbo_videos,120246641531020489,00_automatico_ig030_fb030,120246641531090489,"ADS 9 V1 - WORKSHOP CHURRASCO",120246641577200489,2026-07-28,0.18,,,,36,,5,2,1,1,,2026-07-28,2026-07-28
bbe-a1-jul-26--venda--perpetuo--hot_cbo_videos,120246641531020489,00_automatico_ig030_fb030,120246641531090489,"ADS 4 V2 - WORKSHOP CHURRASCO",120246641577320489,2026-07-28,2.36,5,,5.88235294,27.76470588,0.472,85,22,4,12,6,2026-07-28,2026-07-28
bbe-a1-jul-26--venda--perpetuo--hot_cbo_estaticos,120246640738580489,01_automatico_ig180_fb180,120246640738570489,ad05-bbe-ppt-mai26--estraga-no-preparo,120246640809140489,2026-07-28,15.36,8,,1.73913043,33.39130435,1.92,460,,,,,2026-07-28,2026-07-28
bbe-a1-jul-26--venda--perpetuo--hot_cbo_videos,120246641531020489,00_automatico_ig030_fb030,120246641531090489,"ADS 2 - WORKSHOP CHURRASCO",120246641577330489,2026-07-28,1.37,4,,8.69565217,29.7826087,0.3425,46,10,3,6,3,2026-07-28,2026-07-28
bbe-a1-jul-26--venda--perpetuo--hot_cbo_videos,120246641531020489,01_automatico_ig180_fb180,120246641531130489,"ADS 3 V3 - WORKSHOP CHURRASCO",120246641577540489,2026-07-28,0.14,,,,15.55555556,,9,3,2,2,2,2026-07-28,2026-07-28
bbe-a1-jul-26--venda--perpetuo--hot_cbo_videos,120246641531020489,01_automatico_seguidores_ig_fb,120246641530990489,"ADS 7 V4 - WORKSHOP CHURRASCO",120246641577000489,2026-07-28,0.01,,,,5,,2,1,,,,2026-07-28,2026-07-28
bbe-a1-jul-26--venda--perpetuo--hot_cbo_vencedores,120246796479480489,01_automatico_seguidores_ig_fb,120246796490920489,"ADS 4 V2 - WORKSHOP CHURRASCO",120246796503260489,2026-07-28,39.59,21,,1.61538462,30.45384615,1.8852381,1300,198,50,146,57,2026-07-28,2026-07-28
bbe-a1-jul-26--venda--perpetuo--hot_cbo_vencedores,120246796479480489,01_automatico_seguidores_ig_fb,120246796490920489,ad04-bbe-ppt-mai26--o-netão-te-ensina,120246796503270489,2026-07-28,5.34,2,,1.10497238,29.50276243,2.67,181,,,,,2026-07-28,2026-07-28
bbe-a1-jul-26--venda--perpetuo--hot_cbo_videos,120246641531020489,00_automatico_ig030_fb030,120246641531090489,"ADS 5 V1 - WORKSHOP CHURRASCO",120246641577290489,2026-07-28,3.76,1,,0.78125,29.375,3.76,128,28,8,13,6,2026-07-28,2026-07-28
bbe-a1-jul-26--venda--perpetuo--hot_cbo_videos,120246641531020489,01_automatico_ig180_fb180,120246641531130489,"ADS 2 - WORKSHOP CHURRASCO",120246641577530489,2026-07-28,0.52,1,,6.25,32.5,0.52,16,3,,2,,2026-07-28,2026-07-28
bbe-a1-jul-26--venda--perpetuo--hot_cbo_videos,120246641531020489,01_automatico_seguidores_ig_fb,120246641530990489,"ADS 3 V2 - WORKSHOP CHURRASCO",120246641577030489,2026-07-28,2.62,3,,3.19148936,27.87234043,0.87333333,94,26,6,13,3,2026-07-28,2026-07-28
bbe-a1-jul-26--venda--perpetuo--hot_cbo_videos,120246641531020489,01_automatico_seguidores_ig_fb,120246641530990489,"ADS 3 V4 - WORKSHOP CHURRASCO",120246641577080489,2026-07-28,0.48,,,,36.92307692,,13,1,,,,2026-07-28,2026-07-28
bbe-a1-jul-26--venda--perpetuo--hot_cbo_estaticos,120246640738580489,01_automatico_ig180_fb180,120246640738570489,ad06-bbe-ppt-mai26--agora-é-sua-vez,120246640809130489,2026-07-28,0.83,,,,31.92307692,,26,,,,,2026-07-28,2026-07-28
bbe-a1-jul-26--venda--perpetuo--hot_cbo_videos,120246641531020489,01_automatico_ig180_fb180,120246641531130489,"ADS 3 V5 - WORKSHOP CHURRASCO",120246641577470489,2026-07-28,0.39,,,,43.33333333,,9,2,,1,,2026-07-28,2026-07-28
bbe-a1-jul-26--venda--perpetuo--hot_cbo_vencedores,120246796479480489,01_automatico_seguidores_ig_fb,120246796490920489,"ADS 3 V1 - WORKSHOP CHURRASCO",120246796503290489,2026-07-28,1.77,,,,65.55555556,,27,2,,2,,2026-07-28,2026-07-28
bbe-a1-jul-26--venda--perpetuo--hot_cbo_vencedores,120246796479480489,01_automatico_seguidores_ig_fb,120246796490920489,"ADS 8 V1 - WORKSHOP CHURRASCO",120246796503300489,2026-07-28,0.68,,,,56.66666667,,12,5,,,,2026-07-28,2026-07-28
bbe-a1-jul-26--venda--perpetuo--hot_cbo_videos,120246641531020489,00_automatico_ig030_fb030,120246641531090489,"ADS 3 V3 - WORKSHOP CHURRASCO",120246641577190489,2026-07-28,0.08,,,,20,,4,2,,1,,2026-07-28,2026-07-28
bbe-a1-jul-26--venda--perpetuo--hot_cbo_vencedores,120246796479480489,01_automatico_ig180_fb180,120246796490900489,"ADS 8 V1 - WORKSHOP CHURRASCO",120246796503360489,2026-07-28,2.56,1,,1.63934426,41.96721311,2.56,61,16,7,7,4,2026-07-28,2026-07-28
bbe-a1-jul-26--venda--perpetuo--hot_cbo_videos,120246641531020489,01_automatico_seguidores_ig_fb,120246641530990489,"ADS 3 V3 - WORKSHOP CHURRASCO",120246641577120489,2026-07-28,3.08,4,,8,61.6,0.77,50,13,3,7,4,2026-07-28,2026-07-28
bbe-a1-jul-26--venda--perpetuo--hot_cbo_estaticos,120246640738580489,01_automatico_seguidores_ig_fb,120246640738460489,ad07-bbe-ppt-mai26--sal-grosso-sozinho-não-salva,120246640809070489,2026-07-28,0.16,,,,53.33333333,,3,,,,,2026-07-28,2026-07-28
bbe-a1-jul-26--venda--perpetuo--hot_cbo_estaticos,120246640738580489,00_automatico_ig030_fb030,120246640738730489,ad05-bbe-ppt-mai26--estraga-no-preparo,120246640809550489,2026-07-28,2.39,,,,30.25316456,,79,,,,,2026-07-28,2026-07-28
bbe-a1-jul-26--venda--perpetuo--hot_cbo_videos,120246641531020489,01_automatico_seguidores_ig_fb,120246641530990489,"ADS 7 V3 - WORKSHOP CHURRASCO",120246641577060489,2026-07-28,0,,,,0,,1,,,,,2026-07-28,2026-07-28
bbe-a1-jul-26--venda--perpetuo--hot_cbo_vencedores,120246796479480489,01_automatico_seguidores_ig_fb,120246796490920489,ad07-bbe-ppt-mai26--sal-grosso-sozinho-não-salva,120246796503280489,2026-07-28,0.07,,,,23.33333333,,3,,,,,2026-07-28,2026-07-28
bbe-a1-jul-26--venda--perpetuo--hot_cbo_vencedores,120246796479480489,01_automatico_ig180_fb180,120246796490900489,"ADS 3 V1 - WORKSHOP CHURRASCO",120246796503340489,2026-07-28,2.46,1,,1.49253731,36.71641791,2.46,67,19,6,10,3,2026-07-28,2026-07-28
bbe-a1-jul-26--venda--perpetuo--hot_cbo_videos,120246641531020489,01_automatico_ig180_fb180,120246641531130489,"ADS 3 V4 - WORKSHOP CHURRASCO",120246641577520489,2026-07-28,0.57,,,,57,,10,4,,2,1,2026-07-28,2026-07-28
bbe-a1-jul-26--venda--perpetuo--hot_cbo_videos,120246641531020489,01_automatico_ig180_fb180,120246641531130489,"ADS 6 - WORKSHOP CHURRASCO",120246641577450489,2026-07-28,1.95,,,,51.31578947,,38,11,5,4,4,2026-07-28,2026-07-28
bbe-a1-jul-26--venda--perpetuo--hot_cbo_videos,120246641531020489,01_automatico_ig180_fb180,120246641531130489,"ADS 7 V3 - WORKSHOP CHURRASCO",120246641577560489,2026-07-28,1.95,,,,46.42857143,,42,6,2,2,,2026-07-28,2026-07-28
bbe-a1-jul-26--venda--perpetuo--hot_cbo_videos,120246641531020489,01_automatico_seguidores_ig_fb,120246641530990489,"ADS 6 - WORKSHOP CHURRASCO",120246641577040489,2026-07-28,8.96,2,,1.18343195,53.01775148,4.48,169,49,20,21,14,2026-07-28,2026-07-28
bbe-a1-jul-26--venda--perpetuo--hot_cbo_videos,120246641531020489,01_automatico_seguidores_ig_fb,120246641530990489,"ADS 9 V3 - WORKSHOP CHURRASCO",120246641595720489,2026-07-28,0.19,,,,27.14285714,,7,4,2,2,1,2026-07-28,2026-07-28
bbe-a1-jul-26--venda--perpetuo--hot_cbo_videos,120246641531020489,00_automatico_ig030_fb030,120246641531090489,"ADS 8 V2 - WORKSHOP CHURRASCO",120246641577220489,2026-07-28,0.89,,,,59.33333333,,15,4,1,1,,2026-07-28,2026-07-28
bbe-a1-jul-26--venda--perpetuo--hot_cbo_videos,120246641531020489,00_automatico_ig030_fb030,120246641531090489,"ADS 7 V1 - WORKSHOP CHURRASCO",120246641577160489,2026-07-28,0.31,2,,40,62,0.155,5,2,1,1,,2026-07-28,2026-07-28
bbe-a1-jul-26--venda--perpetuo--hot_cbo_estaticos,120246640738580489,01_automatico_seguidores_ig_fb,120246640738460489,ad05-bbe-ppt-mai26--estraga-no-preparo,120246640809040489,2026-07-28,0.08,,,,80,,1,,,,,2026-07-28,2026-07-28
bbe-a1-jul-26--venda--perpetuo--hot_cbo_estaticos,120246640738580489,00_automatico_ig030_fb030,120246640738730489,ad02-bbe-ppt-mai26--o-maior-inimigo-do-churrasqueiro,120246640809570489,2026-07-28,0.09,,,,30,,3,,,,,2026-07-28,2026-07-28
bbe-a1-jul-26--venda--perpetuo--hot_cbo_videos,120246641531020489,01_automatico_ig180_fb180,120246641531130489,"ADS 7 V2 - WORKSHOP CHURRASCO",120246641577420489,2026-07-28,0.05,,,,16.66666667,,3,,,,,2026-07-28,2026-07-28
bbe-a1-jul-26--venda--perpetuo--hot_cbo_videos,120246641531020489,01_automatico_ig180_fb180,120246641531130489,"ADS 7 V1 - WORKSHOP CHURRASCO",120246641577390489,2026-07-28,0.52,,,,74.28571429,,7,1,,,,2026-07-28,2026-07-28
bbe-a1-jul-26--venda--perpetuo--hot_cbo_estaticos,120246640738580489,01_automatico_ig180_fb180,120246640738570489,ad01-bbe-ppt-mai26--acertar-o-ponto-da-carne,120246640809110489,2026-07-28,0.11,,,,36.66666667,,3,,,,,2026-07-28,2026-07-28
bbe-a1-jul-26--venda--perpetuo--hot_cbo_estaticos,120246640738580489,00_automatico_ig030_fb030,120246640738730489,ad01-bbe-ppt-mai26--acertar-o-ponto-da-carne,120246640809530489,2026-07-28,0.3,,,,42.85714286,,7,,,,,2026-07-28,2026-07-28
bbe-a1-jul-26--venda--perpetuo--hot_cbo_videos,120246641531020489,01_automatico_seguidores_ig_fb,120246641530990489,"ADS 5 V3 - WORKSHOP CHURRASCO",120246641577110489,2026-07-28,40.36,26,,1.68393782,26.13989637,1.55230769,1544,489,154,256,75,2026-07-28,2026-07-28
bbe-a1-jul-26--venda--perpetuo--hot_cbo_vencedores,120246796479480489,01_automatico_ig180_fb180,120246796490900489,"ADS 5 V2 - WORKSHOP CHURRASCO",120246796503390489,2026-07-28,32.87,24,1,2.29885057,31.48467433,1.36958333,1044,307,98,158,40,2026-07-28,2026-07-28
bbe-a1-jul-26--venda--perpetuo--hot_cbo_videos,120246641531020489,01_automatico_ig180_fb180,120246641531130489,"ADS 4 V1 - WORKSHOP CHURRASCO",120246641577430489,2026-07-28,0.22,,,,110,,2,,,,,2026-07-28,2026-07-28
bbe-a1-jul-26--venda--perpetuo--hot_cbo_vencedores,120246796479480489,01_automatico_seguidores_ig_fb,120246796490920489,"ADS 3 V5 - WORKSHOP CHURRASCO",120246796503310489,2026-07-28,3.75,2,,4.34782609,81.52173913,1.875,46,16,2,8,4,2026-07-28,2026-07-28
bbe-a1-jul-26--venda--perpetuo--hot_cbo_videos,120246641531020489,01_automatico_ig180_fb180,120246641531130489,"ADS 5 V3 - WORKSHOP CHURRASCO",120246641577400489,2026-07-28,0.98,2,,6.25,30.625,0.49,32,15,4,7,2,2026-07-28,2026-07-28
bbe-a1-jul-26--venda--perpetuo--hot_cbo_videos,120246641531020489,01_automatico_ig180_fb180,120246641531130489,"ADS 8 V2 - WORKSHOP CHURRASCO",120246641577550489,2026-07-28,0.09,,,,30,,3,2,1,1,1,2026-07-28,2026-07-28
bbe-a1-jul-26--venda--perpetuo--hot_cbo_videos,120246641531020489,01_automatico_seguidores_ig_fb,120246641530990489,"ADS 1 - WORKSHOP CHURRASCO",120246641576970489,2026-07-28,6.89,,,,51.41791045,,134,19,12,17,6,2026-07-28,2026-07-28
bbe-a1-jul-26--venda--perpetuo--hot_cbo_vencedores,120246796479480489,01_automatico_ig180_fb180,120246796490900489,"ADS 4 V2 - WORKSHOP CHURRASCO",120246796503410489,2026-07-28,0.43,1,,5,21.5,0.43,20,2,,2,1,2026-07-28,2026-07-28
bbe-a1-jul-26--venda--perpetuo--hot_cbo_videos,120246641531020489,01_automatico_ig180_fb180,120246641531130489,"ADS 8 V1 - WORKSHOP CHURRASCO",120246641577500489,2026-07-28,2.34,1,,2.08333333,48.75,2.34,48,6,1,2,1,2026-07-28,2026-07-28
bbe-a1-jul-26--venda--perpetuo--hot_cbo_videos,120246641531020489,00_automatico_ig030_fb030,120246641531090489,"ADS 3 V2 - WORKSHOP CHURRASCO",120246641577280489,2026-07-28,0.02,,,,20,,1,,,,,2026-07-28,2026-07-28
bbe-a1-jul-26--venda--perpetuo--hot_cbo_estaticos,120246640738580489,01_automatico_seguidores_ig_fb,120246640738460489,ad06-bbe-ppt-mai26--agora-é-sua-vez,120246640809030489,2026-07-28,0.02,,,,20,,1,,,,,2026-07-28,2026-07-28
bbe-a1-jul-26--venda--perpetuo--hot_cbo_estaticos,120246640738580489,00_automatico_ig030_fb030,120246640738730489,ad06-bbe-ppt-mai26--agora-é-sua-vez,120246640809520489,2026-07-28,0.02,,1,,20,,1,,,,,2026-07-28,2026-07-28
bbe-a1-jul-26--venda--perpetuo--hot_cbo_videos,120246641531020489,00_automatico_ig030_fb030,120246641531090489,"ADS 7 V3 - WORKSHOP CHURRASCO",120246641577260489,2026-07-28,0.02,,,,20,,1,,,,,2026-07-28,2026-07-28
bbe-a1-jul-26--venda--perpetuo--hot_cbo_videos,120246641531020489,00_automatico_ig030_fb030,120246641531090489,"ADS 7 V2 - WORKSHOP CHURRASCO",120246641577210489,2026-07-28,0.04,,,,20,,2,,,,,2026-07-28,2026-07-28
bbe-a1-jul-26--venda--perpetuo--hot_cbo_videos,120246641531020489,00_automatico_ig030_fb030,120246641531090489,"ADS 9 V3 - WORKSHOP CHURRASCO",120246641595740489,2026-07-28,1.43,2,,4.08163265,29.18367347,0.715,49,16,9,9,4,2026-07-28,2026-07-28
bbe-a1-jul-26--venda--perpetuo--hot_cbo_vencedores,120246796479480489,01_automatico_ig180_fb180,120246796490900489,"ADS 3 V5 - WORKSHOP CHURRASCO",120246796503400489,2026-07-28,0.37,,,,92.5,,4,1,1,1,,2026-07-28,2026-07-28
bbe-a1-jul-26--venda--perpetuo--hot_cbo_videos,120246641531020489,01_automatico_seguidores_ig_fb,120246641530990489,"ADS 9 V1 - WORKSHOP CHURRASCO",120246641576990489,2026-07-28,2.11,2,,4.44444444,46.88888889,1.055,45,15,9,9,3,2026-07-28,2026-07-28
bbe-a1-jul-26--venda--perpetuo--hot_cbo_videos,120246641531020489,00_automatico_ig030_fb030,120246641531090489,"ADS 1 - WORKSHOP CHURRASCO",120246641577180489,2026-07-28,0.25,,,,41.66666667,,6,,,,,2026-07-28,2026-07-28
bbe-a1-jul-26--venda--perpetuo--hot_cbo_vencedores,120246796479480489,01_automatico_ig180_fb180,120246796490900489,"ADS 5 V1 - WORKSHOP CHURRASCO",120246796503420489,2026-07-28,1.96,1,,1.4084507,27.6056338,1.96,71,17,7,9,3,2026-07-28,2026-07-28
bbe-a1-jul-26--venda--perpetuo--hot_cbo_estaticos,120246640738580489,01_automatico_ig180_fb180,120246640738570489,ad03-bbe-ppt-mai26--o-ponto-perfeito-da-carne,120246640809160489,2026-07-27,0.22,,,,22,,10,,,,,2026-07-27,2026-07-27
bbe-a1-jul-26--venda--perpetuo--hot_cbo_videos,120246641531020489,00_automatico_ig030_fb030,120246641531090489,"ADS 4 V2 - WORKSHOP CHURRASCO",120246641577320489,2026-07-27,0.17,,,,24.28571429,,7,3,,,,2026-07-27,2026-07-27
bbe-a1-jul-26--venda--perpetuo--hot_cbo_videos,120246641531020489,01_automatico_ig180_fb180,120246641531130489,"ADS 1 - WORKSHOP CHURRASCO",120246641577410489,2026-07-27,6.84,2,,0.99009901,33.86138614,3.42,202,43,24,25,9,2026-07-27,2026-07-27
bbe-a1-jul-26--venda--perpetuo--hot_cbo_videos,120246641531020489,00_automatico_ig030_fb030,120246641531090489,"ADS 5 V2 - WORKSHOP CHURRASCO",120246641577350489,2026-07-27,10.26,8,,3.68663594,47.28110599,1.2825,217,72,25,33,11,2026-07-27,2026-07-27
bbe-a1-jul-26--venda--perpetuo--hot_cbo_videos,120246641531020489,01_automatico_ig180_fb180,120246641531130489,"ADS 5 V2 - WORKSHOP CHURRASCO",120246641577510489,2026-07-27,6.74,3,,1.86335404,41.86335404,2.24666667,161,60,23,34,11,2026-07-27,2026-07-27
bbe-a1-jul-26--venda--perpetuo--hot_cbo_vencedores,120246796479480489,01_automatico_seguidores_ig_fb,120246796490920489,"ADS 3 V4 - WORKSHOP CHURRASCO",120246796503320489,2026-07-27,12.17,2,,0.64516129,39.25806452,6.085,310,60,16,28,15,2026-07-27,2026-07-27
bbe-a1-jul-26--venda--perpetuo--hot_cbo_videos,120246641531020489,01_automatico_seguidores_ig_fb,120246641530990489,"ADS 9 V2 - WORKSHOP CHURRASCO",120246641595730489,2026-07-27,0.13,,,,43.33333333,,3,2,,,,2026-07-27,2026-07-27
bbe-a1-jul-26--venda--perpetuo--hot_cbo_videos,120246641531020489,01_automatico_ig180_fb180,120246641531130489,"ADS 5 V1 - WORKSHOP CHURRASCO",120246641577570489,2026-07-27,26.81,18,,2.05714286,30.64,1.48944444,875,264,80,135,36,2026-07-27,2026-07-27
bbe-a1-jul-26--venda--perpetuo--hot_cbo_estaticos,120246640738580489,01_automatico_ig180_fb180,120246640738570489,ad02-bbe-ppt-mai26--o-maior-inimigo-do-churrasqueiro,120246640809120489,2026-07-27,1.63,,,,37.90697674,,43,,,,,2026-07-27,2026-07-27
bbe-a1-jul-26--venda--perpetuo--hot_cbo_videos,120246641531020489,01_automatico_seguidores_ig_fb,120246641530990489,"ADS 7 V1 - WORKSHOP CHURRASCO",120246641576960489,2026-07-27,0.27,,,,54,,5,1,,,,2026-07-27,2026-07-27
bbe-a1-jul-26--venda--perpetuo--hot_cbo_estaticos,120246640738580489,01_automatico_seguidores_ig_fb,120246640738460489,ad04-bbe-ppt-mai26--o-netão-te-ensina,120246640809060489,2026-07-27,21.32,17,,1.89520624,23.76811594,1.25411765,897,,,,,2026-07-27,2026-07-27
bbe-a1-jul-26--venda--perpetuo--hot_cbo_videos,120246641531020489,00_automatico_ig030_fb030,120246641531090489,"ADS 6 - WORKSHOP CHURRASCO",120246641577230489,2026-07-27,0.58,,,,34.11764706,,17,6,2,2,2,2026-07-27,2026-07-27
bbe-a1-jul-26--venda--perpetuo--hot_cbo_estaticos,120246640738580489,01_automatico_ig180_fb180,120246640738570489,ad07-bbe-ppt-mai26--sal-grosso-sozinho-não-salva,120246640809150489,2026-07-27,4.52,2,,1.5503876,35.03875969,2.26,129,,,,,2026-07-27,2026-07-27
bbe-a1-jul-26--venda--perpetuo--hot_cbo_estaticos,120246640738580489,01_automatico_seguidores_ig_fb,120246640738460489,ad01-bbe-ppt-mai26--acertar-o-ponto-da-carne,120246640809080489,2026-07-27,0.44,,,,62.85714286,,7,,,,,2026-07-27,2026-07-27
bbe-a1-jul-26--venda--perpetuo--hot_cbo_videos,120246641531020489,00_automatico_ig030_fb030,120246641531090489,"ADS 2 - WORKSHOP CHURRASCO",120246641577330489,2026-07-27,2.22,1,,1.81818182,40.36363636,2.22,55,13,6,7,5,2026-07-27,2026-07-27
bbe-a1-jul-26--venda--perpetuo--hot_cbo_videos,120246641531020489,01_automatico_seguidores_ig_fb,120246641530990489,"ADS 3 V4 - WORKSHOP CHURRASCO",120246641577080489,2026-07-27,1.13,,,,28.97435897,,39,7,2,3,2,2026-07-27,2026-07-27
bbe-a1-jul-26--venda--perpetuo--hot_cbo_estaticos,120246640738580489,01_automatico_ig180_fb180,120246640738570489,ad06-bbe-ppt-mai26--agora-é-sua-vez,120246640809130489,2026-07-27,12.18,3,,1.14942529,46.66666667,4.06,261,,,,,2026-07-27,2026-07-27
bbe-a1-jul-26--venda--perpetuo--hot_cbo_videos,120246641531020489,01_automatico_ig180_fb180,120246641531130489,"ADS 3 V3 - WORKSHOP CHURRASCO",120246641577540489,2026-07-27,0.33,,,,47.14285714,,7,2,2,2,2,2026-07-27,2026-07-27
bbe-a1-jul-26--venda--perpetuo--hot_cbo_estaticos,120246640738580489,00_automatico_ig030_fb030,120246640738730489,ad04-bbe-ppt-mai26--o-netão-te-ensina,120246640809560489,2026-07-27,55.28,26,,1.19430409,25.39274231,2.12615385,2177,,,,,2026-07-27,2026-07-27
bbe-a1-jul-26--venda--perpetuo--hot_cbo_vencedores,120246796479480489,01_automatico_seguidores_ig_fb,120246796490920489,"ADS 4 V2 - WORKSHOP CHURRASCO",120246796503260489,2026-07-27,27.1,9,,0.84190833,25.35079514,3.01111111,1069,155,31,105,36,2026-07-27,2026-07-27
bbe-a1-jul-26--venda--perpetuo--hot_cbo_videos,120246641531020489,01_automatico_ig180_fb180,120246641531130489,"ADS 9 V2 - WORKSHOP CHURRASCO",120246641595700489,2026-07-27,0.66,,,,66,,10,2,2,2,,2026-07-27,2026-07-27
bbe-a1-jul-26--venda--perpetuo--hot_cbo_videos,120246641531020489,00_automatico_ig030_fb030,120246641531090489,"ADS 5 V1 - WORKSHOP CHURRASCO",120246641577290489,2026-07-27,1.39,2,,3.77358491,26.22641509,0.695,53,17,3,5,3,2026-07-27,2026-07-27
bbe-a1-jul-26--venda--perpetuo--hot_cbo_videos,120246641531020489,01_automatico_seguidores_ig_fb,120246641530990489,"ADS 7 V4 - WORKSHOP CHURRASCO",120246641577000489,2026-07-27,0.27,,,,33.75,,8,1,,,,2026-07-27,2026-07-27
bbe-a1-jul-26--venda--perpetuo--hot_cbo_videos,120246641531020489,01_automatico_seguidores_ig_fb,120246641530990489,"ADS 3 V2 - WORKSHOP CHURRASCO",120246641577030489,2026-07-27,12.15,6,,1.71428571,34.71428571,2.025,350,73,13,35,11,2026-07-27,2026-07-27
bbe-a1-jul-26--venda--perpetuo--hot_cbo_videos,120246641531020489,00_automatico_ig030_fb030,120246641531090489,"ADS 3 V5 - WORKSHOP CHURRASCO",120246641577240489,2026-07-27,0.03,,,,7.5,,4,1,,,,2026-07-27,2026-07-27
bbe-a1-jul-26--venda--perpetuo--hot_cbo_videos,120246641531020489,01_automatico_seguidores_ig_fb,120246641530990489,"ADS 3 V3 - WORKSHOP CHURRASCO",120246641577120489,2026-07-27,2.03,,,,36.90909091,,55,13,3,7,,2026-07-27,2026-07-27
bbe-a1-jul-26--venda--perpetuo--hot_cbo_videos,120246641531020489,00_automatico_ig030_fb030,120246641531090489,"ADS 4 V1 - WORKSHOP CHURRASCO",120246641577270489,2026-07-27,0.03,,,,10,,3,,,,,2026-07-27,2026-07-27
bbe-a1-jul-26--venda--perpetuo--hot_cbo_estaticos,120246640738580489,01_automatico_seguidores_ig_fb,120246640738460489,ad02-bbe-ppt-mai26--o-maior-inimigo-do-churrasqueiro,120246640809020489,2026-07-27,0.06,,,,30,,2,,,,,2026-07-27,2026-07-27
bbe-a1-jul-26--venda--perpetuo--hot_cbo_vencedores,120246796479480489,01_automatico_seguidores_ig_fb,120246796490920489,"ADS 8 V1 - WORKSHOP CHURRASCO",120246796503300489,2026-07-27,9.79,,,,55.94285714,,175,47,16,16,8,2026-07-27,2026-07-27
bbe-a1-jul-26--venda--perpetuo--hot_cbo_videos,120246641531020489,00_automatico_ig030_fb030,120246641531090489,"ADS 3 V3 - WORKSHOP CHURRASCO",120246641577190489,2026-07-27,1.1,,,,32.35294118,,34,9,,4,1,2026-07-27,2026-07-27
bbe-a1-jul-26--venda--perpetuo--hot_cbo_vencedores,120246796479480489,01_automatico_ig180_fb180,120246796490900489,"ADS 8 V1 - WORKSHOP CHURRASCO",120246796503360489,2026-07-27,4.1,6,,8.69565217,59.42028986,0.68333333,69,18,11,11,5,2026-07-27,2026-07-27
bbe-a1-jul-26--venda--perpetuo--hot_cbo_videos,120246641531020489,01_automatico_seguidores_ig_fb,120246641530990489,"ADS 8 V1 - WORKSHOP CHURRASCO",120246641577150489,2026-07-27,0.31,,,,44.28571429,,7,1,,,,2026-07-27,2026-07-27
bbe-a1-jul-26--venda--perpetuo--hot_cbo_vencedores,120246796479480489,01_automatico_ig180_fb180,120246796490900489,"ADS 3 V4 - WORKSHOP CHURRASCO",120246796503370489,2026-07-27,0.19,,,,15.83333333,,12,3,,,,2026-07-27,2026-07-27
bbe-a1-jul-26--venda--perpetuo--hot_cbo_videos,120246641531020489,01_automatico_ig180_fb180,120246641531130489,"ADS 7 V2 - WORKSHOP CHURRASCO",120246641577420489,2026-07-27,0.12,,,,40,,3,1,1,1,,2026-07-27,2026-07-27
bbe-a1-jul-26--venda--perpetuo--hot_cbo_estaticos,120246640738580489,00_automatico_ig030_fb030,120246640738730489,ad05-bbe-ppt-mai26--estraga-no-preparo,120246640809550489,2026-07-27,2.5,1,,2.08333333,52.08333333,2.5,48,,,,,2026-07-27,2026-07-27
bbe-a1-jul-26--venda--perpetuo--hot_cbo_vencedores,120246796479480489,01_automatico_seguidores_ig_fb,120246796490920489,"ADS 3 V5 - WORKSHOP CHURRASCO",120246796503310489,2026-07-27,0.57,,,,24.7826087,,23,7,2,2,,2026-07-27,2026-07-27
bbe-a1-jul-26--venda--perpetuo--hot_cbo_estaticos,120246640738580489,01_automatico_seguidores_ig_fb,120246640738460489,ad07-bbe-ppt-mai26--sal-grosso-sozinho-não-salva,120246640809070489,2026-07-27,0.08,,,,40,,2,,,,,2026-07-27,2026-07-27
bbe-a1-jul-26--venda--perpetuo--hot_cbo_videos,120246641531020489,01_automatico_seguidores_ig_fb,120246641530990489,"ADS 5 V3 - WORKSHOP CHURRASCO",120246641577110489,2026-07-27,47.48,34,,2.11838006,29.58255452,1.39647059,1605,521,182,259,86,2026-07-27,2026-07-27
bbe-a1-jul-26--venda--perpetuo--hot_cbo_videos,120246641531020489,00_automatico_ig030_fb030,120246641531090489,"ADS 7 V4 - WORKSHOP CHURRASCO",120246641577300489,2026-07-27,0.3,,,,37.5,,8,1,,,,2026-07-27,2026-07-27
bbe-a1-jul-26--venda--perpetuo--hot_cbo_estaticos,120246640738580489,01_automatico_ig180_fb180,120246640738570489,ad01-bbe-ppt-mai26--acertar-o-ponto-da-carne,120246640809110489,2026-07-27,0.95,,,,50,,19,,,,,2026-07-27,2026-07-27
bbe-a1-jul-26--venda--perpetuo--hot_cbo_videos,120246641531020489,01_automatico_seguidores_ig_fb,120246641530990489,"ADS 8 V2 - WORKSHOP CHURRASCO",120246641577020489,2026-07-27,1.06,,,,55.78947368,,19,5,1,1,1,2026-07-27,2026-07-27
bbe-a1-jul-26--venda--perpetuo--hot_cbo_estaticos,120246640738580489,01_automatico_seguidores_ig_fb,120246640738460489,ad05-bbe-ppt-mai26--estraga-no-preparo,120246640809040489,2026-07-27,0.31,,,,18.23529412,,17,,,,,2026-07-27,2026-07-27
bbe-a1-jul-26--venda--perpetuo--hot_cbo_videos,120246641531020489,00_automatico_ig030_fb030,120246641531090489,"ADS 8 V2 - WORKSHOP CHURRASCO",120246641577220489,2026-07-27,3.41,1,,2.08333333,71.04166667,3.41,48,7,4,5,1,2026-07-27,2026-07-27
bbe-a1-jul-26--venda--perpetuo--hot_cbo_videos,120246641531020489,00_automatico_ig030_fb030,120246641531090489,"ADS 5 V3 - WORKSHOP CHURRASCO",120246641577170489,2026-07-27,0.39,,,,24.375,,16,7,1,1,1,2026-07-27,2026-07-27
bbe-a1-jul-26--venda--perpetuo--hot_cbo_videos,120246641531020489,01_automatico_seguidores_ig_fb,120246641530990489,"ADS 9 V3 - WORKSHOP CHURRASCO",120246641595720489,2026-07-27,0.01,,,,10,,1,,,,,2026-07-27,2026-07-27
bbe-a1-jul-26--venda--perpetuo--hot_cbo_videos,120246641531020489,01_automatico_seguidores_ig_fb,120246641530990489,"ADS 6 - WORKSHOP CHURRASCO",120246641577040489,2026-07-27,1.43,,,,119.16666667,,12,5,2,2,1,2026-07-27,2026-07-27
bbe-a1-jul-26--venda--perpetuo--hot_cbo_videos,120246641531020489,01_automatico_ig180_fb180,120246641531130489,"ADS 6 - WORKSHOP CHURRASCO",120246641577450489,2026-07-27,2.92,1,,1.11111111,32.44444444,2.92,90,27,11,11,8,2026-07-27,2026-07-27
bbe-a1-jul-26--venda--perpetuo--hot_cbo_vencedores,120246796479480489,01_automatico_ig180_fb180,120246796490900489,"ADS 3 V1 - WORKSHOP CHURRASCO",120246796503340489,2026-07-27,9.8,3,,1.19047619,38.88888889,3.26666667,252,60,16,33,14,2026-07-27,2026-07-27
bbe-a1-jul-26--venda--perpetuo--hot_cbo_vencedores,120246796479480489,01_automatico_ig180_fb180,120246796490900489,"ADS 5 V2 - WORKSHOP CHURRASCO",120246796503390489,2026-07-27,32.02,12,,1.11524164,29.75836431,2.66833333,1076,311,90,136,42,2026-07-27,2026-07-27
bbe-a1-jul-26--venda--perpetuo--hot_cbo_videos,120246641531020489,00_automatico_ig030_fb030,120246641531090489,"ADS 7 V1 - WORKSHOP CHURRASCO",120246641577160489,2026-07-27,0.02,,,,20,,1,,,,,2026-07-27,2026-07-27
bbe-a1-jul-26--venda--perpetuo--hot_cbo_videos,120246641531020489,01_automatico_seguidores_ig_fb,120246641530990489,"ADS 2 - WORKSHOP CHURRASCO",120246641577090489,2026-07-27,0.95,1,,3.57142857,33.92857143,0.95,28,5,2,3,2,2026-07-27,2026-07-27
bbe-a1-jul-26--venda--perpetuo--hot_cbo_vencedores,120246796479480489,01_automatico_ig180_fb180,120246796490900489,"ADS 5 V1 - WORKSHOP CHURRASCO",120246796503420489,2026-07-27,4.16,2,,1.32450331,27.54966887,2.08,151,48,15,28,5,2026-07-27,2026-07-27
bbe-a1-jul-26--venda--perpetuo--hot_cbo_videos,120246641531020489,01_automatico_ig180_fb180,120246641531130489,"ADS 9 V3 - WORKSHOP CHURRASCO",120246641595710489,2026-07-27,0.88,,,,55,,16,5,4,4,,2026-07-27,2026-07-27
bbe-a1-jul-26--venda--perpetuo--hot_cbo_videos,120246641531020489,01_automatico_seguidores_ig_fb,120246641530990489,"ADS 1 - WORKSHOP CHURRASCO",120246641576970489,2026-07-27,1.49,,,,36.34146341,,41,4,1,2,,2026-07-27,2026-07-27
bbe-a1-jul-26--venda--perpetuo--hot_cbo_vencedores,120246796479480489,01_automatico_ig180_fb180,120246796490900489,ad04-bbe-ppt-mai26--o-netão-te-ensina,120246796503350489,2026-07-27,0.22,,,,27.5,,8,,,,,2026-07-27,2026-07-27
bbe-a1-jul-26--venda--perpetuo--hot_cbo_videos,120246641531020489,01_automatico_seguidores_ig_fb,120246641530990489,"ADS 3 V1 - WORKSHOP CHURRASCO",120246641577140489,2026-07-27,1.45,,,,34.52380952,,42,7,2,2,,2026-07-27,2026-07-27
bbe-a1-jul-26--venda--perpetuo--hot_cbo_estaticos,120246640738580489,01_automatico_seguidores_ig_fb,120246640738460489,ad03-bbe-ppt-mai26--o-ponto-perfeito-da-carne,120246640809050489,2026-07-27,0.33,,,,110,,3,,,,,2026-07-27,2026-07-27
bbe-a1-jul-26--venda--perpetuo--hot_cbo_vencedores,120246796479480489,01_automatico_ig180_fb180,120246796490900489,"ADS 4 V2 - WORKSHOP CHURRASCO",120246796503410489,2026-07-27,2.01,1,,2.27272727,45.68181818,2.01,44,8,1,5,1,2026-07-27,2026-07-27
bbe-a1-jul-26--venda--perpetuo--hot_cbo_estaticos,120246640738580489,01_automatico_seguidores_ig_fb,120246640738460489,ad06-bbe-ppt-mai26--agora-é-sua-vez,120246640809030489,2026-07-27,1.24,,,,65.26315789,,19,,,,,2026-07-27,2026-07-27
bbe-a1-jul-26--venda--perpetuo--hot_cbo_videos,120246641531020489,01_automatico_ig180_fb180,120246641531130489,"ADS 8 V1 - WORKSHOP CHURRASCO",120246641577500489,2026-07-27,2.95,1,,1.58730159,46.82539683,2.95,63,25,11,12,4,2026-07-27,2026-07-27
bbe-a1-jul-26--venda--perpetuo--hot_cbo_videos,120246641531020489,01_automatico_ig180_fb180,120246641531130489,"ADS 5 V3 - WORKSHOP CHURRASCO",120246641577400489,2026-07-27,2.42,1,,1.88679245,45.66037736,2.42,53,19,6,9,3,2026-07-27,2026-07-27
bbe-a1-jul-26--venda--perpetuo--hot_cbo_estaticos,120246640738580489,00_automatico_ig030_fb030,120246640738730489,ad06-bbe-ppt-mai26--agora-é-sua-vez,120246640809520489,2026-07-27,0.81,,,,36.81818182,,22,,,,,2026-07-27,2026-07-27
bbe-a1-jul-26--venda--perpetuo--hot_cbo_videos,120246641531020489,01_automatico_seguidores_ig_fb,120246641530990489,"ADS 4 V1 - WORKSHOP CHURRASCO",120246641577010489,2026-07-27,0.51,,,,34,,15,2,1,2,2,2026-07-27,2026-07-27
bbe-a1-jul-26--venda--perpetuo--hot_cbo_videos,120246641531020489,01_automatico_ig180_fb180,120246641531130489,"ADS 4 V2 - WORKSHOP CHURRASCO",120246641577380489,2026-07-27,0.93,1,,1.69491525,15.76271186,0.93,59,9,2,3,2,2026-07-27,2026-07-27
bbe-a1-jul-26--venda--perpetuo--hot_cbo_vencedores,120246796479480489,01_automatico_ig180_fb180,120246796490900489,"ADS 3 V5 - WORKSHOP CHURRASCO",120246796503400489,2026-07-27,0.57,1,,5.26315789,30,0.57,19,7,3,5,3,2026-07-27,2026-07-27
bbe-a1-jul-26--venda--perpetuo--hot_cbo_estaticos,120246640738580489,00_automatico_ig030_fb030,120246640738730489,ad03-bbe-ppt-mai26--o-ponto-perfeito-da-carne,120246640809580489,2026-07-27,0.18,,,,180,,1,,,,,2026-07-27,2026-07-27
bbe-a1-jul-26--venda--perpetuo--hot_cbo_videos,120246641531020489,00_automatico_ig030_fb030,120246641531090489,"ADS 1 - WORKSHOP CHURRASCO",120246641577180489,2026-07-27,0.01,,,,10,,1,,,,,2026-07-27,2026-07-27
bbe-a1-jul-26--venda--perpetuo--hot_cbo_videos,120246641531020489,00_automatico_ig030_fb030,120246641531090489,"ADS 2 - WORKSHOP CHURRASCO",120246641577330489,2026-07-26,5.49,5,,3.22580645,35.41935484,1.098,155,36,7,17,5,2026-07-26,2026-07-26
bbe-a1-jul-26--venda--perpetuo--hot_cbo_vencedores,120246796479480489,01_automatico_seguidores_ig_fb,120246796490920489,"ADS 3 V4 - WORKSHOP CHURRASCO",120246796503320489,2026-07-26,8.12,6,1,2.67857143,36.25,1.35333333,224,53,13,24,9,2026-07-26,2026-07-26
bbe-a1-jul-26--venda--perpetuo--hot_cbo_videos,120246641531020489,00_automatico_ig030_fb030,120246641531090489,"ADS 9 V1 - WORKSHOP CHURRASCO",120246641577200489,2026-07-26,0.01,,,,10,,1,1,,,,2026-07-26,2026-07-26
bbe-a1-jul-26--venda--perpetuo--hot_cbo_videos,120246641531020489,00_automatico_ig030_fb030,120246641531090489,"ADS 4 V2 - WORKSHOP CHURRASCO",120246641577320489,2026-07-26,0.85,,,,28.33333333,,30,7,1,6,1,2026-07-26,2026-07-26
bbe-a1-jul-26--venda--perpetuo--hot_cbo_vencedores,120246796479480489,01_automatico_ig180_fb180,120246796490900489,ad07-bbe-ppt-mai26--sal-grosso-sozinho-não-salva,120246796503380489,2026-07-26,0.02,,,,20,,1,,,,,2026-07-26,2026-07-26
bbe-a1-jul-26--venda--perpetuo--hot_cbo_videos,120246641531020489,01_automatico_ig180_fb180,120246641531130489,"ADS 1 - WORKSHOP CHURRASCO",120246641577410489,2026-07-26,2.33,2,,4.25531915,49.57446809,1.165,47,11,6,6,3,2026-07-26,2026-07-26
bbe-a1-jul-26--venda--perpetuo--hot_cbo_videos,120246641531020489,00_automatico_ig030_fb030,120246641531090489,"ADS 5 V2 - WORKSHOP CHURRASCO",120246641577350489,2026-07-26,6.51,5,,2.7027027,35.18918919,1.302,185,55,23,28,10,2026-07-26,2026-07-26
bbe-a1-jul-26--venda--perpetuo--hot_cbo_videos,120246641531020489,01_automatico_ig180_fb180,120246641531130489,"ADS 5 V2 - WORKSHOP CHURRASCO",120246641577510489,2026-07-26,3.2,4,,3.25203252,26.01626016,0.8,123,34,13,19,4,2026-07-26,2026-07-26
bbe-a1-jul-26--venda--perpetuo--hot_cbo_estaticos,120246640738580489,01_automatico_ig180_fb180,120246640738570489,ad07-bbe-ppt-mai26--sal-grosso-sozinho-não-salva,120246640809150489,2026-07-26,16.67,5,,0.97276265,32.43190661,3.334,514,,,,,2026-07-26,2026-07-26
bbe-a1-jul-26--venda--perpetuo--hot_cbo_estaticos,120246640738580489,01_automatico_ig180_fb180,120246640738570489,ad03-bbe-ppt-mai26--o-ponto-perfeito-da-carne,120246640809160489,2026-07-26,0.01,,,,10,,1,,,,,2026-07-26,2026-07-26
bbe-a1-jul-26--venda--perpetuo--hot_cbo_videos,120246641531020489,01_automatico_ig180_fb180,120246641531130489,"ADS 5 V1 - WORKSHOP CHURRASCO",120246641577570489,2026-07-26,29.37,18,1,2.38410596,38.90066225,1.63166667,755,219,86,126,40,2026-07-26,2026-07-26
bbe-a1-jul-26--venda--perpetuo--hot_cbo_estaticos,120246640738580489,01_automatico_ig180_fb180,120246640738570489,ad02-bbe-ppt-mai26--o-maior-inimigo-do-churrasqueiro,120246640809120489,2026-07-26,2.53,,,,30.48192771,,83,,,,,2026-07-26,2026-07-26
bbe-a1-jul-26--venda--perpetuo--hot_cbo_videos,120246641531020489,01_automatico_seguidores_ig_fb,120246641530990489,"ADS 7 V1 - WORKSHOP CHURRASCO",120246641576960489,2026-07-26,0.88,1,,16.66666667,146.66666667,0.88,6,1,1,1,1,2026-07-26,2026-07-26
bbe-a1-jul-26--venda--perpetuo--hot_cbo_estaticos,120246640738580489,01_automatico_seguidores_ig_fb,120246640738460489,ad04-bbe-ppt-mai26--o-netão-te-ensina,120246640809060489,2026-07-26,56.06,31,,1.19506554,21.61141095,1.8083871,2594,,,,,2026-07-26,2026-07-26
bbe-a1-jul-26--venda--perpetuo--hot_cbo_videos,120246641531020489,00_automatico_ig030_fb030,120246641531090489,"ADS 6 - WORKSHOP CHURRASCO",120246641577230489,2026-07-26,2.97,2,,3.125,46.40625,1.485,64,19,10,10,8,2026-07-26,2026-07-26
bbe-a1-jul-26--venda--perpetuo--hot_cbo_videos,120246641531020489,01_automatico_ig180_fb180,120246641531130489,"ADS 3 V2 - WORKSHOP CHURRASCO",120246641577480489,2026-07-26,0.82,1,,3.7037037,30.37037037,0.82,27,4,,2,,2026-07-26,2026-07-26
bbe-a1-jul-26--venda--perpetuo--hot_cbo_vencedores,120246796479480489,01_automatico_ig180_fb180,120246796490900489,"ADS 8 V1 - WORKSHOP CHURRASCO",120246796503360489,2026-07-26,6,2,,1.75438596,52.63157895,3,114,37,10,11,8,2026-07-26,2026-07-26
bbe-a1-jul-26--venda--perpetuo--hot_cbo_videos,120246641531020489,01_automatico_seguidores_ig_fb,120246641530990489,"ADS 3 V3 - WORKSHOP CHURRASCO",120246641577120489,2026-07-26,1.8,1,,2.38095238,42.85714286,1.8,42,15,4,8,1,2026-07-26,2026-07-26
bbe-a1-jul-26--venda--perpetuo--hot_cbo_videos,120246641531020489,01_automatico_seguidores_ig_fb,120246641530990489,"ADS 7 V4 - WORKSHOP CHURRASCO",120246641577000489,2026-07-26,0.35,,,,35,,10,2,1,1,,2026-07-26,2026-07-26
bbe-a1-jul-26--venda--perpetuo--hot_cbo_videos,120246641531020489,00_automatico_ig030_fb030,120246641531090489,"ADS 3 V3 - WORKSHOP CHURRASCO",120246641577190489,2026-07-26,0.26,,,,65,,4,,,,,2026-07-26,2026-07-26
bbe-a1-jul-26--venda--perpetuo--hot_cbo_videos,120246641531020489,01_automatico_ig180_fb180,120246641531130489,"ADS 2 - WORKSHOP CHURRASCO",120246641577530489,2026-07-26,0.04,,,,13.33333333,,3,,,,,2026-07-26,2026-07-26
bbe-a1-jul-26--venda--perpetuo--hot_cbo_vencedores,120246796479480489,01_automatico_ig180_fb180,120246796490900489,"ADS 3 V4 - WORKSHOP CHURRASCO",120246796503370489,2026-07-26,0.81,,,,23.14285714,,35,13,5,8,2,2026-07-26,2026-07-26
bbe-a1-jul-26--venda--perpetuo--hot_cbo_vencedores,120246796479480489,01_automatico_seguidores_ig_fb,120246796490920489,"ADS 5 V1 - WORKSHOP CHURRASCO",120246796503240489,2026-07-26,0.21,,,,42,,5,1,,1,,2026-07-26,2026-07-26
bbe-a1-jul-26--venda--perpetuo--hot_cbo_vencedores,120246796479480489,01_automatico_seguidores_ig_fb,120246796490920489,"ADS 4 V2 - WORKSHOP CHURRASCO",120246796503260489,2026-07-26,11.73,5,1,1.36239782,31.96185286,2.346,367,53,11,34,12,2026-07-26,2026-07-26
bbe-a1-jul-26--venda--perpetuo--hot_cbo_vencedores,120246796479480489,01_automatico_seguidores_ig_fb,120246796490920489,"ADS 5 V2 - WORKSHOP CHURRASCO",120246796503250489,2026-07-26,1.04,,,,43.33333333,,24,5,1,2,1,2026-07-26,2026-07-26
bbe-a1-jul-26--venda--perpetuo--hot_cbo_estaticos,120246640738580489,01_automatico_ig180_fb180,120246640738570489,ad05-bbe-ppt-mai26--estraga-no-preparo,120246640809140489,2026-07-26,1.22,1,,2.94117647,35.88235294,1.22,34,,,,,2026-07-26,2026-07-26
bbe-a1-jul-26--venda--perpetuo--hot_cbo_videos,120246641531020489,01_automatico_ig180_fb180,120246641531130489,"ADS 9 V2 - WORKSHOP CHURRASCO",120246641595700489,2026-07-26,0.72,,,,55.38461538,,13,6,2,2,2,2026-07-26,2026-07-26
bbe-a1-jul-26--venda--perpetuo--hot_cbo_videos,120246641531020489,00_automatico_ig030_fb030,120246641531090489,"ADS 5 V1 - WORKSHOP CHURRASCO",120246641577290489,2026-07-26,5.81,2,,1.02040816,29.64285714,2.905,196,68,16,28,7,2026-07-26,2026-07-26
bbe-a1-jul-26--venda--perpetuo--hot_cbo_videos,120246641531020489,01_automatico_seguidores_ig_fb,120246641530990489,"ADS 3 V2 - WORKSHOP CHURRASCO",120246641577030489,2026-07-26,22.1,4,,0.77071291,42.58188825,5.525,519,116,25,52,18,2026-07-26,2026-07-26
bbe-a1-jul-26--venda--perpetuo--hot_cbo_videos,120246641531020489,01_automatico_seguidores_ig_fb,120246641530990489,"ADS 7 V2 - WORKSHOP CHURRASCO",120246641576980489,2026-07-26,1.68,,,,112,,15,4,2,2,2,2026-07-26,2026-07-26
bbe-a1-jul-26--venda--perpetuo--hot_cbo_videos,120246641531020489,01_automatico_ig180_fb180,120246641531130489,"ADS 3 V3 - WORKSHOP CHURRASCO",120246641577540489,2026-07-26,0.59,1,,7.69230769,45.38461538,0.59,13,4,2,2,1,2026-07-26,2026-07-26
bbe-a1-jul-26--venda--perpetuo--hot_cbo_videos,120246641531020489,01_automatico_seguidores_ig_fb,120246641530990489,"ADS 3 V4 - WORKSHOP CHURRASCO",120246641577080489,2026-07-26,6.66,3,1,2.18978102,48.61313869,2.22,137,23,6,12,5,2026-07-26,2026-07-26
bbe-a1-jul-26--venda--perpetuo--hot_cbo_videos,120246641531020489,01_automatico_ig180_fb180,120246641531130489,"ADS 3 V5 - WORKSHOP CHURRASCO",120246641577470489,2026-07-26,1.49,1,,1.78571429,26.60714286,1.49,56,13,2,6,2,2026-07-26,2026-07-26
bbe-a1-jul-26--venda--perpetuo--hot_cbo_vencedores,120246796479480489,01_automatico_seguidores_ig_fb,120246796490920489,"ADS 3 V1 - WORKSHOP CHURRASCO",120246796503290489,2026-07-26,0.14,,,,35,,4,1,,1,,2026-07-26,2026-07-26
bbe-a1-jul-26--venda--perpetuo--hot_cbo_videos,120246641531020489,00_automatico_ig030_fb030,120246641531090489,"ADS 4 V1 - WORKSHOP CHURRASCO",120246641577270489,2026-07-26,0.01,,,,10,,1,,,,,2026-07-26,2026-07-26
bbe-a1-jul-26--venda--perpetuo--hot_cbo_estaticos,120246640738580489,01_automatico_seguidores_ig_fb,120246640738460489,ad02-bbe-ppt-mai26--o-maior-inimigo-do-churrasqueiro,120246640809020489,2026-07-26,0.13,,,,18.57142857,,7,,,,,2026-07-26,2026-07-26
bbe-a1-jul-26--venda--perpetuo--hot_cbo_vencedores,120246796479480489,01_automatico_seguidores_ig_fb,120246796490920489,"ADS 8 V1 - WORKSHOP CHURRASCO",120246796503300489,2026-07-26,11.99,9,1,3.91304348,52.13043478,1.33222222,230,61,31,31,16,2026-07-26,2026-07-26
bbe-a1-jul-26--venda--perpetuo--hot_cbo_videos,120246641531020489,01_automatico_seguidores_ig_fb,120246641530990489,"ADS 9 V2 - WORKSHOP CHURRASCO",120246641595730489,2026-07-26,0.02,,,,10,,2,1,1,1,1,2026-07-26,2026-07-26
bbe-a1-jul-26--venda--perpetuo--hot_cbo_vencedores,120246796479480489,01_automatico_ig180_fb180,120246796490900489,"ADS 3 V1 - WORKSHOP CHURRASCO",120246796503340489,2026-07-26,11.06,11,,3.64238411,36.62251656,1.00545455,302,80,23,40,15,2026-07-26,2026-07-26
bbe-a1-jul-26--venda--perpetuo--hot_cbo_estaticos,120246640738580489,00_automatico_ig030_fb030,120246640738730489,ad04-bbe-ppt-mai26--o-netão-te-ensina,120246640809560489,2026-07-26,79.22,42,,1.18043845,22.26531759,1.88619048,3558,,,,,2026-07-26,2026-07-26
bbe-a1-jul-26--venda--perpetuo--hot_cbo_videos,120246641531020489,01_automatico_seguidores_ig_fb,120246641530990489,"ADS 9 V3 - WORKSHOP CHURRASCO",120246641595720489,2026-07-26,1.53,1,,3.22580645,49.35483871,1.53,31,6,2,2,2,2026-07-26,2026-07-26
bbe-a1-jul-26--venda--perpetuo--hot_cbo_vencedores,120246796479480489,01_automatico_ig180_fb180,120246796490900489,"ADS 5 V2 - WORKSHOP CHURRASCO",120246796503390489,2026-07-26,20.25,14,,2.61682243,37.85046729,1.44642857,535,165,53,80,26,2026-07-26,2026-07-26
bbe-a1-jul-26--venda--perpetuo--hot_cbo_estaticos,120246640738580489,00_automatico_ig030_fb030,120246640738730489,ad05-bbe-ppt-mai26--estraga-no-preparo,120246640809550489,2026-07-26,1.22,,,,48.8,,25,,,,,2026-07-26,2026-07-26
bbe-a1-jul-26--venda--perpetuo--hot_cbo_videos,120246641531020489,01_automatico_ig180_fb180,120246641531130489,"ADS 3 V4 - WORKSHOP CHURRASCO",120246641577520489,2026-07-26,0.08,,,,20,,4,1,,,,2026-07-26,2026-07-26
bbe-a1-jul-26--venda--perpetuo--hot_cbo_videos,120246641531020489,01_automatico_ig180_fb180,120246641531130489,"ADS 6 - WORKSHOP CHURRASCO",120246641577450489,2026-07-26,2.43,,,,56.51162791,,43,15,5,5,5,2026-07-26,2026-07-26
bbe-a1-jul-26--venda--perpetuo--hot_cbo_videos,120246641531020489,01_automatico_ig180_fb180,120246641531130489,"ADS 7 V3 - WORKSHOP CHURRASCO",120246641577560489,2026-07-26,0.02,,,,20,,1,,,,,2026-07-26,2026-07-26
bbe-a1-jul-26--venda--perpetuo--hot_cbo_videos,120246641531020489,01_automatico_seguidores_ig_fb,120246641530990489,"ADS 6 - WORKSHOP CHURRASCO",120246641577040489,2026-07-26,1.35,1,,2.85714286,38.57142857,1.35,35,13,8,8,4,2026-07-26,2026-07-26
bbe-a1-jul-26--venda--perpetuo--hot_cbo_videos,120246641531020489,01_automatico_ig180_fb180,120246641531130489,"ADS 9 V1 - WORKSHOP CHURRASCO",120246641577440489,2026-07-26,0.02,,,,10,,2,,,,,2026-07-26,2026-07-26
bbe-a1-jul-26--venda--perpetuo--hot_cbo_vencedores,120246796479480489,01_automatico_ig180_fb180,120246796490900489,"ADS 5 V1 - WORKSHOP CHURRASCO",120246796503420489,2026-07-26,13.21,9,,3.03030303,44.47811448,1.46777778,297,96,27,49,17,2026-07-26,2026-07-26
bbe-a1-jul-26--venda--perpetuo--hot_cbo_videos,120246641531020489,01_automatico_seguidores_ig_fb,120246641530990489,"ADS 2 - WORKSHOP CHURRASCO",120246641577090489,2026-07-26,0.2,,,,50,,4,1,,,,2026-07-26,2026-07-26
bbe-a1-jul-26--venda--perpetuo--hot_cbo_videos,120246641531020489,00_automatico_ig030_fb030,120246641531090489,"ADS 5 V3 - WORKSHOP CHURRASCO",120246641577170489,2026-07-26,0.22,2,,13.33333333,14.66666667,0.11,15,4,3,3,1,2026-07-26,2026-07-26
bbe-a1-jul-26--venda--perpetuo--hot_cbo_estaticos,120246640738580489,01_automatico_seguidores_ig_fb,120246640738460489,ad05-bbe-ppt-mai26--estraga-no-preparo,120246640809040489,2026-07-26,1.47,1,,3.125,45.9375,1.47,32,,,,,2026-07-26,2026-07-26
bbe-a1-jul-26--venda--perpetuo--hot_cbo_videos,120246641531020489,01_automatico_ig180_fb180,120246641531130489,"ADS 7 V2 - WORKSHOP CHURRASCO",120246641577420489,2026-07-26,0.5,,,,166.66666667,,3,1,1,1,,2026-07-26,2026-07-26
bbe-a1-jul-26--venda--perpetuo--hot_cbo_videos,120246641531020489,00_automatico_ig030_fb030,120246641531090489,"ADS 7 V4 - WORKSHOP CHURRASCO",120246641577300489,2026-07-26,0.01,,,,10,,1,1,1,1,,2026-07-26,2026-07-26
bbe-a1-jul-26--venda--perpetuo--hot_cbo_videos,120246641531020489,01_automatico_ig180_fb180,120246641531130489,"ADS 4 V1 - WORKSHOP CHURRASCO",120246641577430489,2026-07-26,0.48,,,,68.57142857,,7,,,,,2026-07-26,2026-07-26
bbe-a1-jul-26--venda--perpetuo--hot_cbo_videos,120246641531020489,01_automatico_seguidores_ig_fb,120246641530990489,"ADS 5 V3 - WORKSHOP CHURRASCO",120246641577110489,2026-07-26,10.91,6,,1.57068063,28.56020942,1.81833333,382,108,27,53,16,2026-07-26,2026-07-26
bbe-a1-jul-26--venda--perpetuo--hot_cbo_vencedores,120246796479480489,01_automatico_seguidores_ig_fb,120246796490920489,"ADS 3 V5 - WORKSHOP CHURRASCO",120246796503310489,2026-07-26,22.25,8,,1.38888889,38.62847222,2.78125,576,137,35,66,24,2026-07-26,2026-07-26
bbe-a1-jul-26--venda--perpetuo--hot_cbo_estaticos,120246640738580489,01_automatico_ig180_fb180,120246640738570489,ad01-bbe-ppt-mai26--acertar-o-ponto-da-carne,120246640809110489,2026-07-26,0.85,,,,18.47826087,,46,,,,,2026-07-26,2026-07-26
bbe-a1-jul-26--venda--perpetuo--hot_cbo_vencedores,120246796479480489,01_automatico_ig180_fb180,120246796490900489,ad04-bbe-ppt-mai26--o-netão-te-ensina,120246796503350489,2026-07-26,2.78,,,,40.88235294,,68,,,,,2026-07-26,2026-07-26
bbe-a1-jul-26--venda--perpetuo--hot_cbo_videos,120246641531020489,01_automatico_ig180_fb180,120246641531130489,"ADS 8 V1 - WORKSHOP CHURRASCO",120246641577500489,2026-07-26,4.53,1,,0.78740157,35.66929134,4.53,127,19,6,6,1,2026-07-26,2026-07-26
bbe-a1-jul-26--venda--perpetuo--hot_cbo_videos,120246641531020489,00_automatico_ig030_fb030,120246641531090489,"ADS 1 - WORKSHOP CHURRASCO",120246641577180489,2026-07-26,0.02,,,,20,,1,,,,,2026-07-26,2026-07-26
bbe-a1-jul-26--venda--perpetuo--hot_cbo_estaticos,120246640738580489,01_automatico_seguidores_ig_fb,120246640738460489,ad07-bbe-ppt-mai26--sal-grosso-sozinho-não-salva,120246640809070489,2026-07-26,1.31,,,,38.52941176,,34,,,,,2026-07-26,2026-07-26
bbe-a1-jul-26--venda--perpetuo--hot_cbo_vencedores,120246796479480489,01_automatico_seguidores_ig_fb,120246796490920489,ad04-bbe-ppt-mai26--o-netão-te-ensina,120246796503270489,2026-07-26,0.28,,,,20,,14,,,,,2026-07-26,2026-07-26
bbe-a1-jul-26--venda--perpetuo--hot_cbo_estaticos,120246640738580489,00_automatico_ig030_fb030,120246640738730489,ad01-bbe-ppt-mai26--acertar-o-ponto-da-carne,120246640809530489,2026-07-26,0.04,,,,40,,1,,,,,2026-07-26,2026-07-26
bbe-a1-jul-26--venda--perpetuo--hot_cbo_videos,120246641531020489,01_automatico_seguidores_ig_fb,120246641530990489,"ADS 1 - WORKSHOP CHURRASCO",120246641576970489,2026-07-26,7.17,2,,1.51515152,54.31818182,3.585,132,36,13,18,6,2026-07-26,2026-07-26
bbe-a1-jul-26--venda--perpetuo--hot_cbo_estaticos,120246640738580489,01_automatico_seguidores_ig_fb,120246640738460489,ad03-bbe-ppt-mai26--o-ponto-perfeito-da-carne,120246640809050489,2026-07-26,0.04,,,,20,,2,,,,,2026-07-26,2026-07-26
bbe-a1-jul-26--venda--perpetuo--hot_cbo_vencedores,120246796479480489,01_automatico_ig180_fb180,120246796490900489,"ADS 4 V2 - WORKSHOP CHURRASCO",120246796503410489,2026-07-26,1.5,1,,3.03030303,45.45454545,1.5,33,4,1,2,1,2026-07-26,2026-07-26
bbe-a1-jul-26--venda--perpetuo--hot_cbo_videos,120246641531020489,01_automatico_seguidores_ig_fb,120246641530990489,"ADS 7 V3 - WORKSHOP CHURRASCO",120246641577060489,2026-07-26,0.09,,,,15,,6,,,,,2026-07-26,2026-07-26
bbe-a1-jul-26--venda--perpetuo--hot_cbo_videos,120246641531020489,00_automatico_ig030_fb030,120246641531090489,"ADS 3 V2 - WORKSHOP CHURRASCO",120246641577280489,2026-07-26,1.12,,,,46.66666667,,24,3,1,3,,2026-07-26,2026-07-26
bbe-a1-jul-26--venda--perpetuo--hot_cbo_estaticos,120246640738580489,00_automatico_ig030_fb030,120246640738730489,ad03-bbe-ppt-mai26--o-ponto-perfeito-da-carne,120246640809580489,2026-07-26,0.33,,,,36.66666667,,9,,,,,2026-07-26,2026-07-26
bbe-a1-jul-26--venda--perpetuo--hot_cbo_videos,120246641531020489,01_automatico_ig180_fb180,120246641531130489,"ADS 5 V3 - WORKSHOP CHURRASCO",120246641577400489,2026-07-26,13.08,5,,1.34770889,35.25606469,2.616,371,109,41,64,23,2026-07-26,2026-07-26
bbe-a1-jul-26--venda--perpetuo--hot_cbo_estaticos,120246640738580489,00_automatico_ig030_fb030,120246640738730489,ad06-bbe-ppt-mai26--agora-é-sua-vez,120246640809520489,2026-07-26,3.19,1,,1.08695652,34.67391304,3.19,92,,,,,2026-07-26,2026-07-26
bbe-a1-jul-26--venda--perpetuo--hot_cbo_videos,120246641531020489,01_automatico_ig180_fb180,120246641531130489,"ADS 4 V2 - WORKSHOP CHURRASCO",120246641577380489,2026-07-26,0.76,,,,19,,40,6,2,2,3,2026-07-26,2026-07-26
bbe-a1-jul-26--venda--perpetuo--hot_cbo_videos,120246641531020489,00_automatico_ig030_fb030,120246641531090489,"ADS 7 V3 - WORKSHOP CHURRASCO",120246641577260489,2026-07-26,0.17,,,,170,,1,,,,,2026-07-26,2026-07-26
bbe-a1-jul-26--venda--perpetuo--hot_cbo_vencedores,120246796479480489,01_automatico_ig180_fb180,120246796490900489,"ADS 3 V5 - WORKSHOP CHURRASCO",120246796503400489,2026-07-26,2.13,1,,1.44927536,30.86956522,2.13,69,20,6,11,4,2026-07-26,2026-07-26
bbe-a1-jul-26--venda--perpetuo--hot_cbo_videos,120246641531020489,00_automatico_ig030_fb030,120246641531090489,"ADS 3 V1 - WORKSHOP CHURRASCO",120246641577250489,2026-07-26,0.2,,,,66.66666667,,3,1,,,,2026-07-26,2026-07-26
bbe-a1-jul-26--venda--perpetuo--hot_cbo_videos,120246641531020489,00_automatico_ig030_fb030,120246641531090489,"ADS 4 V2 - WORKSHOP CHURRASCO",120246641577320489,2026-07-25,1.18,,,,69.41176471,,17,3,2,3,2,2026-07-25,2026-07-25
bbe-a1-jul-26--venda--perpetuo--hot_cbo_vencedores,120246796479480489,01_automatico_ig180_fb180,120246796490900489,ad07-bbe-ppt-mai26--sal-grosso-sozinho-não-salva,120246796503380489,2026-07-25,1.43,2,,2.63157895,18.81578947,0.715,76,,,,,2026-07-25,2026-07-25
bbe-a1-jul-26--venda--perpetuo--hot_cbo_videos,120246641531020489,01_automatico_ig180_fb180,120246641531130489,"ADS 1 - WORKSHOP CHURRASCO",120246641577410489,2026-07-25,2,1,,2.22222222,44.44444444,2,45,13,8,8,2,2026-07-25,2026-07-25
bbe-a1-jul-26--venda--perpetuo--hot_cbo_videos,120246641531020489,00_automatico_ig030_fb030,120246641531090489,"ADS 9 V2 - WORKSHOP CHURRASCO",120246641595750489,2026-07-25,0.74,,,,61.66666667,,12,4,4,4,1,2026-07-25,2026-07-25
bbe-a1-jul-26--venda--perpetuo--hot_cbo_videos,120246641531020489,00_automatico_ig030_fb030,120246641531090489,"ADS 5 V2 - WORKSHOP CHURRASCO",120246641577350489,2026-07-25,6.14,6,,4.76190476,48.73015873,1.02333333,126,47,14,22,9,2026-07-25,2026-07-25
bbe-a1-jul-26--venda--perpetuo--hot_cbo_videos,120246641531020489,01_automatico_ig180_fb180,120246641531130489,"ADS 5 V2 - WORKSHOP CHURRASCO",120246641577510489,2026-07-25,1.55,1,,2.5,38.75,1.55,40,13,1,3,1,2026-07-25,2026-07-25
bbe-a1-jul-26--venda--perpetuo--hot_cbo_videos,120246641531020489,01_automatico_seguidores_ig_fb,120246641530990489,"ADS 7 V1 - WORKSHOP CHURRASCO",120246641576960489,2026-07-25,2.43,,,,63.94736842,,38,14,4,4,2,2026-07-25,2026-07-25
bbe-a1-jul-26--venda--perpetuo--hot_cbo_vencedores,120246796479480489,01_automatico_seguidores_ig_fb,120246796490920489,"ADS 3 V4 - WORKSHOP CHURRASCO",120246796503320489,2026-07-25,25.38,14,1,2.1021021,38.10810811,1.81285714,666,155,39,77,31,2026-07-25,2026-07-25
bbe-a1-jul-26--venda--perpetuo--hot_cbo_videos,120246641531020489,01_automatico_ig180_fb180,120246641531130489,"ADS 5 V1 - WORKSHOP CHURRASCO",120246641577570489,2026-07-25,20.62,10,,1.87617261,38.68667917,2.062,533,170,45,80,26,2026-07-25,2026-07-25
bbe-a1-jul-26--venda--perpetuo--hot_cbo_estaticos,120246640738580489,01_automatico_seguidores_ig_fb,120246640738460489,ad04-bbe-ppt-mai26--o-netão-te-ensina,120246640809060489,2026-07-25,97.67,54,,1.06362025,19.23773882,1.8087037,5077,,,,,2026-07-25,2026-07-25
bbe-a1-jul-26--venda--perpetuo--hot_cbo_videos,120246641531020489,01_automatico_ig180_fb180,120246641531130489,"ADS 7 V4 - WORKSHOP CHURRASCO",120246641577460489,2026-07-25,0.91,,,,65,,14,2,,,,2026-07-25,2026-07-25
bbe-a1-jul-26--venda--perpetuo--hot_cbo_estaticos,120246640738580489,01_automatico_ig180_fb180,120246640738570489,ad06-bbe-ppt-mai26--agora-é-sua-vez,120246640809130489,2026-07-25,0.44,1,,4.34782609,19.13043478,0.44,23,,,,,2026-07-25,2026-07-25
bbe-a1-jul-26--venda--perpetuo--hot_cbo_estaticos,120246640738580489,01_automatico_ig180_fb180,120246640738570489,ad07-bbe-ppt-mai26--sal-grosso-sozinho-não-salva,120246640809150489,2026-07-25,1.6,,,,19.51219512,,82,,,,,2026-07-25,2026-07-25
bbe-a1-jul-26--venda--perpetuo--hot_cbo_videos,120246641531020489,00_automatico_ig030_fb030,120246641531090489,"ADS 2 - WORKSHOP CHURRASCO",120246641577330489,2026-07-25,4.26,,,,53.92405063,,79,21,1,5,,2026-07-25,2026-07-25
bbe-a1-jul-26--venda--perpetuo--hot_cbo_videos,120246641531020489,01_automatico_seguidores_ig_fb,120246641530990489,"ADS 3 V2 - WORKSHOP CHURRASCO",120246641577030489,2026-07-25,50.94,21,,1.59939071,38.7966489,2.42571429,1313,293,76,169,51,2026-07-25,2026-07-25
bbe-a1-jul-26--venda--perpetuo--hot_cbo_videos,120246641531020489,01_automatico_seguidores_ig_fb,120246641530990489,"ADS 3 V3 - WORKSHOP CHURRASCO",120246641577120489,2026-07-25,3.18,3,,3.75,39.75,1.06,80,26,8,11,6,2026-07-25,2026-07-25
bbe-a1-jul-26--venda--perpetuo--hot_cbo_vencedores,120246796479480489,01_automatico_ig180_fb180,120246796490900489,"ADS 8 V1 - WORKSHOP CHURRASCO",120246796503360489,2026-07-25,4.43,1,,0.87719298,38.85964912,4.43,114,21,9,8,5,2026-07-25,2026-07-25
bbe-a1-jul-26--venda--perpetuo--hot_cbo_videos,120246641531020489,00_automatico_ig030_fb030,120246641531090489,"ADS 3 V3 - WORKSHOP CHURRASCO",120246641577190489,2026-07-25,0.81,,,,54,,15,1,,,,2026-07-25,2026-07-25
bbe-a1-jul-26--venda--perpetuo--hot_cbo_vencedores,120246796479480489,01_automatico_seguidores_ig_fb,120246796490920489,"ADS 8 V1 - WORKSHOP CHURRASCO",120246796503300489,2026-07-25,4.32,3,,2.5862069,37.24137931,1.44,116,38,18,18,9,2026-07-25,2026-07-25
bbe-a1-jul-26--venda--perpetuo--hot_cbo_estaticos,120246640738580489,01_automatico_seguidores_ig_fb,120246640738460489,ad02-bbe-ppt-mai26--o-maior-inimigo-do-churrasqueiro,120246640809020489,2026-07-25,0.14,,,,70,,2,,,,,2026-07-25,2026-07-25
bbe-a1-jul-26--venda--perpetuo--hot_cbo_vencedores,120246796479480489,01_automatico_seguidores_ig_fb,120246796490920489,"ADS 3 V1 - WORKSHOP CHURRASCO",120246796503290489,2026-07-25,7.41,6,,2.85714286,35.28571429,1.235,210,44,14,19,9,2026-07-25,2026-07-25
bbe-a1-jul-26--venda--perpetuo--hot_cbo_videos,120246641531020489,01_automatico_seguidores_ig_fb,120246641530990489,"ADS 3 V4 - WORKSHOP CHURRASCO",120246641577080489,2026-07-25,0.77,,,,33.47826087,,23,7,3,5,1,2026-07-25,2026-07-25
bbe-a1-jul-26--venda--perpetuo--hot_cbo_videos,120246641531020489,00_automatico_ig030_fb030,120246641531090489,"ADS 3 V5 - WORKSHOP CHURRASCO",120246641577240489,2026-07-25,0.43,1,,6.25,26.875,0.43,16,4,1,1,1,2026-07-25,2026-07-25
bbe-a1-jul-26--venda--perpetuo--hot_cbo_videos,120246641531020489,01_automatico_ig180_fb180,120246641531130489,"ADS 3 V3 - WORKSHOP CHURRASCO",120246641577540489,2026-07-25,0,,,,0,,1,,,,,2026-07-25,2026-07-25
bbe-a1-jul-26--venda--perpetuo--hot_cbo_videos,120246641531020489,00_automatico_ig030_fb030,120246641531090489,"ADS 5 V1 - WORKSHOP CHURRASCO",120246641577290489,2026-07-25,2.35,3,,3.94736842,30.92105263,0.78333333,76,20,9,13,6,2026-07-25,2026-07-25
bbe-a1-jul-26--venda--perpetuo--hot_cbo_videos,120246641531020489,01_automatico_ig180_fb180,120246641531130489,"ADS 9 V2 - WORKSHOP CHURRASCO",120246641595700489,2026-07-25,3.78,1,,1.20481928,45.54216867,3.78,83,23,13,13,7,2026-07-25,2026-07-25
bbe-a1-jul-26--venda--perpetuo--hot_cbo_vencedores,120246796479480489,01_automatico_seguidores_ig_fb,120246796490920489,"ADS 5 V2 - WORKSHOP CHURRASCO",120246796503250489,2026-07-25,3.61,2,,2.98507463,53.88059701,1.805,67,19,6,9,4,2026-07-25,2026-07-25
bbe-a1-jul-26--venda--perpetuo--hot_cbo_vencedores,120246796479480489,01_automatico_seguidores_ig_fb,120246796490920489,"ADS 4 V2 - WORKSHOP CHURRASCO",120246796503260489,2026-07-25,13.92,4,,0.89485459,31.1409396,3.48,447,73,7,45,9,2026-07-25,2026-07-25
bbe-a1-jul-26--venda--perpetuo--hot_cbo_videos,120246641531020489,01_automatico_seguidores_ig_fb,120246641530990489,"ADS 7 V4 - WORKSHOP CHURRASCO",120246641577000489,2026-07-25,0.12,,,,24,,5,1,1,1,,2026-07-25,2026-07-25
bbe-a1-jul-26--venda--perpetuo--hot_cbo_estaticos,120246640738580489,00_automatico_ig030_fb030,120246640738730489,ad04-bbe-ppt-mai26--o-netão-te-ensina,120246640809560489,2026-07-25,58.76,35,1,1.30597015,21.92537313,1.67885714,2680,,,,,2026-07-25,2026-07-25
bbe-a1-jul-26--venda--perpetuo--hot_cbo_vencedores,120246796479480489,01_automatico_ig180_fb180,120246796490900489,"ADS 3 V4 - WORKSHOP CHURRASCO",120246796503370489,2026-07-25,7.39,3,,1.20481928,29.67871486,2.46333333,249,50,16,26,11,2026-07-25,2026-07-25
bbe-a1-jul-26--venda--perpetuo--hot_cbo_vencedores,120246796479480489,01_automatico_seguidores_ig_fb,120246796490920489,"ADS 5 V1 - WORKSHOP CHURRASCO",120246796503240489,2026-07-25,0.59,,,,45.38461538,,13,5,1,2,,2026-07-25,2026-07-25
bbe-a1-jul-26--venda--perpetuo--hot_cbo_estaticos,120246640738580489,00_automatico_ig030_fb030,120246640738730489,ad05-bbe-ppt-mai26--estraga-no-preparo,120246640809550489,2026-07-25,2.68,1,,0.96153846,25.76923077,2.68,104,,,,,2026-07-25,2026-07-25
bbe-a1-jul-26--venda--perpetuo--hot_cbo_vencedores,120246796479480489,01_automatico_ig180_fb180,120246796490900489,"ADS 5 V2 - WORKSHOP CHURRASCO",120246796503390489,2026-07-25,20.22,12,,2.06185567,34.74226804,1.685,582,180,59,83,36,2026-07-25,2026-07-25
bbe-a1-jul-26--venda--perpetuo--hot_cbo_videos,120246641531020489,01_automatico_seguidores_ig_fb,120246641530990489,"ADS 5 V3 - WORKSHOP CHURRASCO",120246641577110489,2026-07-25,12.17,6,,1.73913043,35.27536232,2.02833333,345,97,39,54,18,2026-07-25,2026-07-25
bbe-a1-jul-26--venda--perpetuo--hot_cbo_videos,120246641531020489,00_automatico_ig030_fb030,120246641531090489,"ADS 7 V4 - WORKSHOP CHURRASCO",120246641577300489,2026-07-25,0.72,,,,36,,20,4,3,3,3,2026-07-25,2026-07-25
bbe-a1-jul-26--venda--perpetuo--hot_cbo_estaticos,120246640738580489,01_automatico_ig180_fb180,120246640738570489,ad01-bbe-ppt-mai26--acertar-o-ponto-da-carne,120246640809110489,2026-07-25,0.1,,,,50,,2,,,,,2026-07-25,2026-07-25
bbe-a1-jul-26--venda--perpetuo--hot_cbo_videos,120246641531020489,01_automatico_ig180_fb180,120246641531130489,"ADS 7 V1 - WORKSHOP CHURRASCO",120246641577390489,2026-07-25,0,,,,0,,1,,,,,2026-07-25,2026-07-25
bbe-a1-jul-26--venda--perpetuo--hot_cbo_videos,120246641531020489,01_automatico_seguidores_ig_fb,120246641530990489,"ADS 8 V2 - WORKSHOP CHURRASCO",120246641577020489,2026-07-25,0.14,,,,28,,5,1,,,,2026-07-25,2026-07-25
bbe-a1-jul-26--venda--perpetuo--hot_cbo_estaticos,120246640738580489,00_automatico_ig030_fb030,120246640738730489,ad02-bbe-ppt-mai26--o-maior-inimigo-do-churrasqueiro,120246640809570489,2026-07-25,0.08,,,,13.33333333,,6,,,,,2026-07-25,2026-07-25
bbe-a1-jul-26--venda--perpetuo--hot_cbo_estaticos,120246640738580489,01_automatico_seguidores_ig_fb,120246640738460489,ad05-bbe-ppt-mai26--estraga-no-preparo,120246640809040489,2026-07-25,1.9,,,,15.83333333,,120,,,,,2026-07-25,2026-07-25
bbe-a1-jul-26--venda--perpetuo--hot_cbo_vencedores,120246796479480489,01_automatico_seguidores_ig_fb,120246796490920489,ad07-bbe-ppt-mai26--sal-grosso-sozinho-não-salva,120246796503280489,2026-07-25,1.98,1,,1.11111111,22,1.98,90,,,,,2026-07-25,2026-07-25
bbe-a1-jul-26--venda--perpetuo--hot_cbo_videos,120246641531020489,00_automatico_ig030_fb030,120246641531090489,"ADS 5 V3 - WORKSHOP CHURRASCO",120246641577170489,2026-07-25,0.39,,,,32.5,,12,4,1,1,1,2026-07-25,2026-07-25
bbe-a1-jul-26--venda--perpetuo--hot_cbo_videos,120246641531020489,01_automatico_seguidores_ig_fb,120246641530990489,"ADS 2 - WORKSHOP CHURRASCO",120246641577090489,2026-07-25,0.35,1,,5.26315789,18.42105263,0.35,19,5,,3,,2026-07-25,2026-07-25
bbe-a1-jul-26--venda--perpetuo--hot_cbo_videos,120246641531020489,01_automatico_seguidores_ig_fb,120246641530990489,"ADS 6 - WORKSHOP CHURRASCO",120246641577040489,2026-07-25,0.86,1,,4.76190476,40.95238095,0.86,21,7,3,3,3,2026-07-25,2026-07-25
bbe-a1-jul-26--venda--perpetuo--hot_cbo_videos,120246641531020489,01_automatico_ig180_fb180,120246641531130489,"ADS 6 - WORKSHOP CHURRASCO",120246641577450489,2026-07-25,1.87,1,1,1.51515152,28.33333333,1.87,66,23,13,14,4,2026-07-25,2026-07-25
bbe-a1-jul-26--venda--perpetuo--hot_cbo_vencedores,120246796479480489,01_automatico_ig180_fb180,120246796490900489,"ADS 3 V1 - WORKSHOP CHURRASCO",120246796503340489,2026-07-25,17.48,9,,1.81818182,35.31313131,1.94222222,495,116,23,50,18,2026-07-25,2026-07-25
bbe-a1-jul-26--venda--perpetuo--hot_cbo_estaticos,120246640738580489,01_automatico_seguidores_ig_fb,120246640738460489,ad07-bbe-ppt-mai26--sal-grosso-sozinho-não-salva,120246640809070489,2026-07-25,2.47,,,,26,,95,,,,,2026-07-25,2026-07-25
bbe-a1-jul-26--venda--perpetuo--hot_cbo_videos,120246641531020489,00_automatico_ig030_fb030,120246641531090489,"ADS 7 V1 - WORKSHOP CHURRASCO",120246641577160489,2026-07-25,0.22,,,,110,,2,,,,,2026-07-25,2026-07-25
bbe-a1-jul-26--venda--perpetuo--hot_cbo_videos,120246641531020489,01_automatico_seguidores_ig_fb,120246641530990489,"ADS 4 V1 - WORKSHOP CHURRASCO",120246641577010489,2026-07-25,0.12,,,,40,,3,1,1,1,1,2026-07-25,2026-07-25
bbe-a1-jul-26--venda--perpetuo--hot_cbo_vencedores,120246796479480489,01_automatico_seguidores_ig_fb,120246796490920489,ad04-bbe-ppt-mai26--o-netão-te-ensina,120246796503270489,2026-07-25,0.73,1,,1.58730159,11.58730159,0.73,63,,,,,2026-07-25,2026-07-25
bbe-a1-jul-26--venda--perpetuo--hot_cbo_videos,120246641531020489,01_automatico_ig180_fb180,120246641531130489,"ADS 8 V2 - WORKSHOP CHURRASCO",120246641577550489,2026-07-25,0.81,,,,23.14285714,,35,6,2,2,,2026-07-25,2026-07-25
bbe-a1-jul-26--venda--perpetuo--hot_cbo_videos,120246641531020489,01_automatico_seguidores_ig_fb,120246641530990489,"ADS 3 V1 - WORKSHOP CHURRASCO",120246641577140489,2026-07-25,0.09,,,,22.5,,4,1,,1,,2026-07-25,2026-07-25
bbe-a1-jul-26--venda--perpetuo--hot_cbo_vencedores,120246796479480489,01_automatico_ig180_fb180,120246796490900489,"ADS 4 V2 - WORKSHOP CHURRASCO",120246796503410489,2026-07-25,1.49,1,,2.63157895,39.21052632,1.49,38,9,3,6,3,2026-07-25,2026-07-25
bbe-a1-jul-26--venda--perpetuo--hot_cbo_videos,120246641531020489,01_automatico_ig180_fb180,120246641531130489,"ADS 5 V3 - WORKSHOP CHURRASCO",120246641577400489,2026-07-25,4.59,3,,2.15827338,33.02158273,1.53,139,39,14,20,8,2026-07-25,2026-07-25
bbe-a1-jul-26--venda--perpetuo--hot_cbo_estaticos,120246640738580489,01_automatico_seguidores_ig_fb,120246640738460489,ad06-bbe-ppt-mai26--agora-é-sua-vez,120246640809030489,2026-07-25,0.36,,,,25.71428571,,14,,,,,2026-07-25,2026-07-25
bbe-a1-jul-26--venda--perpetuo--hot_cbo_videos,120246641531020489,01_automatico_ig180_fb180,120246641531130489,"ADS 4 V2 - WORKSHOP CHURRASCO",120246641577380489,2026-07-25,0.08,,,,26.66666667,,3,,,,,2026-07-25,2026-07-25
bbe-a1-jul-26--venda--perpetuo--hot_cbo_videos,120246641531020489,00_automatico_ig030_fb030,120246641531090489,"ADS 9 V3 - WORKSHOP CHURRASCO",120246641595740489,2026-07-25,0.04,,,,40,,1,,,,,2026-07-25,2026-07-25
bbe-a1-jul-26--venda--perpetuo--hot_cbo_vencedores,120246796479480489,01_automatico_ig180_fb180,120246796490900489,"ADS 3 V5 - WORKSHOP CHURRASCO",120246796503400489,2026-07-25,5.84,,,,35.82822086,,163,32,8,15,7,2026-07-25,2026-07-25
bbe-a1-jul-26--venda--perpetuo--hot_cbo_videos,120246641531020489,00_automatico_ig030_fb030,120246641531090489,"ADS 1 - WORKSHOP CHURRASCO",120246641577180489,2026-07-25,1.52,,,,33.04347826,,46,6,1,3,,2026-07-25,2026-07-25
bbe-a1-jul-26--venda--perpetuo--hot_cbo_vencedores,120246796479480489,01_automatico_ig180_fb180,120246796490900489,ad04-bbe-ppt-mai26--o-netão-te-ensina,120246796503350489,2026-07-25,3.33,4,,2.81690141,23.45070423,0.8325,142,,,,,2026-07-25,2026-07-25
bbe-a1-jul-26--venda--perpetuo--hot_cbo_vencedores,120246796479480489,01_automatico_ig180_fb180,120246796490900489,"ADS 5 V1 - WORKSHOP CHURRASCO",120246796503420489,2026-07-25,11.72,11,,2.66343826,28.37772397,1.06545455,413,128,43,69,22,2026-07-25,2026-07-25
bbe-a1-jul-26--venda--perpetuo--hot_cbo_vencedores,120246796479480489,01_automatico_seguidores_ig_fb,120246796490920489,"ADS 3 V5 - WORKSHOP CHURRASCO",120246796503310489,2026-07-25,8.01,3,,1.10701107,29.55719557,2.67,271,59,11,25,12,2026-07-25,2026-07-25
bbe-a1-jul-26--venda--perpetuo--hot_cbo_videos,120246641531020489,01_automatico_ig180_fb180,120246641531130489,"ADS 5 V1 - WORKSHOP CHURRASCO",120246641577570489,2026-07-24,26.84,22,,2.78128951,33.93173198,1.22,791,241,72,128,35,2026-07-24,2026-07-24
bbe-a1-jul-26--venda--perpetuo--hot_cbo_vencedores,120246796479480489,01_automatico_ig180_fb180,120246796490900489,ad07-bbe-ppt-mai26--sal-grosso-sozinho-não-salva,120246796503380489,2026-07-24,0.02,,,,5,,4,,,,,2026-07-24,2026-07-24
bbe-a1-jul-26--venda--perpetuo--hot_cbo_videos,120246641531020489,01_automatico_ig180_fb180,120246641531130489,"ADS 1 - WORKSHOP CHURRASCO",120246641577410489,2026-07-24,0.03,1,,50,15,0.03,2,1,,1,,2026-07-24,2026-07-24
bbe-a1-jul-26--venda--perpetuo--hot_cbo_videos,120246641531020489,01_automatico_ig180_fb180,120246641531130489,"ADS 5 V2 - WORKSHOP CHURRASCO",120246641577510489,2026-07-24,1.71,,,,45,,38,13,4,5,2,2026-07-24,2026-07-24
bbe-a1-jul-26--venda--perpetuo--hot_cbo_vencedores,120246796479480489,01_automatico_seguidores_ig_fb,120246796490920489,"ADS 3 V4 - WORKSHOP CHURRASCO",120246796503320489,2026-07-24,0.7,1,,3.84615385,26.92307692,0.7,26,7,3,5,5,2026-07-24,2026-07-24
bbe-a1-jul-26--venda--perpetuo--cold_cbo_videos,120246640857600489,01_automatico_lal1-tally-empresarios_interesses,120246640857760489,"ADS 5 V1 - WORKSHOP CHURRASCO",120246641286220489,2026-07-24,12.93,4,,1.49812734,48.42696629,3.2325,267,100,33,52,12,2026-07-24,2026-07-24
bbe-a1-jul-26--venda--perpetuo--hot_cbo_vencedores,120246796479480489,01_automatico_seguidores_ig_fb,120246796490920489,ad04-bbe-ppt-mai26--o-netão-te-ensina,120246796503270489,2026-07-24,4.12,4,,1.13314448,11.6713881,1.03,353,,,,,2026-07-24,2026-07-24
bbe-a1-jul-26--venda--perpetuo--hot_cbo_estaticos,120246640738580489,01_automatico_seguidores_ig_fb,120246640738460489,ad04-bbe-ppt-mai26--o-netão-te-ensina,120246640809060489,2026-07-24,10.99,6,,1.01522843,18.59560068,1.83166667,591,,,,,2026-07-24,2026-07-24
bbe-a1-jul-26--venda--perpetuo--hot_cbo_estaticos,120246640738580489,01_automatico_ig180_fb180,120246640738570489,ad07-bbe-ppt-mai26--sal-grosso-sozinho-não-salva,120246640809150489,2026-07-24,1.11,1,1,3.7037037,41.11111111,1.11,27,,,,,2026-07-24,2026-07-24
bbe-a1-jul-26--venda--perpetuo--hot_cbo_videos,120246641531020489,01_automatico_seguidores_ig_fb,120246641530990489,"ADS 9 V2 - WORKSHOP CHURRASCO",120246641595730489,2026-07-24,0.1,,,,25,,4,2,1,1,,2026-07-24,2026-07-24
bbe-a1-jul-26--venda--perpetuo--hot_cbo_vencedores,120246796479480489,01_automatico_ig180_fb180,120246796490900489,"ADS 3 V4 - WORKSHOP CHURRASCO",120246796503370489,2026-07-24,3.2,1,,0.90909091,29.09090909,3.2,110,22,3,6,2,2026-07-24,2026-07-24
bbe-a1-jul-26--venda--perpetuo--hot_cbo_estaticos,120246640738580489,00_automatico_ig030_fb030,120246640738730489,ad05-bbe-ppt-mai26--estraga-no-preparo,120246640809550489,2026-07-24,15.74,2,1,0.38461538,30.26923077,7.87,520,,,,,2026-07-24,2026-07-24
bbe-a1-jul-26--venda--perpetuo--hot_cbo_estaticos,120246640738580489,01_automatico_seguidores_ig_fb,120246640738460489,ad07-bbe-ppt-mai26--sal-grosso-sozinho-não-salva,120246640809070489,2026-07-24,12.89,4,,0.93676815,30.18735363,3.2225,427,,,,,2026-07-24,2026-07-24
bbe-a1-jul-26--venda--perpetuo--hot_cbo_videos,120246641531020489,00_automatico_ig030_fb030,120246641531090489,"ADS 2 - WORKSHOP CHURRASCO",120246641577330489,2026-07-24,10.43,5,,1.51057402,31.51057402,2.086,331,84,16,40,12,2026-07-24,2026-07-24
bbe-a1-jul-26--venda--perpetuo--hot_cbo_videos,120246641531020489,00_automatico_ig030_fb030,120246641531090489,"ADS 9 V1 - WORKSHOP CHURRASCO",120246641577200489,2026-07-24,0.2,,,,16.66666667,,12,3,1,1,,2026-07-24,2026-07-24
bbe-a1-jul-26--venda--perpetuo--hot_cbo_videos,120246641531020489,00_automatico_ig030_fb030,120246641531090489,"ADS 4 V1 - WORKSHOP CHURRASCO",120246641577270489,2026-07-24,0.11,,,,27.5,,4,1,1,1,1,2026-07-24,2026-07-24
bbe-a1-jul-26--venda--perpetuo--hot_cbo_videos,120246641531020489,01_automatico_seguidores_ig_fb,120246641530990489,"ADS 3 V3 - WORKSHOP CHURRASCO",120246641577120489,2026-07-24,0.62,,,,41.33333333,,15,5,1,4,2,2026-07-24,2026-07-24
bbe-a1-jul-26--venda--perpetuo--hot_cbo_videos,120246641531020489,01_automatico_seguidores_ig_fb,120246641530990489,"ADS 8 V1 - WORKSHOP CHURRASCO",120246641577150489,2026-07-24,0.06,,,,20,,3,,,,,2026-07-24,2026-07-24
bbe-a1-jul-26--venda--perpetuo--hot_cbo_vencedores,120246796479480489,01_automatico_ig180_fb180,120246796490900489,"ADS 8 V1 - WORKSHOP CHURRASCO",120246796503360489,2026-07-24,8.32,4,,1.40350877,29.19298246,2.08,285,69,21,23,13,2026-07-24,2026-07-24
bbe-a1-jul-26--venda--perpetuo--hot_cbo_videos,120246641531020489,00_automatico_ig030_fb030,120246641531090489,"ADS 3 V3 - WORKSHOP CHURRASCO",120246641577190489,2026-07-24,0.03,,,,15,,2,,,,,2026-07-24,2026-07-24
bbe-a1-jul-26--venda--perpetuo--hot_cbo_videos,120246641531020489,01_automatico_seguidores_ig_fb,120246641530990489,"ADS 7 V2 - WORKSHOP CHURRASCO",120246641576980489,2026-07-24,0.2,,,,100,,2,,,,,2026-07-24,2026-07-24
bbe-a1-jul-26--venda--perpetuo--hot_cbo_vencedores,120246796479480489,01_automatico_seguidores_ig_fb,120246796490920489,"ADS 8 V1 - WORKSHOP CHURRASCO",120246796503300489,2026-07-24,31.96,18,,2.67062315,47.41839763,1.77555556,674,185,79,81,50,2026-07-24,2026-07-24
bbe-a1-jul-26--venda--perpetuo--hot_cbo_estaticos,120246640738580489,01_automatico_seguidores_ig_fb,120246640738460489,ad02-bbe-ppt-mai26--o-maior-inimigo-do-churrasqueiro,120246640809020489,2026-07-24,6.4,,,,74.41860465,,86,,,,,2026-07-24,2026-07-24
bbe-a1-jul-26--venda--perpetuo--hot_cbo_vencedores,120246796479480489,01_automatico_seguidores_ig_fb,120246796490920489,"ADS 3 V1 - WORKSHOP CHURRASCO",120246796503290489,2026-07-24,1.74,1,,2.27272727,39.54545455,1.74,44,10,1,3,1,2026-07-24,2026-07-24
bbe-a1-jul-26--venda--perpetuo--hot_cbo_videos,120246641531020489,01_automatico_seguidores_ig_fb,120246641530990489,"ADS 3 V4 - WORKSHOP CHURRASCO",120246641577080489,2026-07-24,0.68,1,,10,68,0.68,10,2,,1,,2026-07-24,2026-07-24
bbe-a1-jul-26--venda--perpetuo--hot_cbo_videos,120246641531020489,01_automatico_seguidores_ig_fb,120246641530990489,"ADS 4 V2 - WORKSHOP CHURRASCO",120246641577100489,2026-07-24,10.77,4,1,2.16216216,58.21621622,2.6925,185,35,9,25,11,2026-07-24,2026-07-24
bbe-a1-jul-26--venda--perpetuo--hot_cbo_videos,120246641531020489,01_automatico_seguidores_ig_fb,120246641530990489,"ADS 3 V2 - WORKSHOP CHURRASCO",120246641577030489,2026-07-24,1.28,,,,60.95238095,,21,5,1,3,1,2026-07-24,2026-07-24
bbe-a1-jul-26--venda--perpetuo--hot_cbo_videos,120246641531020489,00_automatico_ig030_fb030,120246641531090489,"ADS 5 V1 - WORKSHOP CHURRASCO",120246641577290489,2026-07-24,0.71,,,,27.30769231,,26,3,2,2,,2026-07-24,2026-07-24
bbe-a1-jul-26--venda--perpetuo--hot_cbo_vencedores,120246796479480489,01_automatico_seguidores_ig_fb,120246796490920489,"ADS 5 V2 - WORKSHOP CHURRASCO",120246796503250489,2026-07-24,1.99,3,,3.22580645,21.39784946,0.66333333,93,38,14,21,7,2026-07-24,2026-07-24
bbe-a1-jul-26--venda--perpetuo--hot_cbo_vencedores,120246796479480489,01_automatico_seguidores_ig_fb,120246796490920489,"ADS 4 V2 - WORKSHOP CHURRASCO",120246796503260489,2026-07-24,1.52,,,,24.51612903,,62,14,,7,,2026-07-24,2026-07-24
bbe-a1-jul-26--venda--perpetuo--hot_cbo_estaticos,120246640738580489,00_automatico_ig030_fb030,120246640738730489,ad01-bbe-ppt-mai26--acertar-o-ponto-da-carne,120246640809530489,2026-07-24,0.88,,,,25.14285714,,35,,,,,2026-07-24,2026-07-24
bbe-a1-jul-26--venda--perpetuo--hot_cbo_vencedores,120246796479480489,01_automatico_seguidores_ig_fb,120246796490920489,"ADS 5 V1 - WORKSHOP CHURRASCO",120246796503240489,2026-07-24,1.89,1,,1.66666667,31.5,1.89,60,21,9,13,1,2026-07-24,2026-07-24
bbe-a1-jul-26--venda--perpetuo--hot_cbo_videos,120246641531020489,01_automatico_seguidores_ig_fb,120246641530990489,"ADS 7 V3 - WORKSHOP CHURRASCO",120246641577060489,2026-07-24,0.03,,,,30,,1,,,,,2026-07-24,2026-07-24
bbe-a1-jul-26--venda--perpetuo--hot_cbo_videos,120246641531020489,01_automatico_seguidores_ig_fb,120246641530990489,"ADS 3 V1 - WORKSHOP CHURRASCO",120246641577140489,2026-07-24,0.01,,,,5,,2,,,,,2026-07-24,2026-07-24
bbe-a1-jul-26--venda--perpetuo--hot_cbo_videos,120246641531020489,01_automatico_seguidores_ig_fb,120246641530990489,"ADS 3 V5 - WORKSHOP CHURRASCO",120246641577050489,2026-07-24,3.1,2,,4,62,1.55,50,11,2,5,2,2026-07-24,2026-07-24
bbe-a1-jul-26--venda--perpetuo--hot_cbo_vencedores,120246796479480489,01_automatico_ig180_fb180,120246796490900489,"ADS 4 V2 - WORKSHOP CHURRASCO",120246796503410489,2026-07-24,0.58,,,,38.66666667,,15,3,1,2,1,2026-07-24,2026-07-24
bbe-a1-jul-26--venda--perpetuo--hot_cbo_videos,120246641531020489,01_automatico_seguidores_ig_fb,120246641530990489,"ADS 5 V3 - WORKSHOP CHURRASCO",120246641577110489,2026-07-24,1.22,,,,28.37209302,,43,12,4,8,2,2026-07-24,2026-07-24
bbe-a1-jul-26--venda--perpetuo--cold_cbo_videos,120246640857600489,01_automatico_lal1-tally-empresarios_interesses,120246640857760489,"ADS 4 V1 - WORKSHOP CHURRASCO",120246641263910489,2026-07-24,0.03,,,,15,,2,,,,,2026-07-24,2026-07-24
bbe-a1-jul-26--venda--perpetuo--hot_cbo_videos,120246641531020489,00_automatico_ig030_fb030,120246641531090489,"ADS 7 V4 - WORKSHOP CHURRASCO",120246641577300489,2026-07-24,2.83,,,,58.95833333,,48,10,4,4,3,2026-07-24,2026-07-24
bbe-a1-jul-26--venda--perpetuo--hot_cbo_videos,120246641531020489,01_automatico_seguidores_ig_fb,120246641530990489,"ADS 8 V2 - WORKSHOP CHURRASCO",120246641577020489,2026-07-24,0.31,,,,25.83333333,,12,4,2,2,2,2026-07-24,2026-07-24
bbe-a1-jul-26--venda--perpetuo--hot_cbo_estaticos,120246640738580489,00_automatico_ig030_fb030,120246640738730489,ad02-bbe-ppt-mai26--o-maior-inimigo-do-churrasqueiro,120246640809570489,2026-07-24,0.03,,,,15,,2,,,,,2026-07-24,2026-07-24
bbe-a1-jul-26--venda--perpetuo--hot_cbo_videos,120246641531020489,00_automatico_ig030_fb030,120246641531090489,"ADS 5 V3 - WORKSHOP CHURRASCO",120246641577170489,2026-07-24,3.92,5,,6.75675676,52.97297297,0.784,74,34,14,20,7,2026-07-24,2026-07-24
bbe-a1-jul-26--venda--perpetuo--hot_cbo_videos,120246641531020489,01_automatico_seguidores_ig_fb,120246641530990489,"ADS 2 - WORKSHOP CHURRASCO",120246641577090489,2026-07-24,0.63,,,,57.27272727,,11,1,,,,2026-07-24,2026-07-24
bbe-a1-jul-26--venda--perpetuo--cold_cbo_videos,120246640857600489,01_automatico_lal1-tally-empresarios_interesses,120246640857760489,"ADS 6 - WORKSHOP CHURRASCO",120246641339440489,2026-07-24,1.25,,,,29.76190476,,42,13,4,4,4,2026-07-24,2026-07-24
bbe-a1-jul-26--venda--perpetuo--hot_cbo_videos,120246641531020489,01_automatico_seguidores_ig_fb,120246641530990489,"ADS 6 - WORKSHOP CHURRASCO",120246641577040489,2026-07-24,0.03,,,,30,,1,,,,,2026-07-24,2026-07-24
bbe-a1-jul-26--venda--perpetuo--hot_cbo_videos,120246641531020489,01_automatico_ig180_fb180,120246641531130489,"ADS 6 - WORKSHOP CHURRASCO",120246641577450489,2026-07-24,1.16,,,,232,,5,,,,,2026-07-24,2026-07-24
bbe-a1-jul-26--venda--perpetuo--cold_cbo_videos,120246640857600489,01_automatico_lal1-tally-empresarios_interesses,120246640857760489,"ADS 3 V1 - WORKSHOP CHURRASCO",120246641158690489,2026-07-24,0.74,1,,5,37,0.74,20,5,1,2,1,2026-07-24,2026-07-24
bbe-a1-jul-26--venda--perpetuo--hot_cbo_vencedores,120246796479480489,01_automatico_ig180_fb180,120246796490900489,"ADS 3 V1 - WORKSHOP CHURRASCO",120246796503340489,2026-07-24,1.96,1,,2.85714286,56,1.96,35,14,4,5,1,2026-07-24,2026-07-24
bbe-a1-jul-26--venda--perpetuo--hot_cbo_vencedores,120246796479480489,01_automatico_ig180_fb180,120246796490900489,"ADS 5 V2 - WORKSHOP CHURRASCO",120246796503390489,2026-07-24,4.68,5,,3.5971223,33.66906475,0.936,139,53,14,24,5,2026-07-24,2026-07-24
bbe-a1-jul-26--venda--perpetuo--hot_cbo_videos,120246641531020489,01_automatico_ig180_fb180,120246641531130489,"ADS 9 V1 - WORKSHOP CHURRASCO",120246641577440489,2026-07-24,1.38,,,,46,,30,9,6,6,4,2026-07-24,2026-07-24
bbe-a1-jul-26--venda--perpetuo--hot_cbo_vencedores,120246796479480489,01_automatico_seguidores_ig_fb,120246796490920489,"ADS 3 V5 - WORKSHOP CHURRASCO",120246796503310489,2026-07-24,0.28,3,,60,56,0.09333333,5,2,2,2,2,2026-07-24,2026-07-24
bbe-a1-jul-26--venda--perpetuo--hot_cbo_videos,120246641531020489,01_automatico_ig180_fb180,120246641531130489,"ADS 5 V3 - WORKSHOP CHURRASCO",120246641577400489,2026-07-24,4.59,3,,2.2556391,34.5112782,1.53,133,41,11,25,5,2026-07-24,2026-07-24
bbe-a1-jul-26--venda--perpetuo--hot_cbo_estaticos,120246640738580489,01_automatico_ig180_fb180,120246640738570489,ad04-bbe-ppt-mai26--o-netão-te-ensina,120246640809170489,2026-07-24,50.92,32,,1.5037594,23.92857143,1.59125,2128,,,,,2026-07-24,2026-07-24
bbe-a1-jul-26--venda--perpetuo--hot_cbo_vencedores,120246796479480489,01_automatico_ig180_fb180,120246796490900489,"ADS 5 V1 - WORKSHOP CHURRASCO",120246796503420489,2026-07-24,0.44,1,,5.88235294,25.88235294,0.44,17,5,2,3,1,2026-07-24,2026-07-24
bbe-a1-jul-26--venda--perpetuo--hot_cbo_estaticos,120246640738580489,01_automatico_seguidores_ig_fb,120246640738460489,ad06-bbe-ppt-mai26--agora-é-sua-vez,120246640809030489,2026-07-24,0.56,1,,5.26315789,29.47368421,0.56,19,,,,,2026-07-24,2026-07-24
bbe-a1-jul-26--venda--perpetuo--hot_cbo_videos,120246641531020489,00_automatico_ig030_fb030,120246641531090489,"ADS 3 V2 - WORKSHOP CHURRASCO",120246641577280489,2026-07-24,0.92,,,,27.05882353,,34,4,1,3,1,2026-07-24,2026-07-24
bbe-a1-jul-26--venda--perpetuo--hot_cbo_videos,120246641531020489,01_automatico_ig180_fb180,120246641531130489,"ADS 9 V3 - WORKSHOP CHURRASCO",120246641595710489,2026-07-24,0.01,,,,10,,1,,,,,2026-07-24,2026-07-24
bbe-a1-jul-26--venda--perpetuo--hot_cbo_videos,120246641531020489,00_automatico_ig030_fb030,120246641531090489,"ADS 8 V1 - WORKSHOP CHURRASCO",120246641577340489,2026-07-24,1.36,,1,,41.21212121,,33,11,5,6,2,2026-07-24,2026-07-24
bbe-a1-jul-26--venda--perpetuo--hot_cbo_videos,120246641531020489,00_automatico_ig030_fb030,120246641531090489,"ADS 3 V1 - WORKSHOP CHURRASCO",120246641577250489,2026-07-24,0.64,,,,49.23076923,,13,5,1,3,1,2026-07-24,2026-07-24
bbe-a1-jul-26--venda--perpetuo--hot_cbo_estaticos,120246640738580489,00_automatico_ig030_fb030,120246640738730489,ad06-bbe-ppt-mai26--agora-é-sua-vez,120246640809520489,2026-07-24,0.18,,,,36,,5,,,,,2026-07-24,2026-07-24
bbe-a1-jul-26--venda--perpetuo--cold_cbo_videos,120246640857600489,01_automatico_lal1-tally-empresarios_interesses,120246640857760489,"ADS 4 V2 - WORKSHOP CHURRASCO",120246641278710489,2026-07-24,1.97,1,,1.63934426,32.29508197,1.97,61,11,1,9,1,2026-07-24,2026-07-24
bbe-a1-jul-26--venda--perpetuo--hot_cbo_videos,120246641531020489,01_automatico_seguidores_ig_fb,120246641530990489,"ADS 5 V2 - WORKSHOP CHURRASCO",120246641577070489,2026-07-24,2.47,3,,4.10958904,33.83561644,0.82333333,73,25,12,15,3,2026-07-24,2026-07-24
bbe-a1-jul-26--venda--perpetuo--hot_cbo_videos,120246641531020489,01_automatico_ig180_fb180,120246641531130489,"ADS 4 V2 - WORKSHOP CHURRASCO",120246641577380489,2026-07-24,2.12,2,,4.16666667,44.16666667,1.06,48,13,2,11,4,2026-07-24,2026-07-24
bbe-a1-jul-26--venda--perpetuo--hot_cbo_vencedores,120246796479480489,01_automatico_ig180_fb180,120246796490900489,"ADS 3 V5 - WORKSHOP CHURRASCO",120246796503400489,2026-07-24,3.71,5,,3.7037037,27.48148148,0.742,135,29,8,13,5,2026-07-24,2026-07-24
bbe-a1-jul-26--venda--perpetuo--hot_cbo_estaticos,120246640738580489,00_automatico_ig030_fb030,120246640738730489,ad03-bbe-ppt-mai26--o-ponto-perfeito-da-carne,120246640809580489,2026-07-24,4.03,1,,0.8,32.24,4.03,125,,,,,2026-07-24,2026-07-24
bbe-a1-jul-26--venda--perpetuo--hot_cbo_vencedores,120246796479480489,01_automatico_ig180_fb180,120246796490900489,ad04-bbe-ppt-mai26--o-netão-te-ensina,120246796503350489,2026-07-24,2.75,1,,0.39840637,10.9561753,2.75,251,,,,,2026-07-24,2026-07-24
bbe-a1-jul-26--venda--perpetuo--hot_cbo_videos,120246641531020489,01_automatico_ig180_fb180,120246641531130489,"ADS 5 V2 - WORKSHOP CHURRASCO",120246641577510489,2026-07-23,1.45,1,,2.17391304,31.52173913,1.45,46,19,9,12,6,2026-07-23,2026-07-23
bbe-a1-jul-26--venda--perpetuo--cold_cbo_videos,120246640857600489,01_automatico_lal1-tally-empresarios_interesses,120246640857760489,"ADS 5 V2 - WORKSHOP CHURRASCO",120246641325590489,2026-07-23,2.23,,,,85.76923077,,26,9,1,3,,2026-07-23,2026-07-23
bbe-a1-jul-26--venda--perpetuo--hot_cbo_estaticos,120246640738580489,01_automatico_seguidores_ig_fb,120246640738460489,ad01-bbe-ppt-mai26--acertar-o-ponto-da-carne,120246640809080489,2026-07-23,0.52,,,,30.58823529,,17,,,,,2026-07-23,2026-07-23
bbe-a1-jul-26--venda--perpetuo--cold_cbo_estaticos,120246640510780489,00_automatico_lal1-ig030,120246640510530489,ad02-bbe-ppt-mai26--o-maior-inimigo-do-churrasqueiro,120246640549720489,2026-07-23,0.72,,,,22.5,,32,,,,,2026-07-23,2026-07-23
bbe-a1-jul-26--venda--perpetuo--hot_cbo_videos,120246641531020489,00_automatico_ig030_fb030,120246641531090489,"ADS 4 V2 - WORKSHOP CHURRASCO",120246641577320489,2026-07-23,2.04,4,,6.77966102,34.57627119,0.51,59,16,5,9,6,2026-07-23,2026-07-23
bbe-a1-jul-26--venda--perpetuo--hot_cbo_videos,120246641531020489,00_automatico_ig030_fb030,120246641531090489,"ADS 9 V2 - WORKSHOP CHURRASCO",120246641595750489,2026-07-23,0.99,,,,82.5,,12,3,2,2,2,2026-07-23,2026-07-23
bbe-a1-jul-26--venda--perpetuo--hot_cbo_videos,120246641531020489,00_automatico_ig030_fb030,120246641531090489,"ADS 5 V2 - WORKSHOP CHURRASCO",120246641577350489,2026-07-23,0.74,1,,3.57142857,26.42857143,0.74,28,9,1,2,1,2026-07-23,2026-07-23
bbe-a1-jul-26--venda--perpetuo--hot_cbo_estaticos,120246640738580489,01_automatico_ig180_fb180,120246640738570489,ad07-bbe-ppt-mai26--sal-grosso-sozinho-não-salva,120246640809150489,2026-07-23,0.29,,,,19.33333333,,15,,,,,2026-07-23,2026-07-23
bbe-a1-jul-26--venda--perpetuo--cold_cbo_videos,120246640857600489,01_automatico_lal1-tally-empresarios_interesses,120246640857760489,"ADS 5 V1 - WORKSHOP CHURRASCO",120246641286220489,2026-07-23,38.7,12,,1.64383562,53.01369863,3.225,730,240,69,105,32,2026-07-23,2026-07-23
bbe-a1-jul-26--venda--perpetuo--hot_cbo_videos,120246641531020489,01_automatico_ig180_fb180,120246641531130489,"ADS 5 V1 - WORKSHOP CHURRASCO",120246641577570489,2026-07-23,14.52,9,,4.22535211,68.16901408,1.61333333,213,74,26,44,15,2026-07-23,2026-07-23
bbe-a1-jul-26--venda--perpetuo--hot_cbo_estaticos,120246640738580489,01_automatico_ig180_fb180,120246640738570489,ad02-bbe-ppt-mai26--o-maior-inimigo-do-churrasqueiro,120246640809120489,2026-07-23,0.09,,,,18,,5,,,,,2026-07-23,2026-07-23
bbe-a1-jul-26--venda--perpetuo--hot_cbo_estaticos,120246640738580489,01_automatico_seguidores_ig_fb,120246640738460489,ad04-bbe-ppt-mai26--o-netão-te-ensina,120246640809060489,2026-07-23,4.7,3,,1.59574468,25,1.56666667,188,,,,,2026-07-23,2026-07-23
bbe-a1-jul-26--venda--perpetuo--hot_cbo_videos,120246641531020489,00_automatico_ig030_fb030,120246641531090489,"ADS 6 - WORKSHOP CHURRASCO",120246641577230489,2026-07-23,0.23,,,,38.33333333,,6,3,2,2,2,2026-07-23,2026-07-23
bbe-a1-jul-26--venda--perpetuo--hot_cbo_videos,120246641531020489,01_automatico_ig180_fb180,120246641531130489,"ADS 7 V4 - WORKSHOP CHURRASCO",120246641577460489,2026-07-23,0.17,,,,34,,5,2,,,,2026-07-23,2026-07-23
bbe-a1-jul-26--venda--perpetuo--hot_cbo_estaticos,120246640738580489,01_automatico_ig180_fb180,120246640738570489,ad06-bbe-ppt-mai26--agora-é-sua-vez,120246640809130489,2026-07-23,0.02,,,,10,,2,,,,,2026-07-23,2026-07-23
bbe-a1-jul-26--venda--perpetuo--cold_cbo_estaticos,120246640510780489,01_automatico_lal1-tally-empresarios_interesses,120246640510490489,ad03-bbe-ppt-mai26--o-ponto-perfeito-da-carne,120246640649090489,2026-07-23,0.1,,,,20,,5,,,,,2026-07-23,2026-07-23
bbe-a1-jul-26--venda--perpetuo--hot_cbo_videos,120246641531020489,01_automatico_seguidores_ig_fb,120246641530990489,"ADS 7 V4 - WORKSHOP CHURRASCO",120246641577000489,2026-07-23,0.04,,,,40,,1,,,,,2026-07-23,2026-07-23
bbe-a1-jul-26--venda--perpetuo--hot_cbo_videos,120246641531020489,01_automatico_seguidores_ig_fb,120246641530990489,"ADS 3 V3 - WORKSHOP CHURRASCO",120246641577120489,2026-07-23,3.15,2,,6.66666667,105,1.575,30,8,3,3,4,2026-07-23,2026-07-23
bbe-a1-jul-26--venda--perpetuo--hot_cbo_videos,120246641531020489,01_automatico_ig180_fb180,120246641531130489,"ADS 2 - WORKSHOP CHURRASCO",120246641577530489,2026-07-23,0.04,,,,40,,1,,,,,2026-07-23,2026-07-23
bbe-a1-jul-26--venda--perpetuo--hot_cbo_estaticos,120246640738580489,00_automatico_ig030_fb030,120246640738730489,ad05-bbe-ppt-mai26--estraga-no-preparo,120246640809550489,2026-07-23,11.65,6,,1.71428571,33.28571429,1.94166667,350,,,,,2026-07-23,2026-07-23
bbe-a1-jul-26--venda--perpetuo--hot_cbo_videos,120246641531020489,01_automatico_seguidores_ig_fb,120246641530990489,"ADS 5 V1 - WORKSHOP CHURRASCO",120246641577130489,2026-07-23,2,,,,68.96551724,,29,11,4,7,2,2026-07-23,2026-07-23
bbe-a1-jul-26--venda--perpetuo--hot_cbo_estaticos,120246640738580489,01_automatico_ig180_fb180,120246640738570489,ad05-bbe-ppt-mai26--estraga-no-preparo,120246640809140489,2026-07-23,0.23,,,,38.33333333,,6,,,,,2026-07-23,2026-07-23
bbe-a1-jul-26--venda--perpetuo--cold_cbo_estaticos,120246640510780489,00_automatico_lal1-ig030,120246640510530489,ad05-bbe-ppt-mai26--estraga-no-preparo,120246640619460489,2026-07-23,0.15,,,,25,,6,,,,,2026-07-23,2026-07-23
bbe-a1-jul-26--venda--perpetuo--cold_cbo_videos,120246640857600489,01_automatico_lal1-tally-empresarios_interesses,120246640857760489,"ADS 2 - WORKSHOP CHURRASCO",120246641131020489,2026-07-23,0.01,,,,10,,1,,,,,2026-07-23,2026-07-23
bbe-a1-jul-26--venda--perpetuo--hot_cbo_videos,120246641531020489,00_automatico_ig030_fb030,120246641531090489,"ADS 5 V1 - WORKSHOP CHURRASCO",120246641577290489,2026-07-23,3.93,2,,1.9047619,37.42857143,1.965,105,36,10,20,5,2026-07-23,2026-07-23
bbe-a1-jul-26--venda--perpetuo--hot_cbo_videos,120246641531020489,01_automatico_seguidores_ig_fb,120246641530990489,"ADS 3 V2 - WORKSHOP CHURRASCO",120246641577030489,2026-07-23,1.62,2,,6.25,50.625,0.81,32,7,2,4,2,2026-07-23,2026-07-23
bbe-a1-jul-26--venda--perpetuo--hot_cbo_videos,120246641531020489,00_automatico_ig030_fb030,120246641531090489,"ADS 3 V3 - WORKSHOP CHURRASCO",120246641577190489,2026-07-23,2.54,3,,4.76190476,40.31746032,0.84666667,63,14,3,6,3,2026-07-23,2026-07-23
bbe-a1-jul-26--venda--perpetuo--hot_cbo_videos,120246641531020489,01_automatico_ig180_fb180,120246641531130489,"ADS 3 V3 - WORKSHOP CHURRASCO",120246641577540489,2026-07-23,1.48,,,,40,,37,3,,3,2,2026-07-23,2026-07-23
bbe-a1-jul-26--venda--perpetuo--cold_cbo_estaticos,120246640510780489,01_automatico_lal1-tally-empresarios_interesses,120246640510490489,ad07-bbe-ppt-mai26--sal-grosso-sozinho-não-salva,120246640649050489,2026-07-23,0.02,,,,20,,1,,,,,2026-07-23,2026-07-23
bbe-a1-jul-26--venda--perpetuo--hot_cbo_videos,120246641531020489,01_automatico_seguidores_ig_fb,120246641530990489,"ADS 4 V2 - WORKSHOP CHURRASCO",120246641577100489,2026-07-23,29.7,13,,1.79063361,40.90909091,2.28461538,726,144,44,99,49,2026-07-23,2026-07-23
bbe-a1-jul-26--venda--perpetuo--hot_cbo_videos,120246641531020489,01_automatico_seguidores_ig_fb,120246641530990489,"ADS 3 V4 - WORKSHOP CHURRASCO",120246641577080489,2026-07-23,0.03,,,,15,,2,,,,,2026-07-23,2026-07-23
bbe-a1-jul-26--venda--perpetuo--hot_cbo_videos,120246641531020489,01_automatico_ig180_fb180,120246641531130489,"ADS 3 V5 - WORKSHOP CHURRASCO",120246641577470489,2026-07-23,0.12,,,,40,,3,,,,,2026-07-23,2026-07-23
bbe-a1-jul-26--venda--perpetuo--cold_cbo_estaticos,120246640510780489,01_automatico_lal1-tally-empresarios_interesses,120246640510490489,ad04-bbe-ppt-mai26--o-netão-te-ensina,120246640649070489,2026-07-23,53.58,17,,1.01918465,32.12230216,3.15176471,1668,,,,,2026-07-23,2026-07-23
bbe-a1-jul-26--venda--perpetuo--hot_cbo_videos,120246641531020489,01_automatico_seguidores_ig_fb,120246641530990489,"ADS 7 V2 - WORKSHOP CHURRASCO",120246641576980489,2026-07-23,0.04,,,,13.33333333,,3,1,1,1,,2026-07-23,2026-07-23
bbe-a1-jul-26--venda--perpetuo--hot_cbo_videos,120246641531020489,01_automatico_ig180_fb180,120246641531130489,"ADS 3 V2 - WORKSHOP CHURRASCO",120246641577480489,2026-07-23,0.01,,,,10,,1,,,,,2026-07-23,2026-07-23
bbe-a1-jul-26--venda--perpetuo--hot_cbo_videos,120246641531020489,00_automatico_ig030_fb030,120246641531090489,"ADS 2 - WORKSHOP CHURRASCO",120246641577330489,2026-07-23,8.3,4,,2.89855072,60.14492754,2.075,138,34,7,15,6,2026-07-23,2026-07-23
bbe-a1-jul-26--venda--perpetuo--hot_cbo_estaticos,120246640738580489,01_automatico_seguidores_ig_fb,120246640738460489,ad07-bbe-ppt-mai26--sal-grosso-sozinho-não-salva,120246640809070489,2026-07-23,15.38,1,,0.19417476,29.86407767,15.38,515,,,,,2026-07-23,2026-07-23
bbe-a1-jul-26--venda--perpetuo--hot_cbo_videos,120246641531020489,01_automatico_ig180_fb180,120246641531130489,"ADS 9 V1 - WORKSHOP CHURRASCO",120246641577440489,2026-07-23,5.67,2,,33.33333333,945,2.835,6,4,2,2,1,2026-07-23,2026-07-23
bbe-a1-jul-26--venda--perpetuo--hot_cbo_videos,120246641531020489,01_automatico_seguidores_ig_fb,120246641530990489,"ADS 3 V5 - WORKSHOP CHURRASCO",120246641577050489,2026-07-23,6.96,6,1,3.87096774,44.90322581,1.16,155,45,12,18,14,2026-07-23,2026-07-23
bbe-a1-jul-26--venda--perpetuo--hot_cbo_videos,120246641531020489,01_automatico_ig180_fb180,120246641531130489,"ADS 3 V4 - WORKSHOP CHURRASCO",120246641577520489,2026-07-23,0.76,,,,69.09090909,,11,1,1,1,1,2026-07-23,2026-07-23
bbe-a1-jul-26--venda--perpetuo--hot_cbo_videos,120246641531020489,01_automatico_ig180_fb180,120246641531130489,"ADS 6 - WORKSHOP CHURRASCO",120246641577450489,2026-07-23,1.18,,,,56.19047619,,21,9,4,4,3,2026-07-23,2026-07-23
bbe-a1-jul-26--venda--perpetuo--hot_cbo_videos,120246641531020489,01_automatico_ig180_fb180,120246641531130489,"ADS 7 V3 - WORKSHOP CHURRASCO",120246641577560489,2026-07-23,0.23,,,,115,,2,1,1,1,,2026-07-23,2026-07-23
bbe-a1-jul-26--venda--perpetuo--hot_cbo_videos,120246641531020489,01_automatico_seguidores_ig_fb,120246641530990489,"ADS 6 - WORKSHOP CHURRASCO",120246641577040489,2026-07-23,0.17,,,,34,,5,3,1,1,1,2026-07-23,2026-07-23
bbe-a1-jul-26--venda--perpetuo--hot_cbo_videos,120246641531020489,01_automatico_seguidores_ig_fb,120246641530990489,"ADS 9 V3 - WORKSHOP CHURRASCO",120246641595720489,2026-07-23,0.02,,,,10,,2,,,,,2026-07-23,2026-07-23
bbe-a1-jul-26--venda--perpetuo--cold_cbo_videos,120246640857600489,01_automatico_lal1-tally-empresarios_interesses,120246640857760489,"ADS 6 - WORKSHOP CHURRASCO",120246641339440489,2026-07-23,15.09,8,,2.56410256,48.36538462,1.88625,312,92,41,44,30,2026-07-23,2026-07-23
bbe-a1-jul-26--venda--perpetuo--hot_cbo_videos,120246641531020489,00_automatico_ig030_fb030,120246641531090489,"ADS 1 - WORKSHOP CHURRASCO",120246641577180489,2026-07-23,0.04,,,,20,,2,,,,,2026-07-23,2026-07-23
bbe-a1-jul-26--venda--perpetuo--hot_cbo_videos,120246641531020489,01_automatico_ig180_fb180,120246641531130489,"ADS 7 V2 - WORKSHOP CHURRASCO",120246641577420489,2026-07-23,0.05,,,,25,,2,,,,,2026-07-23,2026-07-23
bbe-a1-jul-26--venda--perpetuo--hot_cbo_estaticos,120246640738580489,01_automatico_ig180_fb180,120246640738570489,ad01-bbe-ppt-mai26--acertar-o-ponto-da-carne,120246640809110489,2026-07-23,0.02,,,,20,,1,,,,,2026-07-23,2026-07-23
bbe-a1-jul-26--venda--perpetuo--hot_cbo_videos,120246641531020489,00_automatico_ig030_fb030,120246641531090489,"ADS 7 V4 - WORKSHOP CHURRASCO",120246641577300489,2026-07-23,3.33,,,,144.7826087,,23,6,4,3,1,2026-07-23,2026-07-23
bbe-a1-jul-26--venda--perpetuo--hot_cbo_videos,120246641531020489,01_automatico_ig180_fb180,120246641531130489,"ADS 4 V1 - WORKSHOP CHURRASCO",120246641577430489,2026-07-23,0.79,1,,7.69230769,60.76923077,0.79,13,4,,4,,2026-07-23,2026-07-23
bbe-a1-jul-26--venda--perpetuo--cold_cbo_videos,120246640857600489,01_automatico_lal1-tally-empresarios_interesses,120246640857760489,"ADS 4 V1 - WORKSHOP CHURRASCO",120246641263910489,2026-07-23,3.98,,,,57.68115942,,69,11,1,5,3,2026-07-23,2026-07-23
bbe-a1-jul-26--venda--perpetuo--hot_cbo_videos,120246641531020489,01_automatico_seguidores_ig_fb,120246641530990489,"ADS 5 V3 - WORKSHOP CHURRASCO",120246641577110489,2026-07-23,0.42,,,,52.5,,8,3,,1,,2026-07-23,2026-07-23
bbe-a1-jul-26--venda--perpetuo--hot_cbo_estaticos,120246640738580489,00_automatico_ig030_fb030,120246640738730489,ad01-bbe-ppt-mai26--acertar-o-ponto-da-carne,120246640809530489,2026-07-23,8.91,1,,0.42553191,37.91489362,8.91,235,,,,,2026-07-23,2026-07-23
bbe-a1-jul-26--venda--perpetuo--hot_cbo_videos,120246641531020489,00_automatico_ig030_fb030,120246641531090489,"ADS 7 V1 - WORKSHOP CHURRASCO",120246641577160489,2026-07-23,0.26,,,,43.33333333,,6,2,1,1,,2026-07-23,2026-07-23
bbe-a1-jul-26--venda--perpetuo--hot_cbo_videos,120246641531020489,00_automatico_ig030_fb030,120246641531090489,"ADS 3 V4 - WORKSHOP CHURRASCO",120246641577310489,2026-07-23,1.05,1,,3.57142857,37.5,1.05,28,6,,3,,2026-07-23,2026-07-23
bbe-a1-jul-26--venda--perpetuo--hot_cbo_videos,120246641531020489,01_automatico_seguidores_ig_fb,120246641530990489,"ADS 9 V1 - WORKSHOP CHURRASCO",120246641576990489,2026-07-23,0.05,,,,50,,1,1,1,1,,2026-07-23,2026-07-23
bbe-a1-jul-26--venda--perpetuo--cold_cbo_estaticos,120246640510780489,00_automatico_lal1-ig030,120246640510530489,ad04-bbe-ppt-mai26--o-netão-te-ensina,120246640598900489,2026-07-23,0.23,,,,16.42857143,,14,,,,,2026-07-23,2026-07-23
bbe-a1-jul-26--venda--perpetuo--hot_cbo_videos,120246641531020489,01_automatico_ig180_fb180,120246641531130489,"ADS 8 V2 - WORKSHOP CHURRASCO",120246641577550489,2026-07-23,0.03,,,,10,,3,2,2,2,2,2026-07-23,2026-07-23
bbe-a1-jul-26--venda--perpetuo--hot_cbo_estaticos,120246640738580489,00_automatico_ig030_fb030,120246640738730489,ad07-bbe-ppt-mai26--sal-grosso-sozinho-não-salva,120246640809540489,2026-07-23,0.43,,,,30.71428571,,14,,,,,2026-07-23,2026-07-23
bbe-a1-jul-26--venda--perpetuo--hot_cbo_videos,120246641531020489,01_automatico_seguidores_ig_fb,120246641530990489,"ADS 1 - WORKSHOP CHURRASCO",120246641576970489,2026-07-23,0.01,,,,10,,1,,,,,2026-07-23,2026-07-23
bbe-a1-jul-26--venda--perpetuo--hot_cbo_videos,120246641531020489,01_automatico_ig180_fb180,120246641531130489,"ADS 8 V1 - WORKSHOP CHURRASCO",120246641577500489,2026-07-23,0.05,,,,50,,1,1,,,,2026-07-23,2026-07-23
bbe-a1-jul-26--venda--perpetuo--hot_cbo_estaticos,120246640738580489,01_automatico_ig180_fb180,120246640738570489,ad04-bbe-ppt-mai26--o-netão-te-ensina,120246640809170489,2026-07-23,101.5,71,,1.68446026,24.08066429,1.42957746,4215,,,,,2026-07-23,2026-07-23
bbe-a1-jul-26--venda--perpetuo--hot_cbo_estaticos,120246640738580489,01_automatico_seguidores_ig_fb,120246640738460489,ad06-bbe-ppt-mai26--agora-é-sua-vez,120246640809030489,2026-07-23,0.34,,,,34,,10,,,,,2026-07-23,2026-07-23
bbe-a1-jul-26--venda--perpetuo--cold_cbo_estaticos,120246640510780489,01_automatico_lal1-tally-empresarios_interesses,120246640510490489,ad06-bbe-ppt-mai26--agora-é-sua-vez,120246640649040489,2026-07-23,0.36,,,,51.42857143,,7,,,,,2026-07-23,2026-07-23
bbe-a1-jul-26--venda--perpetuo--hot_cbo_videos,120246641531020489,00_automatico_ig030_fb030,120246641531090489,"ADS 3 V2 - WORKSHOP CHURRASCO",120246641577280489,2026-07-23,0.28,,,,18.66666667,,15,4,1,2,1,2026-07-23,2026-07-23
bbe-a1-jul-26--venda--perpetuo--hot_cbo_videos,120246641531020489,00_automatico_ig030_fb030,120246641531090489,"ADS 8 V1 - WORKSHOP CHURRASCO",120246641577340489,2026-07-23,1.47,2,,5.71428571,42,0.735,35,9,5,5,3,2026-07-23,2026-07-23
bbe-a1-jul-26--venda--perpetuo--hot_cbo_videos,120246641531020489,01_automatico_ig180_fb180,120246641531130489,"ADS 3 V1 - WORKSHOP CHURRASCO",120246641577490489,2026-07-23,0.01,,,,10,,1,1,,1,,2026-07-23,2026-07-23
bbe-a1-jul-26--venda--perpetuo--cold_cbo_videos,120246640857600489,01_automatico_lal1-tally-empresarios_interesses,120246640857760489,"ADS 4 V2 - WORKSHOP CHURRASCO",120246641278710489,2026-07-23,18.87,4,,0.95465394,45.03579952,4.7175,419,72,15,50,17,2026-07-23,2026-07-23
bbe-a1-jul-26--venda--perpetuo--cold_cbo_estaticos,120246640510780489,00_automatico_lal1-ig030,120246640510530489,ad06-bbe-ppt-mai26--agora-é-sua-vez,120246640626240489,2026-07-23,2.96,,,,24.26229508,,122,,,,,2026-07-23,2026-07-23
bbe-a1-jul-26--venda--perpetuo--hot_cbo_videos,120246641531020489,01_automatico_ig180_fb180,120246641531130489,"ADS 4 V2 - WORKSHOP CHURRASCO",120246641577380489,2026-07-23,2.52,3,,4.6875,39.375,0.84,64,10,4,6,4,2026-07-23,2026-07-23
bbe-a1-jul-26--venda--perpetuo--hot_cbo_videos,120246641531020489,00_automatico_ig030_fb030,120246641531090489,"ADS 7 V3 - WORKSHOP CHURRASCO",120246641577260489,2026-07-23,0.87,,,,435,,2,,,,,2026-07-23,2026-07-23
bbe-a1-jul-26--venda--perpetuo--hot_cbo_videos,120246641531020489,01_automatico_seguidores_ig_fb,120246641530990489,"ADS 5 V2 - WORKSHOP CHURRASCO",120246641577070489,2026-07-23,9.81,11,,4.84581498,43.21585903,0.89181818,227,83,35,45,19,2026-07-23,2026-07-23
bbe-a1-jul-26--venda--perpetuo--hot_cbo_videos,120246641531020489,00_automatico_ig030_fb030,120246641531090489,"ADS 5 V2 - WORKSHOP CHURRASCO",120246641577350489,2026-07-22,0.8,,,,72.72727273,,11,6,2,2,,2026-07-22,2026-07-22
bbe-a1-jul-26--venda--perpetuo--hot_cbo_estaticos,120246640738580489,01_automatico_seguidores_ig_fb,120246640738460489,ad01-bbe-ppt-mai26--acertar-o-ponto-da-carne,120246640809080489,2026-07-22,5.99,,,,26.04347826,,230,,,,,2026-07-22,2026-07-22
bbe-a1-jul-26--venda--perpetuo--hot_cbo_videos,120246641531020489,00_automatico_ig030_fb030,120246641531090489,"ADS 2 - WORKSHOP CHURRASCO",120246641577330489,2026-07-22,11.27,5,,1.68350168,37.94612795,2.254,297,59,15,29,12,2026-07-22,2026-07-22
bbe-a1-jul-26--venda--perpetuo--hot_cbo_videos,120246641531020489,00_automatico_ig030_fb030,120246641531090489,"ADS 4 V2 - WORKSHOP CHURRASCO",120246641577320489,2026-07-22,0.03,,,,30,,1,,,,,2026-07-22,2026-07-22
bbe-a1-jul-26--venda--perpetuo--hot_cbo_videos,120246641531020489,01_automatico_ig180_fb180,120246641531130489,"ADS 1 - WORKSHOP CHURRASCO",120246641577410489,2026-07-22,0.99,1,,9.09090909,90,0.99,11,4,4,4,1,2026-07-22,2026-07-22
bbe-a1-jul-26--venda--perpetuo--hot_cbo_videos,120246641531020489,00_automatico_ig030_fb030,120246641531090489,"ADS 9 V2 - WORKSHOP CHURRASCO",120246641595750489,2026-07-22,0.16,,,,40,,4,1,1,1,1,2026-07-22,2026-07-22
bbe-a1-jul-26--venda--perpetuo--hot_cbo_videos,120246641531020489,01_automatico_seguidores_ig_fb,120246641530990489,"ADS 9 V2 - WORKSHOP CHURRASCO",120246641595730489,2026-07-22,1.74,,,,62.14285714,,28,4,2,2,1,2026-07-22,2026-07-22
bbe-a1-jul-26--venda--perpetuo--hot_cbo_videos,120246641531020489,01_automatico_ig180_fb180,120246641531130489,"ADS 5 V2 - WORKSHOP CHURRASCO",120246641577510489,2026-07-22,10,6,,3.09278351,51.54639175,1.66666667,194,68,20,26,8,2026-07-22,2026-07-22
bbe-a1-jul-26--venda--perpetuo--cold_cbo_videos,120246640857600489,01_automatico_lal1-tally-empresarios_interesses,120246640857760489,"ADS 5 V1 - WORKSHOP CHURRASCO",120246641286220489,2026-07-22,74.24,33,,2.55417957,57.46130031,2.24969697,1292,455,149,233,70,2026-07-22,2026-07-22
bbe-a1-jul-26--venda--perpetuo--hot_cbo_estaticos,120246640738580489,01_automatico_ig180_fb180,120246640738570489,ad03-bbe-ppt-mai26--o-ponto-perfeito-da-carne,120246640809160489,2026-07-22,0.26,,,,260,,1,,,,,2026-07-22,2026-07-22
bbe-a1-jul-26--venda--perpetuo--hot_cbo_videos,120246641531020489,01_automatico_ig180_fb180,120246641531130489,"ADS 5 V1 - WORKSHOP CHURRASCO",120246641577570489,2026-07-22,10.75,6,,2.53164557,45.35864979,1.79166667,237,89,19,49,12,2026-07-22,2026-07-22
bbe-a1-jul-26--venda--perpetuo--hot_cbo_estaticos,120246640738580489,01_automatico_seguidores_ig_fb,120246640738460489,ad04-bbe-ppt-mai26--o-netão-te-ensina,120246640809060489,2026-07-22,2.68,,,,34.80519481,,77,,,,,2026-07-22,2026-07-22
bbe-a1-jul-26--venda--perpetuo--hot_cbo_videos,120246641531020489,01_automatico_ig180_fb180,120246641531130489,"ADS 7 V4 - WORKSHOP CHURRASCO",120246641577460489,2026-07-22,0.82,,,,273.33333333,,3,1,,,,2026-07-22,2026-07-22
bbe-a1-jul-26--venda--perpetuo--cold_cbo_estaticos,120246640510780489,00_automatico_lal1-ig030,120246640510530489,ad01-bbe-ppt-mai26--acertar-o-ponto-da-carne,120246640510660489,2026-07-22,2.86,1,,1.11111111,31.77777778,2.86,90,,,,,2026-07-22,2026-07-22
bbe-a1-jul-26--venda--perpetuo--hot_cbo_estaticos,120246640738580489,01_automatico_ig180_fb180,120246640738570489,ad06-bbe-ppt-mai26--agora-é-sua-vez,120246640809130489,2026-07-22,0.34,,,,48.57142857,,7,,,,,2026-07-22,2026-07-22
bbe-a1-jul-26--venda--perpetuo--cold_cbo_videos,120246640857600489,01_automatico_lal1-tally-empresarios_interesses,120246640857760489,"ADS 5 V2 - WORKSHOP CHURRASCO",120246641325590489,2026-07-22,10.95,2,,0.98522167,53.9408867,5.475,203,70,17,28,8,2026-07-22,2026-07-22
bbe-a1-jul-26--venda--perpetuo--hot_cbo_videos,120246641531020489,00_automatico_ig030_fb030,120246641531090489,"ADS 3 V5 - WORKSHOP CHURRASCO",120246641577240489,2026-07-22,1.99,2,,20,199,0.995,10,2,2,2,2,2026-07-22,2026-07-22
bbe-a1-jul-26--venda--perpetuo--hot_cbo_videos,120246641531020489,01_automatico_seguidores_ig_fb,120246641530990489,"ADS 3 V3 - WORKSHOP CHURRASCO",120246641577120489,2026-07-22,1.94,2,,6.66666667,64.66666667,0.97,30,8,3,7,,2026-07-22,2026-07-22
bbe-a1-jul-26--venda--perpetuo--hot_cbo_videos,120246641531020489,01_automatico_ig180_fb180,120246641531130489,"ADS 9 V2 - WORKSHOP CHURRASCO",120246641595700489,2026-07-22,0.89,,,,52.35294118,,17,6,2,2,1,2026-07-22,2026-07-22
bbe-a1-jul-26--venda--perpetuo--hot_cbo_estaticos,120246640738580489,00_automatico_ig030_fb030,120246640738730489,ad05-bbe-ppt-mai26--estraga-no-preparo,120246640809550489,2026-07-22,16.5,4,,0.84033613,34.66386555,4.125,476,,,,,2026-07-22,2026-07-22
bbe-a1-jul-26--venda--perpetuo--hot_cbo_videos,120246641531020489,01_automatico_seguidores_ig_fb,120246641530990489,"ADS 7 V4 - WORKSHOP CHURRASCO",120246641577000489,2026-07-22,0.05,,,,16.66666667,,3,2,1,1,,2026-07-22,2026-07-22
bbe-a1-jul-26--venda--perpetuo--hot_cbo_videos,120246641531020489,01_automatico_seguidores_ig_fb,120246641530990489,"ADS 5 V1 - WORKSHOP CHURRASCO",120246641577130489,2026-07-22,1.7,1,,3.33333333,56.66666667,1.7,30,11,3,5,2,2026-07-22,2026-07-22
bbe-a1-jul-26--venda--perpetuo--cold_cbo_videos,120246640857600489,01_automatico_lal1-tally-empresarios_interesses,120246640857760489,"ADS 7 V1 - WORKSHOP CHURRASCO",120246641352950489,2026-07-22,0.39,,,,97.5,,4,1,,,,2026-07-22,2026-07-22
bbe-a1-jul-26--venda--perpetuo--cold_cbo_estaticos,120246640510780489,00_automatico_lal1-ig030,120246640510530489,ad05-bbe-ppt-mai26--estraga-no-preparo,120246640619460489,2026-07-22,12.6,3,,0.56818182,23.86363636,4.2,528,,,,,2026-07-22,2026-07-22
bbe-a1-jul-26--venda--perpetuo--cold_cbo_videos,120246640857600489,01_automatico_lal1-tally-empresarios_interesses,120246640857760489,"ADS 2 - WORKSHOP CHURRASCO",120246641131020489,2026-07-22,1.08,,,,54,,20,5,2,2,2,2026-07-22,2026-07-22
bbe-a1-jul-26--venda--perpetuo--hot_cbo_videos,120246641531020489,01_automatico_seguidores_ig_fb,120246641530990489,"ADS 3 V2 - WORKSHOP CHURRASCO",120246641577030489,2026-07-22,6.84,2,,1.49253731,51.04477612,3.42,134,25,7,15,6,2026-07-22,2026-07-22
bbe-a1-jul-26--venda--perpetuo--hot_cbo_videos,120246641531020489,01_automatico_seguidores_ig_fb,120246641530990489,"ADS 8 V1 - WORKSHOP CHURRASCO",120246641577150489,2026-07-22,0.34,,,,48.57142857,,7,1,1,1,1,2026-07-22,2026-07-22
bbe-a1-jul-26--venda--perpetuo--hot_cbo_videos,120246641531020489,01_automatico_ig180_fb180,120246641531130489,"ADS 3 V3 - WORKSHOP CHURRASCO",120246641577540489,2026-07-22,0.28,,,,35,,8,1,,,,2026-07-22,2026-07-22
bbe-a1-jul-26--venda--perpetuo--cold_cbo_estaticos,120246640510780489,01_automatico_lal1-tally-empresarios_interesses,120246640510490489,ad07-bbe-ppt-mai26--sal-grosso-sozinho-não-salva,120246640649050489,2026-07-22,0.01,,,,10,,1,,,,,2026-07-22,2026-07-22
bbe-a1-jul-26--venda--perpetuo--hot_cbo_videos,120246641531020489,01_automatico_seguidores_ig_fb,120246641530990489,"ADS 4 V2 - WORKSHOP CHURRASCO",120246641577100489,2026-07-22,48.76,30,1,2.48344371,40.36423841,1.62533333,1208,252,60,176,69,2026-07-22,2026-07-22
bbe-a1-jul-26--venda--perpetuo--cold_cbo_estaticos,120246640510780489,01_automatico_lal1-tally-empresarios_interesses,120246640510490489,ad04-bbe-ppt-mai26--o-netão-te-ensina,120246640649070489,2026-07-22,145.19,59,,1.23897522,30.48929021,2.46084746,4762,,,,,2026-07-22,2026-07-22
bbe-a1-jul-26--venda--perpetuo--hot_cbo_videos,120246641531020489,00_automatico_ig030_fb030,120246641531090489,"ADS 4 V1 - WORKSHOP CHURRASCO",120246641577270489,2026-07-22,0.16,,,,26.66666667,,6,,,,,2026-07-22,2026-07-22
bbe-a1-jul-26--venda--perpetuo--hot_cbo_estaticos,120246640738580489,01_automatico_seguidores_ig_fb,120246640738460489,ad02-bbe-ppt-mai26--o-maior-inimigo-do-churrasqueiro,120246640809020489,2026-07-22,0.03,,,,7.5,,4,,,,,2026-07-22,2026-07-22
bbe-a1-jul-26--venda--perpetuo--hot_cbo_videos,120246641531020489,00_automatico_ig030_fb030,120246641531090489,"ADS 3 V3 - WORKSHOP CHURRASCO",120246641577190489,2026-07-22,0.13,,,,32.5,,4,2,1,1,1,2026-07-22,2026-07-22
bbe-a1-jul-26--venda--perpetuo--hot_cbo_estaticos,120246640738580489,00_automatico_ig030_fb030,120246640738730489,ad04-bbe-ppt-mai26--o-netão-te-ensina,120246640809560489,2026-07-22,2.23,1,,1.08695652,24.23913043,2.23,92,,,,,2026-07-22,2026-07-22
bbe-a1-jul-26--venda--perpetuo--cold_cbo_estaticos,120246640510780489,01_automatico_lal1-tally-empresarios_interesses,120246640510490489,ad05-bbe-ppt-mai26--estraga-no-preparo,120246640649060489,2026-07-22,0.01,,,,10,,1,,,,,2026-07-22,2026-07-22
bbe-a1-jul-26--venda--perpetuo--hot_cbo_estaticos,120246640738580489,01_automatico_seguidores_ig_fb,120246640738460489,ad07-bbe-ppt-mai26--sal-grosso-sozinho-não-salva,120246640809070489,2026-07-22,9.34,2,,0.63694268,29.74522293,4.67,314,,,,,2026-07-22,2026-07-22
bbe-a1-jul-26--venda--perpetuo--hot_cbo_estaticos,120246640738580489,01_automatico_seguidores_ig_fb,120246640738460489,ad05-bbe-ppt-mai26--estraga-no-preparo,120246640809040489,2026-07-22,1.44,1,,3.33333333,48,1.44,30,,,,,2026-07-22,2026-07-22
bbe-a1-jul-26--venda--perpetuo--hot_cbo_videos,120246641531020489,01_automatico_seguidores_ig_fb,120246641530990489,"ADS 3 V5 - WORKSHOP CHURRASCO",120246641577050489,2026-07-22,0.99,,,,39.6,,25,7,3,4,3,2026-07-22,2026-07-22
bbe-a1-jul-26--venda--perpetuo--cold_cbo_videos,120246640857600489,01_automatico_lal1-tally-empresarios_interesses,120246640857760489,"ADS 3 V1 - WORKSHOP CHURRASCO",120246641158690489,2026-07-22,0.26,1,,10,26,0.26,10,4,,1,,2026-07-22,2026-07-22
bbe-a1-jul-26--venda--perpetuo--hot_cbo_videos,120246641531020489,01_automatico_ig180_fb180,120246641531130489,"ADS 6 - WORKSHOP CHURRASCO",120246641577450489,2026-07-22,7.06,2,,2.22222222,78.44444444,3.53,90,26,12,12,8,2026-07-22,2026-07-22
bbe-a1-jul-26--venda--perpetuo--cold_cbo_videos,120246640857600489,01_automatico_lal1-tally-empresarios_interesses,120246640857760489,"ADS 6 - WORKSHOP CHURRASCO",120246641339440489,2026-07-22,18.52,6,,1.88679245,58.23899371,3.08666667,318,112,62,63,48,2026-07-22,2026-07-22
bbe-a1-jul-26--venda--perpetuo--hot_cbo_videos,120246641531020489,01_automatico_seguidores_ig_fb,120246641530990489,"ADS 2 - WORKSHOP CHURRASCO",120246641577090489,2026-07-22,0.12,1,,11.11111111,13.33333333,0.12,9,3,2,3,2,2026-07-22,2026-07-22
bbe-a1-jul-26--venda--perpetuo--hot_cbo_videos,120246641531020489,00_automatico_ig030_fb030,120246641531090489,"ADS 5 V3 - WORKSHOP CHURRASCO",120246641577170489,2026-07-22,0.36,,,,60,,6,1,1,1,1,2026-07-22,2026-07-22
bbe-a1-jul-26--venda--perpetuo--hot_cbo_videos,120246641531020489,01_automatico_seguidores_ig_fb,120246641530990489,"ADS 8 V2 - WORKSHOP CHURRASCO",120246641577020489,2026-07-22,0.03,,,,30,,1,1,1,1,,2026-07-22,2026-07-22
bbe-a1-jul-26--venda--perpetuo--hot_cbo_videos,120246641531020489,01_automatico_seguidores_ig_fb,120246641530990489,"ADS 5 V2 - WORKSHOP CHURRASCO",120246641577070489,2026-07-22,13.1,20,1,5.61797753,36.79775281,0.655,356,123,44,69,16,2026-07-22,2026-07-22
bbe-a1-jul-26--venda--perpetuo--hot_cbo_videos,120246641531020489,01_automatico_ig180_fb180,120246641531130489,"ADS 7 V2 - WORKSHOP CHURRASCO",120246641577420489,2026-07-22,0.01,,,,10,,1,,,,,2026-07-22,2026-07-22
bbe-a1-jul-26--venda--perpetuo--hot_cbo_videos,120246641531020489,01_automatico_ig180_fb180,120246641531130489,"ADS 7 V1 - WORKSHOP CHURRASCO",120246641577390489,2026-07-22,0.4,,,,80,,5,2,1,1,,2026-07-22,2026-07-22
bbe-a1-jul-26--venda--perpetuo--hot_cbo_videos,120246641531020489,00_automatico_ig030_fb030,120246641531090489,"ADS 7 V4 - WORKSHOP CHURRASCO",120246641577300489,2026-07-22,2.48,1,,1.5625,38.75,2.48,64,13,6,6,1,2026-07-22,2026-07-22
bbe-a1-jul-26--venda--perpetuo--cold_cbo_videos,120246640857600489,01_automatico_lal1-tally-empresarios_interesses,120246640857760489,"ADS 4 V1 - WORKSHOP CHURRASCO",120246641263910489,2026-07-22,2.56,1,,1.47058824,37.64705882,2.56,68,12,4,8,4,2026-07-22,2026-07-22
bbe-a1-jul-26--venda--perpetuo--hot_cbo_videos,120246641531020489,01_automatico_seguidores_ig_fb,120246641530990489,"ADS 5 V3 - WORKSHOP CHURRASCO",120246641577110489,2026-07-22,4.25,7,,8.97435897,54.48717949,0.60714286,78,34,16,22,8,2026-07-22,2026-07-22
bbe-a1-jul-26--venda--perpetuo--hot_cbo_videos,120246641531020489,00_automatico_ig030_fb030,120246641531090489,"ADS 3 V4 - WORKSHOP CHURRASCO",120246641577310489,2026-07-22,0.1,,,,25,,4,2,1,1,1,2026-07-22,2026-07-22
bbe-a1-jul-26--venda--perpetuo--hot_cbo_videos,120246641531020489,01_automatico_ig180_fb180,120246641531130489,"ADS 8 V2 - WORKSHOP CHURRASCO",120246641577550489,2026-07-22,0.02,,,,20,,1,,,,,2026-07-22,2026-07-22
bbe-a1-jul-26--venda--perpetuo--hot_cbo_videos,120246641531020489,00_automatico_ig030_fb030,120246641531090489,"ADS 1 - WORKSHOP CHURRASCO",120246641577180489,2026-07-22,0.5,1,,5.26315789,26.31578947,0.5,19,6,5,5,4,2026-07-22,2026-07-22
bbe-a1-jul-26--venda--perpetuo--hot_cbo_videos,120246641531020489,00_automatico_ig030_fb030,120246641531090489,"ADS 8 V2 - WORKSHOP CHURRASCO",120246641577220489,2026-07-22,0.26,,,,28.88888889,,9,3,3,3,2,2026-07-22,2026-07-22
bbe-a1-jul-26--venda--perpetuo--hot_cbo_videos,120246641531020489,01_automatico_ig180_fb180,120246641531130489,"ADS 4 V2 - WORKSHOP CHURRASCO",120246641577380489,2026-07-22,7.36,8,,2.99625468,27.56554307,0.92,267,51,18,33,19,2026-07-22,2026-07-22
bbe-a1-jul-26--venda--perpetuo--hot_cbo_estaticos,120246640738580489,01_automatico_seguidores_ig_fb,120246640738460489,ad06-bbe-ppt-mai26--agora-é-sua-vez,120246640809030489,2026-07-22,0.25,,,,10.86956522,,23,,,,,2026-07-22,2026-07-22
bbe-a1-jul-26--venda--perpetuo--hot_cbo_videos,120246641531020489,01_automatico_seguidores_ig_fb,120246641530990489,"ADS 4 V1 - WORKSHOP CHURRASCO",120246641577010489,2026-07-22,2.12,,,,117.77777778,,18,3,,2,,2026-07-22,2026-07-22
bbe-a1-jul-26--venda--perpetuo--hot_cbo_estaticos,120246640738580489,00_automatico_ig030_fb030,120246640738730489,ad07-bbe-ppt-mai26--sal-grosso-sozinho-não-salva,120246640809540489,2026-07-22,4.37,3,2,1.76470588,25.70588235,1.45666667,170,,,,,2026-07-22,2026-07-22
bbe-a1-jul-26--venda--perpetuo--hot_cbo_videos,120246641531020489,01_automatico_seguidores_ig_fb,120246641530990489,"ADS 3 V1 - WORKSHOP CHURRASCO",120246641577140489,2026-07-22,0.95,,,,41.30434783,,23,3,2,2,,2026-07-22,2026-07-22
bbe-a1-jul-26--venda--perpetuo--cold_cbo_estaticos,120246640510780489,00_automatico_lal1-ig030,120246640510530489,ad07-bbe-ppt-mai26--sal-grosso-sozinho-não-salva,120246640635430489,2026-07-22,1.44,1,,0.90909091,13.09090909,1.44,110,,,,,2026-07-22,2026-07-22
bbe-a1-jul-26--venda--perpetuo--cold_cbo_estaticos,120246640510780489,01_automatico_lal1-tally-empresarios_interesses,120246640510490489,ad02-bbe-ppt-mai26--o-maior-inimigo-do-churrasqueiro,120246640649100489,2026-07-22,0.4,,,,30.76923077,,13,,,,,2026-07-22,2026-07-22
bbe-a1-jul-26--venda--perpetuo--hot_cbo_estaticos,120246640738580489,01_automatico_ig180_fb180,120246640738570489,ad04-bbe-ppt-mai26--o-netão-te-ensina,120246640809170489,2026-07-22,122.93,103,2,1.87750638,22.4079475,1.19349515,5486,,,,,2026-07-22,2026-07-22
bbe-a1-jul-26--venda--perpetuo--hot_cbo_estaticos,120246640738580489,01_automatico_seguidores_ig_fb,120246640738460489,ad03-bbe-ppt-mai26--o-ponto-perfeito-da-carne,120246640809050489,2026-07-22,2.77,,,,43.28125,,64,,,,,2026-07-22,2026-07-22
bbe-a1-jul-26--venda--perpetuo--cold_cbo_videos,120246640857600489,01_automatico_lal1-tally-empresarios_interesses,120246640857760489,"ADS 9 V3 - WORKSHOP CHURRASCO",120246641452880489,2026-07-22,0.15,,,,50,,3,1,1,1,,2026-07-22,2026-07-22
bbe-a1-jul-26--venda--perpetuo--cold_cbo_estaticos,120246640510780489,00_automatico_lal1-ig030,120246640510530489,ad04-bbe-ppt-mai26--o-netão-te-ensina,120246640598900489,2026-07-22,6.11,4,,1.32013201,20.1650165,1.5275,303,,,,,2026-07-22,2026-07-22
bbe-a1-jul-26--venda--perpetuo--hot_cbo_videos,120246641531020489,01_automatico_ig180_fb180,120246641531130489,"ADS 9 V3 - WORKSHOP CHURRASCO",120246641595710489,2026-07-22,1.27,2,,6.25,39.6875,0.635,32,13,10,10,6,2026-07-22,2026-07-22
bbe-a1-jul-26--venda--perpetuo--hot_cbo_videos,120246641531020489,00_automatico_ig030_fb030,120246641531090489,"ADS 8 V1 - WORKSHOP CHURRASCO",120246641577340489,2026-07-22,8.71,8,,4.9689441,54.09937888,1.08875,161,35,17,18,11,2026-07-22,2026-07-22
bbe-a1-jul-26--venda--perpetuo--hot_cbo_videos,120246641531020489,00_automatico_ig030_fb030,120246641531090489,"ADS 3 V1 - WORKSHOP CHURRASCO",120246641577250489,2026-07-22,0.57,,,,81.42857143,,7,3,,1,,2026-07-22,2026-07-22
bbe-a1-jul-26--venda--perpetuo--hot_cbo_videos,120246641531020489,01_automatico_ig180_fb180,120246641531130489,"ADS 5 V3 - WORKSHOP CHURRASCO",120246641577400489,2026-07-22,2.44,6,,9.67741935,39.35483871,0.40666667,62,25,10,14,7,2026-07-22,2026-07-22
bbe-a1-jul-26--venda--perpetuo--cold_cbo_videos,120246640857600489,01_automatico_lal1-tally-empresarios_interesses,120246640857760489,"ADS 4 V2 - WORKSHOP CHURRASCO",120246641278710489,2026-07-22,26.66,15,,2.44299674,43.42019544,1.77733333,614,108,25,80,34,2026-07-22,2026-07-22
bbe-a1-jul-26--venda--perpetuo--hot_cbo_videos,120246641531020489,00_automatico_ig030_fb030,120246641531090489,"ADS 2 - WORKSHOP CHURRASCO",120246641577330489,2026-07-21,12.18,4,,1.41342756,43.03886926,3.045,283,52,14,28,10,2026-07-21,2026-07-21
bbe-a1-jul-26--venda--perpetuo--hot_cbo_videos,120246641531020489,01_automatico_ig180_fb180,120246641531130489,"ADS 5 V1 - WORKSHOP CHURRASCO",120246641577570489,2026-07-21,2.3,3,,8.57142857,65.71428571,0.76666667,35,18,10,13,4,2026-07-21,2026-07-21
bbe-a1-jul-26--venda--perpetuo--hot_cbo_videos,120246641531020489,00_automatico_ig030_fb030,120246641531090489,"ADS 9 V1 - WORKSHOP CHURRASCO",120246641577200489,2026-07-21,0.98,1,,6.66666667,65.33333333,0.98,15,9,6,6,3,2026-07-21,2026-07-21
bbe-a1-jul-26--venda--perpetuo--hot_cbo_videos,120246641531020489,01_automatico_ig180_fb180,120246641531130489,"ADS 1 - WORKSHOP CHURRASCO",120246641577410489,2026-07-21,0.56,,,,50.90909091,,11,3,1,1,,2026-07-21,2026-07-21
bbe-a1-jul-26--venda--perpetuo--hot_cbo_videos,120246641531020489,00_automatico_ig030_fb030,120246641531090489,"ADS 5 V2 - WORKSHOP CHURRASCO",120246641577350489,2026-07-21,0.41,,,,102.5,,4,4,2,2,2,2026-07-21,2026-07-21
bbe-a1-jul-26--venda--perpetuo--hot_cbo_videos,120246641531020489,01_automatico_ig180_fb180,120246641531130489,"ADS 5 V2 - WORKSHOP CHURRASCO",120246641577510489,2026-07-21,0.06,,,,20,,3,,,,,2026-07-21,2026-07-21
bbe-a1-jul-26--venda--perpetuo--cold_cbo_videos,120246640857600489,01_automatico_lal1-tally-empresarios_interesses,120246640857760489,"ADS 9 V1 - WORKSHOP CHURRASCO",120246641425940489,2026-07-21,0.01,,,,3.33333333,,3,1,,,,2026-07-21,2026-07-21
bbe-a1-jul-26--venda--perpetuo--cold_cbo_videos,120246640857600489,01_automatico_lal1-tally-empresarios_interesses,120246640857760489,"ADS 5 V1 - WORKSHOP CHURRASCO",120246641286220489,2026-07-21,49.87,25,,2.77161863,55.28824834,1.9948,902,289,91,132,44,2026-07-21,2026-07-21
bbe-a1-jul-26--venda--perpetuo--hot_cbo_estaticos,120246640738580489,00_automatico_ig030_fb030,120246640738730489,ad05-bbe-ppt-mai26--estraga-no-preparo,120246640809550489,2026-07-21,3.57,,,,23.95973154,,149,,,,,2026-07-21,2026-07-21
bbe-a1-jul-26--venda--perpetuo--hot_cbo_estaticos,120246640738580489,01_automatico_ig180_fb180,120246640738570489,ad02-bbe-ppt-mai26--o-maior-inimigo-do-churrasqueiro,120246640809120489,2026-07-21,0.2,3,,30,20,0.06666667,10,,,,,2026-07-21,2026-07-21
bbe-a1-jul-26--venda--perpetuo--hot_cbo_videos,120246641531020489,00_automatico_ig030_fb030,120246641531090489,"ADS 6 - WORKSHOP CHURRASCO",120246641577230489,2026-07-21,0.55,1,,10,55,0.55,10,3,1,1,1,2026-07-21,2026-07-21
bbe-a1-jul-26--venda--perpetuo--hot_cbo_videos,120246641531020489,01_automatico_ig180_fb180,120246641531130489,"ADS 7 V4 - WORKSHOP CHURRASCO",120246641577460489,2026-07-21,0.43,,,,20.47619048,,21,6,4,4,1,2026-07-21,2026-07-21
bbe-a1-jul-26--venda--perpetuo--hot_cbo_estaticos,120246640738580489,01_automatico_ig180_fb180,120246640738570489,ad07-bbe-ppt-mai26--sal-grosso-sozinho-não-salva,120246640809150489,2026-07-21,0.44,1,,4.76190476,20.95238095,0.44,21,,,,,2026-07-21,2026-07-21
bbe-a1-jul-26--venda--perpetuo--hot_cbo_videos,120246641531020489,01_automatico_ig180_fb180,120246641531130489,"ADS 3 V2 - WORKSHOP CHURRASCO",120246641577480489,2026-07-21,0.39,1,,50,195,0.39,2,1,,1,,2026-07-21,2026-07-21
bbe-a1-jul-26--venda--perpetuo--hot_cbo_videos,120246641531020489,01_automatico_seguidores_ig_fb,120246641530990489,"ADS 9 V2 - WORKSHOP CHURRASCO",120246641595730489,2026-07-21,0.36,,,,360,,1,,,,,2026-07-21,2026-07-21
bbe-a1-jul-26--venda--perpetuo--hot_cbo_estaticos,120246640738580489,01_automatico_seguidores_ig_fb,120246640738460489,ad07-bbe-ppt-mai26--sal-grosso-sozinho-não-salva,120246640809070489,2026-07-21,4.7,2,,1.24223602,29.19254658,2.35,161,,,,,2026-07-21,2026-07-21
bbe-a1-jul-26--venda--perpetuo--hot_cbo_estaticos,120246640738580489,00_automatico_ig030_fb030,120246640738730489,ad04-bbe-ppt-mai26--o-netão-te-ensina,120246640809560489,2026-07-21,1.69,,,,34.48979592,,49,,,,,2026-07-21,2026-07-21
bbe-a1-jul-26--venda--perpetuo--hot_cbo_videos,120246641531020489,01_automatico_seguidores_ig_fb,120246641530990489,"ADS 3 V3 - WORKSHOP CHURRASCO",120246641577120489,2026-07-21,18.86,3,,0.84033613,52.82913165,6.28666667,357,70,16,34,14,2026-07-21,2026-07-21
bbe-a1-jul-26--venda--perpetuo--cold_cbo_videos,120246640857600489,01_automatico_lal1-tally-empresarios_interesses,120246640857760489,"ADS 5 V2 - WORKSHOP CHURRASCO",120246641325590489,2026-07-21,2.27,,,,70.9375,,32,11,4,5,2,2026-07-21,2026-07-21
bbe-a1-jul-26--venda--perpetuo--cold_cbo_videos,120246640857600489,01_automatico_lal1-tally-empresarios_interesses,120246640857760489,"ADS 7 V1 - WORKSHOP CHURRASCO",120246641352950489,2026-07-21,2.49,1,,4.54545455,113.18181818,2.49,22,5,2,3,2,2026-07-21,2026-07-21
bbe-a1-jul-26--venda--perpetuo--hot_cbo_videos,120246641531020489,00_automatico_ig030_fb030,120246641531090489,"ADS 3 V3 - WORKSHOP CHURRASCO",120246641577190489,2026-07-21,0.1,,,,20,,5,1,,,,2026-07-21,2026-07-21
bbe-a1-jul-26--venda--perpetuo--hot_cbo_videos,120246641531020489,01_automatico_ig180_fb180,120246641531130489,"ADS 2 - WORKSHOP CHURRASCO",120246641577530489,2026-07-21,2.78,2,,5.40540541,75.13513514,1.39,37,11,2,7,1,2026-07-21,2026-07-21
bbe-a1-jul-26--venda--perpetuo--hot_cbo_estaticos,120246640738580489,00_automatico_ig030_fb030,120246640738730489,ad07-bbe-ppt-mai26--sal-grosso-sozinho-não-salva,120246640809540489,2026-07-21,12.04,12,,2.62582057,26.34573304,1.00333333,457,,,,,2026-07-21,2026-07-21
bbe-a1-jul-26--venda--perpetuo--hot_cbo_videos,120246641531020489,01_automatico_seguidores_ig_fb,120246641530990489,"ADS 5 V1 - WORKSHOP CHURRASCO",120246641577130489,2026-07-21,1.8,2,,6.66666667,60,0.9,30,12,3,7,,2026-07-21,2026-07-21
bbe-a1-jul-26--venda--perpetuo--hot_cbo_estaticos,120246640738580489,01_automatico_ig180_fb180,120246640738570489,ad05-bbe-ppt-mai26--estraga-no-preparo,120246640809140489,2026-07-21,1.08,1,,5.55555556,60,1.08,18,,,,,2026-07-21,2026-07-21
bbe-a1-jul-26--venda--perpetuo--cold_cbo_estaticos,120246640510780489,00_automatico_lal1-ig030,120246640510530489,ad05-bbe-ppt-mai26--estraga-no-preparo,120246640619460489,2026-07-21,13.75,4,,0.6514658,22.39413681,3.4375,614,,,,,2026-07-21,2026-07-21
bbe-a1-jul-26--venda--perpetuo--cold_cbo_videos,120246640857600489,01_automatico_lal1-tally-empresarios_interesses,120246640857760489,"ADS 2 - WORKSHOP CHURRASCO",120246641131020489,2026-07-21,1.73,3,,6.97674419,40.23255814,0.57666667,43,11,2,5,2,2026-07-21,2026-07-21
bbe-a1-jul-26--venda--perpetuo--hot_cbo_videos,120246641531020489,01_automatico_ig180_fb180,120246641531130489,"ADS 9 V2 - WORKSHOP CHURRASCO",120246641595700489,2026-07-21,1.36,1,,7.14285714,97.14285714,1.36,14,4,1,1,1,2026-07-21,2026-07-21
bbe-a1-jul-26--venda--perpetuo--hot_cbo_videos,120246641531020489,00_automatico_ig030_fb030,120246641531090489,"ADS 5 V1 - WORKSHOP CHURRASCO",120246641577290489,2026-07-21,2.62,2,,7.14285714,93.57142857,1.31,28,9,6,8,3,2026-07-21,2026-07-21
bbe-a1-jul-26--venda--perpetuo--hot_cbo_videos,120246641531020489,01_automatico_seguidores_ig_fb,120246641530990489,"ADS 7 V4 - WORKSHOP CHURRASCO",120246641577000489,2026-07-21,1.61,1,,5,80.5,1.61,20,6,3,3,2,2026-07-21,2026-07-21
bbe-a1-jul-26--venda--perpetuo--hot_cbo_videos,120246641531020489,01_automatico_seguidores_ig_fb,120246641530990489,"ADS 3 V2 - WORKSHOP CHURRASCO",120246641577030489,2026-07-21,0.05,,,,16.66666667,,3,,,,,2026-07-21,2026-07-21
bbe-a1-jul-26--venda--perpetuo--hot_cbo_videos,120246641531020489,01_automatico_seguidores_ig_fb,120246641530990489,"ADS 7 V2 - WORKSHOP CHURRASCO",120246641576980489,2026-07-21,0.11,,,,110,,1,,,,,2026-07-21,2026-07-21
bbe-a1-jul-26--venda--perpetuo--cold_cbo_videos,120246640857600489,01_automatico_lal1-tally-empresarios_interesses,120246640857760489,"ADS 3 V4 - WORKSHOP CHURRASCO",120246641218470489,2026-07-21,11.57,2,,0.99502488,57.56218905,5.785,201,44,12,22,11,2026-07-21,2026-07-21
bbe-a1-jul-26--venda--perpetuo--hot_cbo_videos,120246641531020489,01_automatico_ig180_fb180,120246641531130489,"ADS 3 V3 - WORKSHOP CHURRASCO",120246641577540489,2026-07-21,1.04,1,,3.125,32.5,1.04,32,6,1,3,1,2026-07-21,2026-07-21
bbe-a1-jul-26--venda--perpetuo--cold_cbo_videos,120246640857600489,01_automatico_lal1-tally-empresarios_interesses,120246640857760489,"ADS 3 V5 - WORKSHOP CHURRASCO",120246641255600489,2026-07-21,0.25,,,,27.77777778,,9,1,,1,,2026-07-21,2026-07-21
bbe-a1-jul-26--venda--perpetuo--hot_cbo_videos,120246641531020489,01_automatico_seguidores_ig_fb,120246641530990489,"ADS 4 V2 - WORKSHOP CHURRASCO",120246641577100489,2026-07-21,38,24,,2.5862069,40.94827586,1.58333333,928,161,52,123,59,2026-07-21,2026-07-21
bbe-a1-jul-26--venda--perpetuo--hot_cbo_videos,120246641531020489,01_automatico_seguidores_ig_fb,120246641530990489,"ADS 3 V4 - WORKSHOP CHURRASCO",120246641577080489,2026-07-21,0.89,,,,21.70731707,,41,9,2,5,2,2026-07-21,2026-07-21
bbe-a1-jul-26--venda--perpetuo--hot_cbo_videos,120246641531020489,01_automatico_ig180_fb180,120246641531130489,"ADS 3 V5 - WORKSHOP CHURRASCO",120246641577470489,2026-07-21,0,,,,0,,1,1,,1,,2026-07-21,2026-07-21
bbe-a1-jul-26--venda--perpetuo--cold_cbo_estaticos,120246640510780489,01_automatico_lal1-tally-empresarios_interesses,120246640510490489,ad04-bbe-ppt-mai26--o-netão-te-ensina,120246640649070489,2026-07-21,86.98,24,,0.73484385,26.63196571,3.62416667,3266,,,,,2026-07-21,2026-07-21
bbe-a1-jul-26--venda--perpetuo--hot_cbo_estaticos,120246640738580489,01_automatico_seguidores_ig_fb,120246640738460489,ad02-bbe-ppt-mai26--o-maior-inimigo-do-churrasqueiro,120246640809020489,2026-07-21,0.11,,,,13.75,,8,,,,,2026-07-21,2026-07-21
bbe-a1-jul-26--venda--perpetuo--hot_cbo_videos,120246641531020489,01_automatico_seguidores_ig_fb,120246641530990489,"ADS 7 V3 - WORKSHOP CHURRASCO",120246641577060489,2026-07-21,0.27,1,,50,135,0.27,2,2,2,2,,2026-07-21,2026-07-21
bbe-a1-jul-26--venda--perpetuo--hot_cbo_estaticos,120246640738580489,00_automatico_ig030_fb030,120246640738730489,ad02-bbe-ppt-mai26--o-maior-inimigo-do-churrasqueiro,120246640809570489,2026-07-21,1.05,1,,9.09090909,95.45454545,1.05,11,,,,,2026-07-21,2026-07-21
bbe-a1-jul-26--venda--perpetuo--hot_cbo_videos,120246641531020489,01_automatico_seguidores_ig_fb,120246641530990489,"ADS 1 - WORKSHOP CHURRASCO",120246641576970489,2026-07-21,0.02,,,,10,,2,1,1,1,,2026-07-21,2026-07-21
bbe-a1-jul-26--venda--perpetuo--hot_cbo_videos,120246641531020489,01_automatico_seguidores_ig_fb,120246641530990489,"ADS 2 - WORKSHOP CHURRASCO",120246641577090489,2026-07-21,1.64,1,,1.78571429,29.28571429,1.64,56,13,3,3,2,2026-07-21,2026-07-21
bbe-a1-jul-26--venda--perpetuo--hot_cbo_videos,120246641531020489,01_automatico_ig180_fb180,120246641531130489,"ADS 3 V4 - WORKSHOP CHURRASCO",120246641577520489,2026-07-21,0,,,,0,,1,1,,1,,2026-07-21,2026-07-21
bbe-a1-jul-26--venda--perpetuo--hot_cbo_videos,120246641531020489,01_automatico_ig180_fb180,120246641531130489,"ADS 6 - WORKSHOP CHURRASCO",120246641577450489,2026-07-21,3.16,4,,8.69565217,68.69565217,0.79,46,14,8,8,8,2026-07-21,2026-07-21
bbe-a1-jul-26--venda--perpetuo--cold_cbo_videos,120246640857600489,01_automatico_lal1-tally-empresarios_interesses,120246640857760489,"ADS 7 V3 - WORKSHOP CHURRASCO",120246641377670489,2026-07-21,0.8,,,,133.33333333,,6,2,2,2,1,2026-07-21,2026-07-21
bbe-a1-jul-26--venda--perpetuo--hot_cbo_videos,120246641531020489,01_automatico_ig180_fb180,120246641531130489,"ADS 7 V3 - WORKSHOP CHURRASCO",120246641577560489,2026-07-21,0.97,,,,32.33333333,,30,10,2,2,2,2026-07-21,2026-07-21
bbe-a1-jul-26--venda--perpetuo--hot_cbo_videos,120246641531020489,01_automatico_seguidores_ig_fb,120246641530990489,"ADS 6 - WORKSHOP CHURRASCO",120246641577040489,2026-07-21,1.44,,,,48,,30,13,5,6,4,2026-07-21,2026-07-21
bbe-a1-jul-26--venda--perpetuo--hot_cbo_videos,120246641531020489,01_automatico_seguidores_ig_fb,120246641530990489,"ADS 9 V3 - WORKSHOP CHURRASCO",120246641595720489,2026-07-21,0.42,,,,32.30769231,,13,,,,,2026-07-21,2026-07-21
bbe-a1-jul-26--venda--perpetuo--cold_cbo_videos,120246640857600489,01_automatico_lal1-tally-empresarios_interesses,120246640857760489,"ADS 6 - WORKSHOP CHURRASCO",120246641339440489,2026-07-21,37.34,12,,1.94805195,60.61688312,3.11166667,616,230,118,124,88,2026-07-21,2026-07-21
bbe-a1-jul-26--venda--perpetuo--hot_cbo_videos,120246641531020489,00_automatico_ig030_fb030,120246641531090489,"ADS 5 V3 - WORKSHOP CHURRASCO",120246641577170489,2026-07-21,1.66,2,,5.88235294,48.82352941,0.83,34,11,2,5,1,2026-07-21,2026-07-21
bbe-a1-jul-26--venda--perpetuo--hot_cbo_videos,120246641531020489,01_automatico_seguidores_ig_fb,120246641530990489,"ADS 3 V5 - WORKSHOP CHURRASCO",120246641577050489,2026-07-21,0.46,,,,30.66666667,,15,4,,1,,2026-07-21,2026-07-21
bbe-a1-jul-26--venda--perpetuo--hot_cbo_videos,120246641531020489,01_automatico_ig180_fb180,120246641531130489,"ADS 7 V2 - WORKSHOP CHURRASCO",120246641577420489,2026-07-21,2.17,,,,197.27272727,,11,4,2,2,1,2026-07-21,2026-07-21
bbe-a1-jul-26--venda--perpetuo--hot_cbo_videos,120246641531020489,01_automatico_ig180_fb180,120246641531130489,"ADS 7 V1 - WORKSHOP CHURRASCO",120246641577390489,2026-07-21,0.01,,,,10,,1,,,,,2026-07-21,2026-07-21
bbe-a1-jul-26--venda--perpetuo--hot_cbo_estaticos,120246640738580489,01_automatico_ig180_fb180,120246640738570489,ad01-bbe-ppt-mai26--acertar-o-ponto-da-carne,120246640809110489,2026-07-21,0.03,,,,30,,1,,,,,2026-07-21,2026-07-21
bbe-a1-jul-26--venda--perpetuo--hot_cbo_videos,120246641531020489,00_automatico_ig030_fb030,120246641531090489,"ADS 7 V4 - WORKSHOP CHURRASCO",120246641577300489,2026-07-21,3.37,4,,5.79710145,48.84057971,0.8425,69,18,11,11,8,2026-07-21,2026-07-21
bbe-a1-jul-26--venda--perpetuo--cold_cbo_videos,120246640857600489,01_automatico_lal1-tally-empresarios_interesses,120246640857760489,"ADS 4 V1 - WORKSHOP CHURRASCO",120246641263910489,2026-07-21,7.98,2,,1.73913043,69.39130435,3.99,115,18,6,13,7,2026-07-21,2026-07-21
bbe-a1-jul-26--venda--perpetuo--hot_cbo_videos,120246641531020489,01_automatico_seguidores_ig_fb,120246641530990489,"ADS 5 V3 - WORKSHOP CHURRASCO",120246641577110489,2026-07-21,0.34,,,,24.28571429,,14,4,1,3,1,2026-07-21,2026-07-21
bbe-a1-jul-26--venda--perpetuo--hot_cbo_videos,120246641531020489,00_automatico_ig030_fb030,120246641531090489,"ADS 3 V4 - WORKSHOP CHURRASCO",120246641577310489,2026-07-21,0.87,1,,9.09090909,79.09090909,0.87,11,6,3,5,1,2026-07-21,2026-07-21
bbe-a1-jul-26--venda--perpetuo--hot_cbo_videos,120246641531020489,01_automatico_seguidores_ig_fb,120246641530990489,"ADS 3 V1 - WORKSHOP CHURRASCO",120246641577140489,2026-07-21,1.83,1,,1.63934426,30,1.83,61,14,3,6,1,2026-07-21,2026-07-21
bbe-a1-jul-26--venda--perpetuo--cold_cbo_videos,120246640857600489,01_automatico_lal1-tally-empresarios_interesses,120246640857760489,"ADS 3 V1 - WORKSHOP CHURRASCO",120246641158690489,2026-07-21,7.53,1,,0.61349693,46.19631902,7.53,163,40,6,15,5,2026-07-21,2026-07-21
bbe-a1-jul-26--venda--perpetuo--hot_cbo_videos,120246641531020489,01_automatico_ig180_fb180,120246641531130489,"ADS 9 V1 - WORKSHOP CHURRASCO",120246641577440489,2026-07-21,4.39,4,,3.77358491,41.41509434,1.0975,106,28,14,14,8,2026-07-21,2026-07-21
bbe-a1-jul-26--venda--perpetuo--hot_cbo_videos,120246641531020489,00_automatico_ig030_fb030,120246641531090489,"ADS 1 - WORKSHOP CHURRASCO",120246641577180489,2026-07-21,0.06,,,,30,,2,,,,,2026-07-21,2026-07-21
bbe-a1-jul-26--venda--perpetuo--hot_cbo_videos,120246641531020489,01_automatico_ig180_fb180,120246641531130489,"ADS 5 V3 - WORKSHOP CHURRASCO",120246641577400489,2026-07-21,0.13,,,,65,,2,1,,,,2026-07-21,2026-07-21
bbe-a1-jul-26--venda--perpetuo--cold_cbo_estaticos,120246640510780489,00_automatico_lal1-ig030,120246640510530489,ad07-bbe-ppt-mai26--sal-grosso-sozinho-não-salva,120246640635430489,2026-07-21,0.06,,,,8.57142857,,7,,,,,2026-07-21,2026-07-21
bbe-a1-jul-26--venda--perpetuo--hot_cbo_videos,120246641531020489,01_automatico_seguidores_ig_fb,120246641530990489,"ADS 9 V1 - WORKSHOP CHURRASCO",120246641576990489,2026-07-21,0.56,,,,32.94117647,,17,4,2,2,,2026-07-21,2026-07-21
bbe-a1-jul-26--venda--perpetuo--hot_cbo_videos,120246641531020489,01_automatico_ig180_fb180,120246641531130489,"ADS 8 V1 - WORKSHOP CHURRASCO",120246641577500489,2026-07-21,0.39,,,,97.5,,4,2,2,2,1,2026-07-21,2026-07-21
bbe-a1-jul-26--venda--perpetuo--hot_cbo_estaticos,120246640738580489,01_automatico_ig180_fb180,120246640738570489,ad04-bbe-ppt-mai26--o-netão-te-ensina,120246640809170489,2026-07-21,109.37,114,4,2.34375,22.48560855,0.95938596,4864,,,,,2026-07-21,2026-07-21
bbe-a1-jul-26--venda--perpetuo--hot_cbo_estaticos,120246640738580489,01_automatico_seguidores_ig_fb,120246640738460489,ad06-bbe-ppt-mai26--agora-é-sua-vez,120246640809030489,2026-07-21,6.05,3,,1.59574468,32.18085106,2.01666667,188,,,,,2026-07-21,2026-07-21
bbe-a1-jul-26--venda--perpetuo--cold_cbo_videos,120246640857600489,01_automatico_lal1-tally-empresarios_interesses,120246640857760489,"ADS 9 V3 - WORKSHOP CHURRASCO",120246641452880489,2026-07-21,3.68,,,,108.23529412,,34,15,4,4,2,2026-07-21,2026-07-21
bbe-a1-jul-26--venda--perpetuo--hot_cbo_videos,120246641531020489,00_automatico_ig030_fb030,120246641531090489,"ADS 3 V2 - WORKSHOP CHURRASCO",120246641577280489,2026-07-21,1.53,,,,51,,30,9,1,4,1,2026-07-21,2026-07-21
bbe-a1-jul-26--venda--perpetuo--hot_cbo_videos,120246641531020489,00_automatico_ig030_fb030,120246641531090489,"ADS 3 V1 - WORKSHOP CHURRASCO",120246641577250489,2026-07-21,0.17,,,,85,,2,,,,,2026-07-21,2026-07-21
bbe-a1-jul-26--venda--perpetuo--hot_cbo_estaticos,120246640738580489,01_automatico_seguidores_ig_fb,120246640738460489,ad03-bbe-ppt-mai26--o-ponto-perfeito-da-carne,120246640809050489,2026-07-21,10.75,3,,0.81081081,29.05405405,3.58333333,370,,,,,2026-07-21,2026-07-21
bbe-a1-jul-26--venda--perpetuo--cold_cbo_videos,120246640857600489,01_automatico_lal1-tally-empresarios_interesses,120246640857760489,"ADS 8 V1 - WORKSHOP CHURRASCO",120246641401250489,2026-07-21,0.76,2,,50,190,0.38,4,2,2,2,2,2026-07-21,2026-07-21
bbe-a1-jul-26--venda--perpetuo--hot_cbo_videos,120246641531020489,00_automatico_ig030_fb030,120246641531090489,"ADS 7 V3 - WORKSHOP CHURRASCO",120246641577260489,2026-07-21,1.55,1,,3.03030303,46.96969697,1.55,33,7,4,4,3,2026-07-21,2026-07-21
bbe-a1-jul-26--venda--perpetuo--hot_cbo_estaticos,120246640738580489,00_automatico_ig030_fb030,120246640738730489,ad06-bbe-ppt-mai26--agora-é-sua-vez,120246640809520489,2026-07-21,3.25,6,,6.25,33.85416667,0.54166667,96,,,,,2026-07-21,2026-07-21
bbe-a1-jul-26--venda--perpetuo--hot_cbo_videos,120246641531020489,00_automatico_ig030_fb030,120246641531090489,"ADS 9 V3 - WORKSHOP CHURRASCO",120246641595740489,2026-07-21,3.27,1,,3.03030303,99.09090909,3.27,33,9,7,6,3,2026-07-21,2026-07-21
bbe-a1-jul-26--venda--perpetuo--hot_cbo_videos,120246641531020489,01_automatico_seguidores_ig_fb,120246641530990489,"ADS 5 V2 - WORKSHOP CHURRASCO",120246641577070489,2026-07-21,0.5,,,,35.71428571,,14,5,3,3,,2026-07-21,2026-07-21
bbe-a1-jul-26--venda--perpetuo--cold_cbo_videos,120246640857600489,01_automatico_lal1-tally-empresarios_interesses,120246640857760489,"ADS 8 V2 - WORKSHOP CHURRASCO",120246641411440489,2026-07-21,0.01,,,,10,,1,1,,,,2026-07-21,2026-07-21
bbe-a1-jul-26--venda--perpetuo--hot_cbo_videos,120246641531020489,01_automatico_ig180_fb180,120246641531130489,"ADS 4 V2 - WORKSHOP CHURRASCO",120246641577380489,2026-07-21,19.17,14,,2.72904483,37.36842105,1.36928571,513,112,31,82,35,2026-07-21,2026-07-21
bbe-a1-jul-26--venda--perpetuo--cold_cbo_videos,120246640857600489,01_automatico_lal1-tally-empresarios_interesses,120246640857760489,"ADS 4 V2 - WORKSHOP CHURRASCO",120246641278710489,2026-07-21,31.42,11,,1.58959538,45.40462428,2.85636364,692,170,33,115,39,2026-07-21,2026-07-21
bbe-a1-jul-26--venda--perpetuo--hot_cbo_videos,120246641531020489,01_automatico_ig180_fb180,120246641531130489,"ADS 3 V1 - WORKSHOP CHURRASCO",120246641577490489,2026-07-21,0.35,2,1,28.57142857,50,0.175,7,2,1,2,1,2026-07-21,2026-07-21
bbe-a1-jul-26--venda--perpetuo--hot_cbo_videos,120246641531020489,01_automatico_ig180_fb180,120246641531130489,"ADS 5 V2 - WORKSHOP CHURRASCO",120246641577510489,2026-07-20,0.04,2,,100,20,0.02,2,1,1,1,1,2026-07-20,2026-07-20
bbe-a1-jul-26--venda--perpetuo--cold_cbo_videos,120246640857600489,01_automatico_lal1-tally-empresarios_interesses,120246640857760489,"ADS 3 V2 - WORKSHOP CHURRASCO",120246641181540489,2026-07-20,0.12,1,,14.28571429,17.14285714,0.12,7,2,1,1,1,2026-07-20,2026-07-20
bbe-a1-jul-26--venda--perpetuo--hot_cbo_videos,120246641531020489,00_automatico_ig030_fb030,120246641531090489,"ADS 9 V1 - WORKSHOP CHURRASCO",120246641577200489,2026-07-20,0.01,,,,10,,1,,,,,2026-07-20,2026-07-20
bbe-a1-jul-26--venda--perpetuo--hot_cbo_videos,120246641531020489,00_automatico_ig030_fb030,120246641531090489,"ADS 4 V2 - WORKSHOP CHURRASCO",120246641577320489,2026-07-20,0.88,2,,7.69230769,33.84615385,0.44,26,8,4,7,4,2026-07-20,2026-07-20
bbe-a1-jul-26--venda--perpetuo--hot_cbo_videos,120246641531020489,01_automatico_ig180_fb180,120246641531130489,"ADS 1 - WORKSHOP CHURRASCO",120246641577410489,2026-07-20,6.83,2,,2.73972603,93.56164384,3.415,73,19,5,7,3,2026-07-20,2026-07-20
bbe-a1-jul-26--venda--perpetuo--hot_cbo_videos,120246641531020489,00_automatico_ig030_fb030,120246641531090489,"ADS 2 - WORKSHOP CHURRASCO",120246641577330489,2026-07-20,8.99,6,,2.8708134,43.01435407,1.49833333,209,51,13,27,10,2026-07-20,2026-07-20
bbe-a1-jul-26--venda--perpetuo--hot_cbo_videos,120246641531020489,00_automatico_ig030_fb030,120246641531090489,"ADS 9 V2 - WORKSHOP CHURRASCO",120246641595750489,2026-07-20,0.08,,,,26.66666667,,3,,,,,2026-07-20,2026-07-20
bbe-a1-jul-26--venda--perpetuo--hot_cbo_videos,120246641531020489,00_automatico_ig030_fb030,120246641531090489,"ADS 5 V2 - WORKSHOP CHURRASCO",120246641577350489,2026-07-20,0.09,1,,50,45,0.09,2,1,1,1,1,2026-07-20,2026-07-20
bbe-a1-jul-26--venda--perpetuo--cold_cbo_videos,120246640857600489,00_automatico_lal1-ig030,120246640857650489,"ADS 3 V5 - WORKSHOP CHURRASCO",120246641477840489,2026-07-20,4.64,2,,2.73972603,63.56164384,2.32,73,17,6,11,7,2026-07-20,2026-07-20
bbe-a1-jul-26--venda--perpetuo--cold_cbo_videos,120246640857600489,01_automatico_lal1-tally-empresarios_interesses,120246640857760489,"ADS 9 V1 - WORKSHOP CHURRASCO",120246641425940489,2026-07-20,1.11,,,,33.63636364,,33,5,4,4,3,2026-07-20,2026-07-20
bbe-a1-jul-26--venda--perpetuo--hot_cbo_videos,120246641531020489,01_automatico_ig180_fb180,120246641531130489,"ADS 5 V1 - WORKSHOP CHURRASCO",120246641577570489,2026-07-20,2.13,2,,7.69230769,81.92307692,1.065,26,5,1,1,1,2026-07-20,2026-07-20
bbe-a1-jul-26--venda--perpetuo--hot_cbo_videos,120246641531020489,01_automatico_seguidores_ig_fb,120246641530990489,"ADS 7 V1 - WORKSHOP CHURRASCO",120246641576960489,2026-07-20,0.54,1,,20,108,0.54,5,2,2,2,1,2026-07-20,2026-07-20
bbe-a1-jul-26--venda--perpetuo--cold_cbo_videos,120246640857600489,00_automatico_lal1-ig030,120246640857650489,"ADS 4 V2 - WORKSHOP CHURRASCO",120246641477820489,2026-07-20,12.09,2,,0.73260073,44.28571429,6.045,273,46,13,32,14,2026-07-20,2026-07-20
bbe-a1-jul-26--venda--perpetuo--hot_cbo_videos,120246641531020489,00_automatico_ig030_fb030,120246641531090489,"ADS 6 - WORKSHOP CHURRASCO",120246641577230489,2026-07-20,0.79,,,,43.88888889,,18,2,1,1,1,2026-07-20,2026-07-20
bbe-a1-jul-26--venda--perpetuo--hot_cbo_videos,120246641531020489,01_automatico_ig180_fb180,120246641531130489,"ADS 7 V4 - WORKSHOP CHURRASCO",120246641577460489,2026-07-20,0.88,2,,5.88235294,25.88235294,0.44,34,11,5,6,2,2026-07-20,2026-07-20
bbe-a1-jul-26--venda--perpetuo--cold_cbo_videos,120246640857600489,01_automatico_lal1-tally-empresarios_interesses,120246640857760489,"ADS 5 V3 - WORKSHOP CHURRASCO",120246641330610489,2026-07-20,0.33,,,,165,,2,2,,1,,2026-07-20,2026-07-20
bbe-a1-jul-26--venda--perpetuo--cold_cbo_videos,120246640857600489,00_automatico_lal1-ig030,120246640857650489,"ADS 9 V3 - WORKSHOP CHURRASCO",120246641489070489,2026-07-20,2.64,1,,0.86956522,22.95652174,2.64,115,25,10,11,5,2026-07-20,2026-07-20
bbe-a1-jul-26--venda--perpetuo--hot_cbo_videos,120246641531020489,00_automatico_ig030_fb030,120246641531090489,"ADS 3 V3 - WORKSHOP CHURRASCO",120246641577190489,2026-07-20,5.99,6,,4.37956204,43.72262774,0.99833333,137,37,15,27,11,2026-07-20,2026-07-20
bbe-a1-jul-26--venda--perpetuo--cold_cbo_videos,120246640857600489,01_automatico_lal1-tally-empresarios_interesses,120246640857760489,"ADS 5 V2 - WORKSHOP CHURRASCO",120246641325590489,2026-07-20,3.25,4,,8.69565217,70.65217391,0.8125,46,13,6,6,4,2026-07-20,2026-07-20
bbe-a1-jul-26--venda--perpetuo--hot_cbo_estaticos,120246640738580489,00_automatico_ig030_fb030,120246640738730489,ad05-bbe-ppt-mai26--estraga-no-preparo,120246640809550489,2026-07-20,21.88,13,,1.9969278,33.60983103,1.68307692,651,,,,,2026-07-20,2026-07-20
bbe-a1-jul-26--venda--perpetuo--cold_cbo_videos,120246640857600489,00_automatico_lal1-ig030,120246640857650489,"ADS 9 V2 - WORKSHOP CHURRASCO",120246641489080489,2026-07-20,0.02,,,,20,,1,1,,,,2026-07-20,2026-07-20
bbe-a1-jul-26--venda--perpetuo--cold_cbo_videos,120246640857600489,00_automatico_lal1-ig030,120246640857650489,"ADS 9 V1 - WORKSHOP CHURRASCO",120246641477720489,2026-07-20,2.09,,,,36.66666667,,57,18,10,10,5,2026-07-20,2026-07-20
bbe-a1-jul-26--venda--perpetuo--hot_cbo_videos,120246641531020489,01_automatico_seguidores_ig_fb,120246641530990489,"ADS 7 V4 - WORKSHOP CHURRASCO",120246641577000489,2026-07-20,2.41,1,,2.17391304,52.39130435,2.41,46,10,4,4,3,2026-07-20,2026-07-20
bbe-a1-jul-26--venda--perpetuo--hot_cbo_videos,120246641531020489,01_automatico_seguidores_ig_fb,120246641530990489,"ADS 5 V1 - WORKSHOP CHURRASCO",120246641577130489,2026-07-20,1.85,,,,66.07142857,,28,4,,1,,2026-07-20,2026-07-20
bbe-a1-jul-26--venda--perpetuo--cold_cbo_videos,120246640857600489,01_automatico_lal1-tally-empresarios_interesses,120246640857760489,"ADS 7 V1 - WORKSHOP CHURRASCO",120246641352950489,2026-07-20,1.49,,,,106.42857143,,14,2,2,2,2,2026-07-20,2026-07-20
bbe-a1-jul-26--venda--perpetuo--cold_cbo_videos,120246640857600489,01_automatico_lal1-tally-empresarios_interesses,120246640857760489,"ADS 2 - WORKSHOP CHURRASCO",120246641131020489,2026-07-20,0.05,,,,16.66666667,,3,,,,,2026-07-20,2026-07-20
bbe-a1-jul-26--venda--perpetuo--hot_cbo_videos,120246641531020489,01_automatico_ig180_fb180,120246641531130489,"ADS 9 V2 - WORKSHOP CHURRASCO",120246641595700489,2026-07-20,2.67,4,,10.81081081,72.16216216,0.6675,37,14,6,6,2,2026-07-20,2026-07-20
bbe-a1-jul-26--venda--perpetuo--hot_cbo_videos,120246641531020489,00_automatico_ig030_fb030,120246641531090489,"ADS 5 V1 - WORKSHOP CHURRASCO",120246641577290489,2026-07-20,0.07,,,,14,,5,1,,1,,2026-07-20,2026-07-20
bbe-a1-jul-26--venda--perpetuo--hot_cbo_videos,120246641531020489,01_automatico_ig180_fb180,120246641531130489,"ADS 2 - WORKSHOP CHURRASCO",120246641577530489,2026-07-20,0.01,,,,5,,2,,,,,2026-07-20,2026-07-20
bbe-a1-jul-26--venda--perpetuo--hot_cbo_videos,120246641531020489,01_automatico_seguidores_ig_fb,120246641530990489,"ADS 3 V2 - WORKSHOP CHURRASCO",120246641577030489,2026-07-20,0.74,1,,5,37,0.74,20,3,1,3,,2026-07-20,2026-07-20
bbe-a1-jul-26--venda--perpetuo--cold_cbo_videos,120246640857600489,01_automatico_lal1-tally-empresarios_interesses,120246640857760489,"ADS 3 V4 - WORKSHOP CHURRASCO",120246641218470489,2026-07-20,15.71,3,,1.00334448,52.54180602,5.23666667,299,70,16,32,12,2026-07-20,2026-07-20
bbe-a1-jul-26--venda--perpetuo--cold_cbo_videos,120246640857600489,00_automatico_lal1-ig030,120246640857650489,"ADS 6 - WORKSHOP CHURRASCO",120246641477770489,2026-07-20,7.27,6,,2.55319149,30.93617021,1.21166667,235,76,36,37,26,2026-07-20,2026-07-20
bbe-a1-jul-26--venda--perpetuo--hot_cbo_videos,120246641531020489,01_automatico_ig180_fb180,120246641531130489,"ADS 3 V3 - WORKSHOP CHURRASCO",120246641577540489,2026-07-20,10.44,4,,1.73913043,45.39130435,2.61,230,53,20,30,17,2026-07-20,2026-07-20
bbe-a1-jul-26--venda--perpetuo--hot_cbo_videos,120246641531020489,00_automatico_ig030_fb030,120246641531090489,"ADS 3 V5 - WORKSHOP CHURRASCO",120246641577240489,2026-07-20,0.75,,,,75,,10,3,1,1,1,2026-07-20,2026-07-20
bbe-a1-jul-26--venda--perpetuo--cold_cbo_videos,120246640857600489,01_automatico_lal1-tally-empresarios_interesses,120246640857760489,"ADS 7 V2 - WORKSHOP CHURRASCO",120246641365330489,2026-07-20,0.6,,,,60,,10,3,3,3,1,2026-07-20,2026-07-20
bbe-a1-jul-26--venda--perpetuo--hot_cbo_videos,120246641531020489,01_automatico_seguidores_ig_fb,120246641530990489,"ADS 4 V2 - WORKSHOP CHURRASCO",120246641577100489,2026-07-20,35.47,25,1,2.77777778,39.41111111,1.4188,900,189,47,130,52,2026-07-20,2026-07-20
bbe-a1-jul-26--venda--perpetuo--hot_cbo_videos,120246641531020489,01_automatico_ig180_fb180,120246641531130489,"ADS 3 V5 - WORKSHOP CHURRASCO",120246641577470489,2026-07-20,0.06,,,,30,,2,1,,,,2026-07-20,2026-07-20
bbe-a1-jul-26--venda--perpetuo--cold_cbo_videos,120246640857600489,00_automatico_lal1-ig030,120246640857650489,"ADS 2 - WORKSHOP CHURRASCO",120246641477880489,2026-07-20,0.16,,,,26.66666667,,6,2,,,,2026-07-20,2026-07-20
bbe-a1-jul-26--venda--perpetuo--cold_cbo_videos,120246640857600489,01_automatico_lal1-tally-empresarios_interesses,120246640857760489,"ADS 7 V4 - WORKSHOP CHURRASCO",120246641388460489,2026-07-20,0.29,1,,8.33333333,24.16666667,0.29,12,4,2,2,1,2026-07-20,2026-07-20
bbe-a1-jul-26--venda--perpetuo--cold_cbo_videos,120246640857600489,00_automatico_lal1-ig030,120246640857650489,"ADS 4 V1 - WORKSHOP CHURRASCO",120246641477830489,2026-07-20,0.99,,,,35.35714286,,28,5,3,5,3,2026-07-20,2026-07-20
bbe-a1-jul-26--venda--perpetuo--hot_cbo_estaticos,120246640738580489,00_automatico_ig030_fb030,120246640738730489,ad04-bbe-ppt-mai26--o-netão-te-ensina,120246640809560489,2026-07-20,4.33,2,,1.8018018,39.00900901,2.165,111,,,,,2026-07-20,2026-07-20
bbe-a1-jul-26--venda--perpetuo--hot_cbo_videos,120246641531020489,01_automatico_seguidores_ig_fb,120246641530990489,"ADS 5 V2 - WORKSHOP CHURRASCO",120246641577070489,2026-07-20,0.02,,,,10,,2,,,,,2026-07-20,2026-07-20
bbe-a1-jul-26--venda--perpetuo--hot_cbo_videos,120246641531020489,01_automatico_ig180_fb180,120246641531130489,"ADS 8 V2 - WORKSHOP CHURRASCO",120246641577550489,2026-07-20,0.27,,,,20.76923077,,13,4,2,2,1,2026-07-20,2026-07-20
bbe-a1-jul-26--venda--perpetuo--hot_cbo_videos,120246641531020489,00_automatico_ig030_fb030,120246641531090489,"ADS 5 V3 - WORKSHOP CHURRASCO",120246641577170489,2026-07-20,0.15,,,,37.5,,4,4,1,2,,2026-07-20,2026-07-20
bbe-a1-jul-26--venda--perpetuo--cold_cbo_videos,120246640857600489,00_automatico_lal1-ig030,120246640857650489,"ADS 7 V2 - WORKSHOP CHURRASCO",120246641477780489,2026-07-20,0.48,,,,53.33333333,,9,1,,,,2026-07-20,2026-07-20
bbe-a1-jul-26--venda--perpetuo--hot_cbo_videos,120246641531020489,01_automatico_ig180_fb180,120246641531130489,"ADS 6 - WORKSHOP CHURRASCO",120246641577450489,2026-07-20,9.24,5,,2.85714286,52.8,1.848,175,58,25,26,21,2026-07-20,2026-07-20
bbe-a1-jul-26--venda--perpetuo--cold_cbo_videos,120246640857600489,01_automatico_lal1-tally-empresarios_interesses,120246640857760489,"ADS 7 V3 - WORKSHOP CHURRASCO",120246641377670489,2026-07-20,0.64,,,,64,,10,3,1,1,1,2026-07-20,2026-07-20
bbe-a1-jul-26--venda--perpetuo--hot_cbo_videos,120246641531020489,01_automatico_seguidores_ig_fb,120246641530990489,"ADS 6 - WORKSHOP CHURRASCO",120246641577040489,2026-07-20,1.17,1,,3.84615385,45,1.17,26,9,4,5,4,2026-07-20,2026-07-20
bbe-a1-jul-26--venda--perpetuo--hot_cbo_videos,120246641531020489,01_automatico_seguidores_ig_fb,120246641530990489,"ADS 9 V3 - WORKSHOP CHURRASCO",120246641595720489,2026-07-20,0.05,,,,10,,5,1,1,1,1,2026-07-20,2026-07-20
bbe-a1-jul-26--venda--perpetuo--cold_cbo_videos,120246640857600489,01_automatico_lal1-tally-empresarios_interesses,120246640857760489,"ADS 6 - WORKSHOP CHURRASCO",120246641339440489,2026-07-20,61.39,26,2,2.00617284,47.36882716,2.36115385,1296,445,231,238,171,2026-07-20,2026-07-20
bbe-a1-jul-26--venda--perpetuo--cold_cbo_videos,120246640857600489,00_automatico_lal1-ig030,120246640857650489,"ADS 5 V2 - WORKSHOP CHURRASCO",120246641477790489,2026-07-20,0.54,,,,30,,18,5,,2,,2026-07-20,2026-07-20
bbe-a1-jul-26--venda--perpetuo--hot_cbo_estaticos,120246640738580489,01_automatico_seguidores_ig_fb,120246640738460489,ad05-bbe-ppt-mai26--estraga-no-preparo,120246640809040489,2026-07-20,0.01,,,,10,,1,,,,,2026-07-20,2026-07-20
bbe-a1-jul-26--venda--perpetuo--cold_cbo_videos,120246640857600489,00_automatico_lal1-ig030,120246640857650489,"ADS 5 V3 - WORKSHOP CHURRASCO",120246641477800489,2026-07-20,0.21,,,,30,,7,3,1,1,1,2026-07-20,2026-07-20
bbe-a1-jul-26--venda--perpetuo--hot_cbo_estaticos,120246640738580489,00_automatico_ig030_fb030,120246640738730489,ad02-bbe-ppt-mai26--o-maior-inimigo-do-churrasqueiro,120246640809570489,2026-07-20,0.02,,,,10,,2,,,,,2026-07-20,2026-07-20
bbe-a1-jul-26--venda--perpetuo--hot_cbo_videos,120246641531020489,01_automatico_ig180_fb180,120246641531130489,"ADS 7 V2 - WORKSHOP CHURRASCO",120246641577420489,2026-07-20,1.63,,,,50.9375,,32,10,4,4,4,2026-07-20,2026-07-20
bbe-a1-jul-26--venda--perpetuo--hot_cbo_videos,120246641531020489,01_automatico_ig180_fb180,120246641531130489,"ADS 7 V1 - WORKSHOP CHURRASCO",120246641577390489,2026-07-20,0.08,,,,13.33333333,,6,2,1,1,1,2026-07-20,2026-07-20
bbe-a1-jul-26--venda--perpetuo--hot_cbo_estaticos,120246640738580489,01_automatico_ig180_fb180,120246640738570489,ad01-bbe-ppt-mai26--acertar-o-ponto-da-carne,120246640809110489,2026-07-20,2.27,,,,46.32653061,,49,,,,,2026-07-20,2026-07-20
bbe-a1-jul-26--venda--perpetuo--hot_cbo_videos,120246641531020489,00_automatico_ig030_fb030,120246641531090489,"ADS 7 V4 - WORKSHOP CHURRASCO",120246641577300489,2026-07-20,0.24,1,,12.5,30,0.24,8,4,1,1,,2026-07-20,2026-07-20
bbe-a1-jul-26--venda--perpetuo--hot_cbo_videos,120246641531020489,01_automatico_ig180_fb180,120246641531130489,"ADS 4 V1 - WORKSHOP CHURRASCO",120246641577430489,2026-07-20,0,,,,0,,1,1,,,,2026-07-20,2026-07-20
bbe-a1-jul-26--venda--perpetuo--cold_cbo_videos,120246640857600489,01_automatico_lal1-tally-empresarios_interesses,120246640857760489,"ADS 4 V1 - WORKSHOP CHURRASCO",120246641263910489,2026-07-20,19.37,7,,1.89701897,52.49322493,2.76714286,369,83,18,66,21,2026-07-20,2026-07-20
bbe-a1-jul-26--venda--perpetuo--hot_cbo_videos,120246641531020489,00_automatico_ig030_fb030,120246641531090489,"ADS 3 V4 - WORKSHOP CHURRASCO",120246641577310489,2026-07-20,2.79,2,1,4.76190476,66.42857143,1.395,42,16,6,11,5,2026-07-20,2026-07-20
bbe-a1-jul-26--venda--perpetuo--cold_cbo_videos,120246640857600489,01_automatico_lal1-tally-empresarios_interesses,120246640857760489,"ADS 3 V1 - WORKSHOP CHURRASCO",120246641158690489,2026-07-20,1.05,2,,11.76470588,61.76470588,0.525,17,7,5,5,4,2026-07-20,2026-07-20
bbe-a1-jul-26--venda--perpetuo--hot_cbo_videos,120246641531020489,00_automatico_ig030_fb030,120246641531090489,"ADS 8 V2 - WORKSHOP CHURRASCO",120246641577220489,2026-07-20,0.26,,,,52,,5,1,1,1,,2026-07-20,2026-07-20
bbe-a1-jul-26--venda--perpetuo--cold_cbo_videos,120246640857600489,00_automatico_lal1-ig030,120246640857650489,"ADS 7 V3 - WORKSHOP CHURRASCO",120246641477740489,2026-07-20,0.47,,,,39.16666667,,12,5,1,1,,2026-07-20,2026-07-20
bbe-a1-jul-26--venda--perpetuo--cold_cbo_videos,120246640857600489,01_automatico_lal1-tally-empresarios_interesses,120246640857760489,"ADS 3 V3 - WORKSHOP CHURRASCO",120246641202010489,2026-07-20,0.71,,,,39.44444444,,18,5,2,7,2,2026-07-20,2026-07-20
bbe-a1-jul-26--venda--perpetuo--hot_cbo_videos,120246641531020489,01_automatico_seguidores_ig_fb,120246641530990489,"ADS 3 V5 - WORKSHOP CHURRASCO",120246641577050489,2026-07-20,11.67,7,,3.44827586,57.48768473,1.66714286,203,43,13,25,10,2026-07-20,2026-07-20
bbe-a1-jul-26--venda--perpetuo--hot_cbo_videos,120246641531020489,01_automatico_seguidores_ig_fb,120246641530990489,"ADS 3 V1 - WORKSHOP CHURRASCO",120246641577140489,2026-07-20,10.01,4,,1.5503876,38.79844961,2.5025,258,54,14,26,11,2026-07-20,2026-07-20
bbe-a1-jul-26--venda--perpetuo--hot_cbo_estaticos,120246640738580489,01_automatico_seguidores_ig_fb,120246640738460489,ad03-bbe-ppt-mai26--o-ponto-perfeito-da-carne,120246640809050489,2026-07-20,9.29,4,,1.41843972,32.94326241,2.3225,282,,,,,2026-07-20,2026-07-20
bbe-a1-jul-26--venda--perpetuo--hot_cbo_videos,120246641531020489,01_automatico_ig180_fb180,120246641531130489,"ADS 8 V1 - WORKSHOP CHURRASCO",120246641577500489,2026-07-20,0.04,,,,40,,1,,,,,2026-07-20,2026-07-20
bbe-a1-jul-26--venda--perpetuo--hot_cbo_estaticos,120246640738580489,01_automatico_ig180_fb180,120246640738570489,ad04-bbe-ppt-mai26--o-netão-te-ensina,120246640809170489,2026-07-20,88.24,86,3,2.34652115,24.07639836,1.02604651,3665,,,,,2026-07-20,2026-07-20
bbe-a1-jul-26--venda--perpetuo--hot_cbo_estaticos,120246640738580489,01_automatico_seguidores_ig_fb,120246640738460489,ad06-bbe-ppt-mai26--agora-é-sua-vez,120246640809030489,2026-07-20,5.25,2,,1.14942529,30.17241379,2.625,174,,,,,2026-07-20,2026-07-20
bbe-a1-jul-26--venda--perpetuo--hot_cbo_videos,120246641531020489,01_automatico_ig180_fb180,120246641531130489,"ADS 9 V3 - WORKSHOP CHURRASCO",120246641595710489,2026-07-20,0.17,,,,24.28571429,,7,,,,,2026-07-20,2026-07-20
bbe-a1-jul-26--venda--perpetuo--hot_cbo_videos,120246641531020489,00_automatico_ig030_fb030,120246641531090489,"ADS 8 V1 - WORKSHOP CHURRASCO",120246641577340489,2026-07-20,0.28,2,,66.66666667,93.33333333,0.14,3,2,2,2,2,2026-07-20,2026-07-20
bbe-a1-jul-26--venda--perpetuo--hot_cbo_videos,120246641531020489,00_automatico_ig030_fb030,120246641531090489,"ADS 3 V2 - WORKSHOP CHURRASCO",120246641577280489,2026-07-20,0.19,1,,16.66666667,31.66666667,0.19,6,3,,1,,2026-07-20,2026-07-20
bbe-a1-jul-26--venda--perpetuo--hot_cbo_videos,120246641531020489,01_automatico_seguidores_ig_fb,120246641530990489,"ADS 1 - WORKSHOP CHURRASCO",120246641576970489,2026-07-20,0.08,1,,100,80,0.08,1,1,1,1,1,2026-07-20,2026-07-20
bbe-a1-jul-26--venda--perpetuo--cold_cbo_videos,120246640857600489,01_automatico_lal1-tally-empresarios_interesses,120246640857760489,"ADS 8 V2 - WORKSHOP CHURRASCO",120246641411440489,2026-07-20,0.34,,,,56.66666667,,6,1,1,1,,2026-07-20,2026-07-20
bbe-a1-jul-26--venda--perpetuo--hot_cbo_videos,120246641531020489,00_automatico_ig030_fb030,120246641531090489,"ADS 7 V2 - WORKSHOP CHURRASCO",120246641577210489,2026-07-20,0.65,,,,36.11111111,,18,1,,,,2026-07-20,2026-07-20
bbe-a1-jul-26--venda--perpetuo--hot_cbo_videos,120246641531020489,00_automatico_ig030_fb030,120246641531090489,"ADS 9 V3 - WORKSHOP CHURRASCO",120246641595740489,2026-07-20,0.79,,,,49.375,,16,7,6,6,2,2026-07-20,2026-07-20
bbe-a1-jul-26--venda--perpetuo--hot_cbo_videos,120246641531020489,01_automatico_seguidores_ig_fb,120246641530990489,"ADS 9 V1 - WORKSHOP CHURRASCO",120246641576990489,2026-07-20,0.06,,,,30,,2,1,,,,2026-07-20,2026-07-20
bbe-a1-jul-26--venda--perpetuo--hot_cbo_videos,120246641531020489,00_automatico_ig030_fb030,120246641531090489,"ADS 1 - WORKSHOP CHURRASCO",120246641577180489,2026-07-20,0.03,,,,15,,2,,,,,2026-07-20,2026-07-20
bbe-a1-jul-26--venda--perpetuo--cold_cbo_videos,120246640857600489,01_automatico_lal1-tally-empresarios_interesses,120246640857760489,"ADS 4 V2 - WORKSHOP CHURRASCO",120246641278710489,2026-07-20,0.53,,,,44.16666667,,12,2,1,2,1,2026-07-20,2026-07-20
bbe-a1-jul-26--venda--perpetuo--hot_cbo_videos,120246641531020489,00_automatico_ig030_fb030,120246641531090489,"ADS 7 V1 - WORKSHOP CHURRASCO",120246641577160489,2026-07-20,3.1,4,,7.69230769,59.61538462,0.775,52,20,13,13,5,2026-07-20,2026-07-20
bbe-a1-jul-26--venda--perpetuo--hot_cbo_videos,120246641531020489,00_automatico_ig030_fb030,120246641531090489,"ADS 6 - WORKSHOP CHURRASCO",120246641577230489,2026-07-19,0.01,,,,10,,1,,,,,2026-07-19,2026-07-19
bbe-a1-jul-26--venda--perpetuo--hot_cbo_videos,120246641531020489,00_automatico_ig030_fb030,120246641531090489,"ADS 9 V1 - WORKSHOP CHURRASCO",120246641577200489,2026-07-19,1.37,,,,228.33333333,,6,3,2,2,1,2026-07-19,2026-07-19
bbe-a1-jul-26--venda--perpetuo--cold_cbo_videos,120246640857600489,00_automatico_lal1-ig030,120246640857650489,"ADS 6 - WORKSHOP CHURRASCO",120246641477770489,2026-07-19,10.86,12,,1.49625935,13.54114713,0.905,802,243,108,111,68,2026-07-19,2026-07-19
bbe-a1-jul-26--venda--perpetuo--hot_cbo_videos,120246641531020489,00_automatico_ig030_fb030,120246641531090489,"ADS 2 - WORKSHOP CHURRASCO",120246641577330489,2026-07-19,1.63,1,,2.12765957,34.68085106,1.63,47,14,2,5,1,2026-07-19,2026-07-19
bbe-a1-jul-26--venda--perpetuo--cold_cbo_videos,120246640857600489,00_automatico_lal1-ig030,120246640857650489,"ADS 3 V5 - WORKSHOP CHURRASCO",120246641477840489,2026-07-19,0.76,,,,25.33333333,,30,5,,2,,2026-07-19,2026-07-19
bbe-a1-jul-26--venda--perpetuo--hot_cbo_videos,120246641531020489,00_automatico_ig030_fb030,120246641531090489,"ADS 4 V2 - WORKSHOP CHURRASCO",120246641577320489,2026-07-19,0.01,,,,10,,1,,,,,2026-07-19,2026-07-19
bbe-a1-jul-26--venda--perpetuo--cold_cbo_videos,120246640857600489,01_automatico_lal1-tally-empresarios_interesses,120246640857760489,"ADS 9 V1 - WORKSHOP CHURRASCO",120246641425940489,2026-07-19,1.38,,,,16.04651163,,86,29,11,11,3,2026-07-19,2026-07-19
bbe-a1-jul-26--venda--perpetuo--cold_cbo_videos,120246640857600489,00_automatico_lal1-ig030,120246640857650489,"ADS 4 V2 - WORKSHOP CHURRASCO",120246641477820489,2026-07-19,2.3,3,,2.4,18.4,0.76666667,125,28,5,19,5,2026-07-19,2026-07-19
bbe-a1-jul-26--venda--perpetuo--cold_cbo_videos,120246640857600489,00_automatico_lal1-ig030,120246640857650489,"ADS 2 - WORKSHOP CHURRASCO",120246641477880489,2026-07-19,0.12,1,,25,30,0.12,4,2,,1,,2026-07-19,2026-07-19
bbe-a1-jul-26--venda--perpetuo--cold_cbo_videos,120246640857600489,00_automatico_lal1-ig030,120246640857650489,"ADS 4 V1 - WORKSHOP CHURRASCO",120246641477830489,2026-07-19,1.37,,,,23.62068966,,58,8,,2,,2026-07-19,2026-07-19
bbe-a1-jul-26--venda--perpetuo--hot_cbo_videos,120246641531020489,01_automatico_seguidores_ig_fb,120246641530990489,"ADS 5 V1 - WORKSHOP CHURRASCO",120246641577130489,2026-07-19,3.13,5,1,9.43396226,59.05660377,0.626,53,17,5,9,5,2026-07-19,2026-07-19
bbe-a1-jul-26--venda--perpetuo--hot_cbo_videos,120246641531020489,01_automatico_seguidores_ig_fb,120246641530990489,"ADS 4 V2 - WORKSHOP CHURRASCO",120246641577100489,2026-07-19,1.08,4,1,11.76470588,31.76470588,0.27,34,8,4,7,4,2026-07-19,2026-07-19
bbe-a1-jul-26--venda--perpetuo--cold_cbo_videos,120246640857600489,00_automatico_lal1-ig030,120246640857650489,"ADS 5 V1 - WORKSHOP CHURRASCO",120246641477850489,2026-07-19,0.32,,,,35.55555556,,9,4,2,2,,2026-07-19,2026-07-19
bbe-a1-jul-26--venda--perpetuo--cold_cbo_videos,120246640857600489,00_automatico_lal1-ig030,120246640857650489,"ADS 9 V1 - WORKSHOP CHURRASCO",120246641477720489,2026-07-19,2.46,1,,0.82644628,20.33057851,2.46,121,30,11,10,5,2026-07-19,2026-07-19
bbe-a1-jul-26--venda--perpetuo--hot_cbo_videos,120246641531020489,01_automatico_seguidores_ig_fb,120246641530990489,"ADS 3 V2 - WORKSHOP CHURRASCO",120246641577030489,2026-07-19,0.12,1,,33.33333333,40,0.12,3,1,1,1,,2026-07-19,2026-07-19
bbe-a1-jul-26--venda--perpetuo--hot_cbo_videos,120246641531020489,01_automatico_ig180_fb180,120246641531130489,"ADS 2 - WORKSHOP CHURRASCO",120246641577530489,2026-07-19,0.08,,,,16,,5,1,1,1,1,2026-07-19,2026-07-19
bbe-a1-jul-26--venda--perpetuo--hot_cbo_videos,120246641531020489,00_automatico_ig030_fb030,120246641531090489,"ADS 5 V1 - WORKSHOP CHURRASCO",120246641577290489,2026-07-19,0.59,,,,49.16666667,,12,2,1,2,,2026-07-19,2026-07-19
bbe-a1-jul-26--venda--perpetuo--hot_cbo_videos,120246641531020489,01_automatico_ig180_fb180,120246641531130489,"ADS 9 V2 - WORKSHOP CHURRASCO",120246641595700489,2026-07-19,1.49,2,,5.12820513,38.20512821,0.745,39,14,8,8,5,2026-07-19,2026-07-19
bbe-a1-jul-26--venda--perpetuo--cold_cbo_videos,120246640857600489,01_automatico_lal1-tally-empresarios_interesses,120246640857760489,"ADS 2 - WORKSHOP CHURRASCO",120246641131020489,2026-07-19,0.21,,,,105,,2,1,,,,2026-07-19,2026-07-19
bbe-a1-jul-26--venda--perpetuo--cold_cbo_videos,120246640857600489,00_automatico_lal1-ig030,120246640857650489,"ADS 3 V4 - WORKSHOP CHURRASCO",120246641477890489,2026-07-19,0.01,,,,5,,2,,,,,2026-07-19,2026-07-19
bbe-a1-jul-26--venda--perpetuo--hot_cbo_videos,120246641531020489,01_automatico_seguidores_ig_fb,120246641530990489,"ADS 7 V4 - WORKSHOP CHURRASCO",120246641577000489,2026-07-19,0.06,,,,30,,2,,,,,2026-07-19,2026-07-19
bbe-a1-jul-26--venda--perpetuo--cold_cbo_videos,120246640857600489,01_automatico_lal1-tally-empresarios_interesses,120246640857760489,"ADS 5 V3 - WORKSHOP CHURRASCO",120246641330610489,2026-07-19,0.44,,,,55,,8,4,1,1,,2026-07-19,2026-07-19
bbe-a1-jul-26--venda--perpetuo--hot_cbo_videos,120246641531020489,01_automatico_ig180_fb180,120246641531130489,"ADS 7 V4 - WORKSHOP CHURRASCO",120246641577460489,2026-07-19,0.15,,,,50,,3,1,1,1,,2026-07-19,2026-07-19
bbe-a1-jul-26--venda--perpetuo--cold_cbo_videos,120246640857600489,00_automatico_lal1-ig030,120246640857650489,"ADS 9 V3 - WORKSHOP CHURRASCO",120246641489070489,2026-07-19,4.68,2,,0.82644628,19.33884298,2.34,242,62,21,21,9,2026-07-19,2026-07-19
bbe-a1-jul-26--venda--perpetuo--hot_cbo_videos,120246641531020489,01_automatico_ig180_fb180,120246641531130489,"ADS 3 V2 - WORKSHOP CHURRASCO",120246641577480489,2026-07-19,0.57,1,,4.34782609,24.7826087,0.57,23,7,2,5,1,2026-07-19,2026-07-19
bbe-a1-jul-26--venda--perpetuo--hot_cbo_videos,120246641531020489,01_automatico_ig180_fb180,120246641531130489,"ADS 3 V4 - WORKSHOP CHURRASCO",120246641577520489,2026-07-19,0,1,,100,0,0,1,,,,,2026-07-19,2026-07-19
bbe-a1-jul-26--venda--perpetuo--hot_cbo_videos,120246641531020489,01_automatico_ig180_fb180,120246641531130489,"ADS 4 V1 - WORKSHOP CHURRASCO",120246641577430489,2026-07-19,0.83,3,,8.82352941,24.41176471,0.27666667,34,5,4,5,4,2026-07-19,2026-07-19
bbe-a1-jul-26--venda--perpetuo--hot_cbo_videos,120246641531020489,00_automatico_ig030_fb030,120246641531090489,"ADS 7 V4 - WORKSHOP CHURRASCO",120246641577300489,2026-07-19,0.09,,,,45,,2,,,,,2026-07-19,2026-07-19
bbe-a1-jul-26--venda--perpetuo--hot_cbo_videos,120246641531020489,01_automatico_seguidores_ig_fb,120246641530990489,"ADS 2 - WORKSHOP CHURRASCO",120246641577090489,2026-07-19,0.33,1,,11.11111111,36.66666667,0.33,9,3,1,2,1,2026-07-19,2026-07-19
bbe-a1-jul-26--venda--perpetuo--cold_cbo_videos,120246640857600489,00_automatico_lal1-ig030,120246640857650489,"ADS 8 V2 - WORKSHOP CHURRASCO",120246641477730489,2026-07-19,0.06,,,,7.5,,8,1,,,,2026-07-19,2026-07-19
bbe-a1-jul-26--venda--perpetuo--cold_cbo_videos,120246640857600489,01_automatico_lal1-tally-empresarios_interesses,120246640857760489,"ADS 6 - WORKSHOP CHURRASCO",120246641339440489,2026-07-19,1.47,1,,4.54545455,66.81818182,1.47,22,7,4,4,4,2026-07-19,2026-07-19
bbe-a1-jul-26--venda--perpetuo--hot_cbo_videos,120246641531020489,01_automatico_seguidores_ig_fb,120246641530990489,"ADS 9 V3 - WORKSHOP CHURRASCO",120246641595720489,2026-07-19,0.76,1,,16.66666667,126.66666667,0.76,6,6,3,3,2,2026-07-19,2026-07-19
bbe-a1-jul-26--venda--perpetuo--hot_cbo_videos,120246641531020489,01_automatico_seguidores_ig_fb,120246641530990489,"ADS 6 - WORKSHOP CHURRASCO",120246641577040489,2026-07-19,0.92,,,,92,,10,4,2,2,1,2026-07-19,2026-07-19
bbe-a1-jul-26--venda--perpetuo--cold_cbo_videos,120246640857600489,01_automatico_lal1-tally-empresarios_interesses,120246640857760489,"ADS 7 V3 - WORKSHOP CHURRASCO",120246641377670489,2026-07-19,0.26,,,,43.33333333,,6,2,,,,2026-07-19,2026-07-19
bbe-a1-jul-26--venda--perpetuo--hot_cbo_videos,120246641531020489,01_automatico_ig180_fb180,120246641531130489,"ADS 6 - WORKSHOP CHURRASCO",120246641577450489,2026-07-19,2.58,1,,7.14285714,184.28571429,2.58,14,4,2,2,1,2026-07-19,2026-07-19
bbe-a1-jul-26--venda--perpetuo--cold_cbo_videos,120246640857600489,00_automatico_lal1-ig030,120246640857650489,"ADS 5 V2 - WORKSHOP CHURRASCO",120246641477790489,2026-07-19,0.07,,,,35,,2,,,,,2026-07-19,2026-07-19
bbe-a1-jul-26--venda--perpetuo--cold_cbo_videos,120246640857600489,00_automatico_lal1-ig030,120246640857650489,"ADS 7 V2 - WORKSHOP CHURRASCO",120246641477780489,2026-07-19,0.03,,,,15,,2,,,,,2026-07-19,2026-07-19
bbe-a1-jul-26--venda--perpetuo--cold_cbo_videos,120246640857600489,01_automatico_lal1-tally-empresarios_interesses,120246640857760489,"ADS 8 V2 - WORKSHOP CHURRASCO",120246641411440489,2026-07-19,3.44,,,,104.24242424,,33,11,1,1,,2026-07-19,2026-07-19
bbe-a1-jul-26--venda--perpetuo--cold_cbo_videos,120246640857600489,00_automatico_lal1-ig030,120246640857650489,"ADS 5 V3 - WORKSHOP CHURRASCO",120246641477800489,2026-07-19,1.1,2,,3.38983051,18.6440678,0.55,59,24,6,12,3,2026-07-19,2026-07-19
bbe-a1-jul-26--venda--perpetuo--cold_cbo_videos,120246640857600489,00_automatico_lal1-ig030,120246640857650489,"ADS 7 V1 - WORKSHOP CHURRASCO",120246641477760489,2026-07-19,0.27,,,,14.21052632,,19,3,,,,2026-07-19,2026-07-19
bbe-a1-jul-26--venda--perpetuo--hot_cbo_videos,120246641531020489,01_automatico_ig180_fb180,120246641531130489,"ADS 3 V1 - WORKSHOP CHURRASCO",120246641577490489,2026-07-19,0.03,,,,15,,2,1,,,,2026-07-19,2026-07-19
bbe-a1-jul-26--venda--perpetuo--hot_cbo_videos,120246641531020489,00_automatico_ig030_fb030,120246641531090489,"ADS 3 V2 - WORKSHOP CHURRASCO",120246641577280489,2026-07-19,0.37,,,,185,,2,,,,,2026-07-19,2026-07-19
bbe-a1-jul-26--venda--perpetuo--hot_cbo_videos,120246641531020489,00_automatico_ig030_fb030,120246641531090489,"ADS 7 V2 - WORKSHOP CHURRASCO",120246641577210489,2026-07-19,0.02,,,,10,,2,1,1,1,1,2026-07-19,2026-07-19
bbe-a1-jul-26--venda--perpetuo--hot_cbo_videos,120246641531020489,00_automatico_ig030_fb030,120246641531090489,"ADS 9 V3 - WORKSHOP CHURRASCO",120246641595740489,2026-07-19,1.3,,,,44.82758621,,29,11,8,8,4,2026-07-19,2026-07-19
bbe-a1-jul-26--venda--perpetuo--hot_cbo_videos,120246641531020489,01_automatico_seguidores_ig_fb,120246641530990489,"ADS 9 V1 - WORKSHOP CHURRASCO",120246641576990489,2026-07-19,0.09,,,,45,,2,,,,,2026-07-19,2026-07-19
bbe-a1-jul-26--venda--perpetuo--hot_cbo_videos,120246641531020489,00_automatico_ig030_fb030,120246641531090489,"ADS 7 V1 - WORKSHOP CHURRASCO",120246641577160489,2026-07-19,0,,,,0,,1,1,1,1,1,2026-07-19,2026-07-19
bbe-a1-jul-26--venda--perpetuo--hot_cbo_videos,120246641531020489,00_automatico_ig030_fb030,120246641531090489,"ADS 9 V1 - WORKSHOP CHURRASCO",120246641577200489,2026-07-18,0.05,,,,25,,2,,,,,2026-07-18,2026-07-18
bbe-a1-jul-26--venda--perpetuo--cold_cbo_videos,120246640857600489,00_automatico_lal1-ig030,120246640857650489,"ADS 4 V2 - WORKSHOP CHURRASCO",120246641477820489,2026-07-18,0.09,,,,18,,5,2,1,2,1,2026-07-18,2026-07-18
bbe-a1-jul-26--venda--perpetuo--hot_cbo_videos,120246641531020489,00_automatico_ig030_fb030,120246641531090489,"ADS 4 V2 - WORKSHOP CHURRASCO",120246641577320489,2026-07-18,0.65,,,,18.57142857,,35,5,3,4,3,2026-07-18,2026-07-18
bbe-a1-jul-26--venda--perpetuo--cold_cbo_videos,120246640857600489,00_automatico_lal1-ig030,120246640857650489,"ADS 8 V1 - WORKSHOP CHURRASCO",120246641477810489,2026-07-18,0.01,,,,10,,1,,,,,2026-07-18,2026-07-18
bbe-a1-jul-26--venda--perpetuo--hot_cbo_videos,120246641531020489,00_automatico_ig030_fb030,120246641531090489,"ADS 9 V2 - WORKSHOP CHURRASCO",120246641595750489,2026-07-18,0.12,,,,8.57142857,,14,1,,,,2026-07-18,2026-07-18
bbe-a1-jul-26--venda--perpetuo--cold_cbo_videos,120246640857600489,01_automatico_lal1-tally-empresarios_interesses,120246640857760489,"ADS 9 V1 - WORKSHOP CHURRASCO",120246641425940489,2026-07-18,0.07,1,,20,14,0.07,5,4,3,3,3,2026-07-18,2026-07-18
bbe-a1-jul-26--venda--perpetuo--cold_cbo_videos,120246640857600489,00_automatico_lal1-ig030,120246640857650489,"ADS 7 V4 - WORKSHOP CHURRASCO",120246641477750489,2026-07-18,0.03,,,,7.5,,4,1,,,,2026-07-18,2026-07-18
bbe-a1-jul-26--venda--perpetuo--hot_cbo_videos,120246641531020489,01_automatico_seguidores_ig_fb,120246641530990489,"ADS 7 V1 - WORKSHOP CHURRASCO",120246641576960489,2026-07-18,0.08,,,,80,,1,,,,,2026-07-18,2026-07-18
bbe-a1-jul-26--venda--perpetuo--hot_cbo_videos,120246641531020489,01_automatico_ig180_fb180,120246641531130489,"ADS 3 V2 - WORKSHOP CHURRASCO",120246641577480489,2026-07-18,0.02,,,,20,,1,1,,,,2026-07-18,2026-07-18
bbe-a1-jul-26--venda--perpetuo--hot_cbo_estaticos,120246640738580489,01_automatico_seguidores_ig_fb,120246640738460489,ad04-bbe-ppt-mai26--o-netão-te-ensina,120246640809060489,2026-07-18,2.85,5,,3.73134328,21.26865672,0.57,134,,,,,2026-07-18,2026-07-18
bbe-a1-jul-26--venda--perpetuo--cold_cbo_videos,120246640857600489,00_automatico_lal1-ig030,120246640857650489,"ADS 3 V5 - WORKSHOP CHURRASCO",120246641477840489,2026-07-18,0,,,,0,,1,,,,,2026-07-18,2026-07-18
bbe-a1-jul-26--venda--perpetuo--hot_cbo_videos,120246641531020489,01_automatico_ig180_fb180,120246641531130489,"ADS 7 V4 - WORKSHOP CHURRASCO",120246641577460489,2026-07-18,0.1,,,,16.66666667,,6,3,1,1,1,2026-07-18,2026-07-18
bbe-a1-jul-26--venda--perpetuo--cold_cbo_videos,120246640857600489,01_automatico_lal1-tally-empresarios_interesses,120246640857760489,"ADS 5 V3 - WORKSHOP CHURRASCO",120246641330610489,2026-07-18,0.48,,,,68.57142857,,7,4,2,2,2,2026-07-18,2026-07-18
bbe-a1-jul-26--venda--perpetuo--cold_cbo_videos,120246640857600489,00_automatico_lal1-ig030,120246640857650489,"ADS 9 V3 - WORKSHOP CHURRASCO",120246641489070489,2026-07-18,2.17,1,,1.69491525,36.77966102,2.17,59,28,15,15,8,2026-07-18,2026-07-18
bbe-a1-jul-26--venda--perpetuo--hot_cbo_estaticos,120246640738580489,00_automatico_ig030_fb030,120246640738730489,ad04-bbe-ppt-mai26--o-netão-te-ensina,120246640809560489,2026-07-18,11.19,10,,2.11864407,23.70762712,1.119,472,,,,,2026-07-18,2026-07-18
bbe-a1-jul-26--venda--perpetuo--hot_cbo_estaticos,120246640738580489,01_automatico_seguidores_ig_fb,120246640738460489,ad07-bbe-ppt-mai26--sal-grosso-sozinho-não-salva,120246640809070489,2026-07-18,1.82,,,,49.18918919,,37,,,,,2026-07-18,2026-07-18
bbe-a1-jul-26--venda--perpetuo--hot_cbo_estaticos,120246640738580489,01_automatico_ig180_fb180,120246640738570489,ad06-bbe-ppt-mai26--agora-é-sua-vez,120246640809130489,2026-07-18,0.81,,,,21.89189189,,37,,,,,2026-07-18,2026-07-18
bbe-a1-jul-26--venda--perpetuo--cold_cbo_estaticos,120246640510780489,00_automatico_lal1-ig030,120246640510530489,ad02-bbe-ppt-mai26--o-maior-inimigo-do-churrasqueiro,120246640549720489,2026-07-18,0.01,,,,10,,1,,,,,2026-07-18,2026-07-18
bbe-a1-jul-26--venda--perpetuo--cold_cbo_videos,120246640857600489,00_automatico_lal1-ig030,120246640857650489,"ADS 1 - WORKSHOP CHURRASCO",120246641477910489,2026-07-18,0.03,,,,30,,1,1,,,,2026-07-18,2026-07-18
bbe-a1-jul-26--venda--perpetuo--hot_cbo_videos,120246641531020489,01_automatico_seguidores_ig_fb,120246641530990489,"ADS 8 V1 - WORKSHOP CHURRASCO",120246641577150489,2026-07-18,0.14,,,,46.66666667,,3,2,1,1,,2026-07-18,2026-07-18
bbe-a1-jul-26--venda--perpetuo--hot_cbo_videos,120246641531020489,01_automatico_seguidores_ig_fb,120246641530990489,"ADS 3 V1 - WORKSHOP CHURRASCO",120246641577140489,2026-07-18,0,,,,0,,1,,,,,2026-07-18,2026-07-18
bbe-a1-jul-26--venda--perpetuo--hot_cbo_videos,120246641531020489,01_automatico_seguidores_ig_fb,120246641530990489,"ADS 7 V4 - WORKSHOP CHURRASCO",120246641577000489,2026-07-18,0.05,,,,25,,2,,,,,2026-07-18,2026-07-18
bbe-a1-jul-26--venda--perpetuo--cold_cbo_videos,120246640857600489,01_automatico_lal1-tally-empresarios_interesses,120246640857760489,"ADS 7 V1 - WORKSHOP CHURRASCO",120246641352950489,2026-07-18,0.11,,,,110,,1,,,,,2026-07-18,2026-07-18
bbe-a1-jul-26--venda--perpetuo--cold_cbo_estaticos,120246640510780489,00_automatico_lal1-ig030,120246640510530489,ad05-bbe-ppt-mai26--estraga-no-preparo,120246640619460489,2026-07-18,1.49,,,,38.20512821,,39,,,,,2026-07-18,2026-07-18
bbe-a1-jul-26--venda--perpetuo--hot_cbo_videos,120246641531020489,01_automatico_ig180_fb180,120246641531130489,"ADS 9 V2 - WORKSHOP CHURRASCO",120246641595700489,2026-07-18,0.08,,,,26.66666667,,3,1,,,,2026-07-18,2026-07-18
bbe-a1-jul-26--venda--perpetuo--hot_cbo_videos,120246641531020489,00_automatico_ig030_fb030,120246641531090489,"ADS 3 V5 - WORKSHOP CHURRASCO",120246641577240489,2026-07-18,0.23,,,,76.66666667,,3,2,,1,,2026-07-18,2026-07-18
bbe-a1-jul-26--venda--perpetuo--cold_cbo_videos,120246640857600489,01_automatico_lal1-tally-empresarios_interesses,120246640857760489,"ADS 7 V2 - WORKSHOP CHURRASCO",120246641365330489,2026-07-18,0.38,1,,16.66666667,63.33333333,0.38,6,2,,,,2026-07-18,2026-07-18
bbe-a1-jul-26--venda--perpetuo--cold_cbo_videos,120246640857600489,00_automatico_lal1-ig030,120246640857650489,"ADS 5 V1 - WORKSHOP CHURRASCO",120246641477850489,2026-07-18,0.96,2,,4.76190476,22.85714286,0.48,42,19,4,9,4,2026-07-18,2026-07-18
bbe-a1-jul-26--venda--perpetuo--hot_cbo_videos,120246641531020489,01_automatico_seguidores_ig_fb,120246641530990489,"ADS 4 V2 - WORKSHOP CHURRASCO",120246641577100489,2026-07-18,0.02,,,,20,,1,,,,,2026-07-18,2026-07-18
bbe-a1-jul-26--venda--perpetuo--hot_cbo_videos,120246641531020489,00_automatico_ig030_fb030,120246641531090489,"ADS 3 V3 - WORKSHOP CHURRASCO",120246641577190489,2026-07-18,0,,,,0,,1,,,,,2026-07-18,2026-07-18
bbe-a1-jul-26--venda--perpetuo--cold_cbo_videos,120246640857600489,01_automatico_lal1-tally-empresarios_interesses,120246640857760489,"ADS 9 V2 - WORKSHOP CHURRASCO",120246641442080489,2026-07-18,0.05,,,,16.66666667,,3,3,1,1,1,2026-07-18,2026-07-18
bbe-a1-jul-26--venda--perpetuo--cold_cbo_videos,120246640857600489,00_automatico_lal1-ig030,120246640857650489,"ADS 2 - WORKSHOP CHURRASCO",120246641477880489,2026-07-18,0.03,,,,15,,2,1,,1,,2026-07-18,2026-07-18
bbe-a1-jul-26--venda--perpetuo--cold_cbo_videos,120246640857600489,01_automatico_lal1-tally-empresarios_interesses,120246640857760489,"ADS 7 V4 - WORKSHOP CHURRASCO",120246641388460489,2026-07-18,0.05,,,,12.5,,4,,,,,2026-07-18,2026-07-18
bbe-a1-jul-26--venda--perpetuo--cold_cbo_estaticos,120246640510780489,01_automatico_lal1-tally-empresarios_interesses,120246640510490489,ad04-bbe-ppt-mai26--o-netão-te-ensina,120246640649070489,2026-07-18,0.16,,,,14.54545455,,11,,,,,2026-07-18,2026-07-18
bbe-a1-jul-26--venda--perpetuo--cold_cbo_videos,120246640857600489,00_automatico_lal1-ig030,120246640857650489,"ADS 4 V1 - WORKSHOP CHURRASCO",120246641477830489,2026-07-18,2.37,,,,34.34782609,,69,14,3,11,4,2026-07-18,2026-07-18
bbe-a1-jul-26--venda--perpetuo--cold_cbo_videos,120246640857600489,00_automatico_lal1-ig030,120246640857650489,"ADS 6 - WORKSHOP CHURRASCO",120246641477770489,2026-07-18,3.67,5,,4.34782609,31.91304348,0.734,115,41,27,29,15,2026-07-18,2026-07-18
bbe-a1-jul-26--venda--perpetuo--cold_cbo_videos,120246640857600489,00_automatico_lal1-ig030,120246640857650489,"ADS 9 V2 - WORKSHOP CHURRASCO",120246641489080489,2026-07-18,0.02,,,,4,,5,1,1,1,1,2026-07-18,2026-07-18
bbe-a1-jul-26--venda--perpetuo--hot_cbo_videos,120246641531020489,01_automatico_seguidores_ig_fb,120246641530990489,"ADS 7 V3 - WORKSHOP CHURRASCO",120246641577060489,2026-07-18,0.01,,,,10,,1,,,,,2026-07-18,2026-07-18
bbe-a1-jul-26--venda--perpetuo--hot_cbo_videos,120246641531020489,00_automatico_ig030_fb030,120246641531090489,"ADS 2 - WORKSHOP CHURRASCO",120246641577330489,2026-07-18,0.21,,,,35,,6,2,1,1,1,2026-07-18,2026-07-18
bbe-a1-jul-26--venda--perpetuo--cold_cbo_estaticos,120246640510780489,00_automatico_lal1-ig030,120246640510530489,ad07-bbe-ppt-mai26--sal-grosso-sozinho-não-salva,120246640635430489,2026-07-18,0.31,,,,28.18181818,,11,,,,,2026-07-18,2026-07-18
bbe-a1-jul-26--venda--perpetuo--cold_cbo_estaticos,120246640510780489,01_automatico_lal1-tally-empresarios_interesses,120246640510490489,ad01-bbe-ppt-mai26--acertar-o-ponto-da-carne,120246640649080489,2026-07-18,0.12,,,,13.33333333,,9,,,,,2026-07-18,2026-07-18
bbe-a1-jul-26--venda--perpetuo--hot_cbo_videos,120246641531020489,01_automatico_ig180_fb180,120246641531130489,"ADS 6 - WORKSHOP CHURRASCO",120246641577450489,2026-07-18,2.36,1,,1.19047619,28.0952381,2.36,84,23,13,13,10,2026-07-18,2026-07-18
bbe-a1-jul-26--venda--perpetuo--cold_cbo_videos,120246640857600489,01_automatico_lal1-tally-empresarios_interesses,120246640857760489,"ADS 7 V3 - WORKSHOP CHURRASCO",120246641377670489,2026-07-18,0.02,,,,6.66666667,,3,1,1,1,,2026-07-18,2026-07-18
bbe-a1-jul-26--venda--perpetuo--hot_cbo_videos,120246641531020489,01_automatico_ig180_fb180,120246641531130489,"ADS 7 V3 - WORKSHOP CHURRASCO",120246641577560489,2026-07-18,0.98,2,,9.09090909,44.54545455,0.49,22,8,3,3,1,2026-07-18,2026-07-18
bbe-a1-jul-26--venda--perpetuo--hot_cbo_videos,120246641531020489,01_automatico_seguidores_ig_fb,120246641530990489,"ADS 6 - WORKSHOP CHURRASCO",120246641577040489,2026-07-18,0.45,,,,34.61538462,,13,4,2,2,1,2026-07-18,2026-07-18
bbe-a1-jul-26--venda--perpetuo--hot_cbo_videos,120246641531020489,01_automatico_seguidores_ig_fb,120246641530990489,"ADS 9 V3 - WORKSHOP CHURRASCO",120246641595720489,2026-07-18,0.11,,,,27.5,,4,,,,,2026-07-18,2026-07-18
bbe-a1-jul-26--venda--perpetuo--cold_cbo_videos,120246640857600489,01_automatico_lal1-tally-empresarios_interesses,120246640857760489,"ADS 6 - WORKSHOP CHURRASCO",120246641339440489,2026-07-18,0.64,,,,80,,8,3,2,2,2,2026-07-18,2026-07-18
bbe-a1-jul-26--venda--perpetuo--cold_cbo_videos,120246640857600489,00_automatico_lal1-ig030,120246640857650489,"ADS 8 V2 - WORKSHOP CHURRASCO",120246641477730489,2026-07-18,0.21,,,,30,,7,1,,,,2026-07-18,2026-07-18
bbe-a1-jul-26--venda--perpetuo--hot_cbo_videos,120246641531020489,01_automatico_seguidores_ig_fb,120246641530990489,"ADS 2 - WORKSHOP CHURRASCO",120246641577090489,2026-07-18,0.13,,,,26,,5,3,1,2,1,2026-07-18,2026-07-18
bbe-a1-jul-26--venda--perpetuo--cold_cbo_videos,120246640857600489,00_automatico_lal1-ig030,120246640857650489,"ADS 5 V3 - WORKSHOP CHURRASCO",120246641477800489,2026-07-18,0.42,1,,20,84,0.42,5,3,,2,,2026-07-18,2026-07-18
bbe-a1-jul-26--venda--perpetuo--cold_cbo_videos,120246640857600489,00_automatico_lal1-ig030,120246640857650489,"ADS 5 V2 - WORKSHOP CHURRASCO",120246641477790489,2026-07-18,1.77,,,,177,,10,6,1,3,1,2026-07-18,2026-07-18
bbe-a1-jul-26--venda--perpetuo--cold_cbo_videos,120246640857600489,00_automatico_lal1-ig030,120246640857650489,"ADS 3 V3 - WORKSHOP CHURRASCO",120246641477870489,2026-07-18,0.11,,,,55,,2,,,,,2026-07-18,2026-07-18
bbe-a1-jul-26--venda--perpetuo--hot_cbo_videos,120246641531020489,01_automatico_seguidores_ig_fb,120246641530990489,"ADS 8 V2 - WORKSHOP CHURRASCO",120246641577020489,2026-07-18,0.07,,,,35,,2,,,,,2026-07-18,2026-07-18
bbe-a1-jul-26--venda--perpetuo--hot_cbo_videos,120246641531020489,01_automatico_ig180_fb180,120246641531130489,"ADS 7 V2 - WORKSHOP CHURRASCO",120246641577420489,2026-07-18,0.01,,,,10,,1,,,,,2026-07-18,2026-07-18
bbe-a1-jul-26--venda--perpetuo--hot_cbo_videos,120246641531020489,01_automatico_ig180_fb180,120246641531130489,"ADS 7 V1 - WORKSHOP CHURRASCO",120246641577390489,2026-07-18,0.04,,,,10,,4,2,,,,2026-07-18,2026-07-18
bbe-a1-jul-26--venda--perpetuo--hot_cbo_videos,120246641531020489,00_automatico_ig030_fb030,120246641531090489,"ADS 7 V4 - WORKSHOP CHURRASCO",120246641577300489,2026-07-18,0.28,,,,18.66666667,,15,3,2,2,1,2026-07-18,2026-07-18
bbe-a1-jul-26--venda--perpetuo--cold_cbo_estaticos,120246640510780489,01_automatico_lal1-tally-empresarios_interesses,120246640510490489,ad02-bbe-ppt-mai26--o-maior-inimigo-do-churrasqueiro,120246640649100489,2026-07-18,0.51,,,,24.28571429,,21,,,,,2026-07-18,2026-07-18
bbe-a1-jul-26--venda--perpetuo--cold_cbo_videos,120246640857600489,00_automatico_lal1-ig030,120246640857650489,"ADS 7 V2 - WORKSHOP CHURRASCO",120246641477780489,2026-07-18,1.25,1,,2.04081633,25.51020408,1.25,49,14,5,6,3,2026-07-18,2026-07-18
bbe-a1-jul-26--venda--perpetuo--cold_cbo_videos,120246640857600489,00_automatico_lal1-ig030,120246640857650489,"ADS 3 V2 - WORKSHOP CHURRASCO",120246641477860489,2026-07-18,0.02,,,,3.33333333,,6,3,1,3,,2026-07-18,2026-07-18
bbe-a1-jul-26--venda--perpetuo--cold_cbo_videos,120246640857600489,00_automatico_lal1-ig030,120246640857650489,"ADS 7 V3 - WORKSHOP CHURRASCO",120246641477740489,2026-07-18,0.03,,,,15,,2,,,,,2026-07-18,2026-07-18
bbe-a1-jul-26--venda--perpetuo--cold_cbo_estaticos,120246640510780489,00_automatico_lal1-ig030,120246640510530489,ad06-bbe-ppt-mai26--agora-é-sua-vez,120246640626240489,2026-07-18,5.89,3,,1.70454545,33.46590909,1.96333333,176,,,,,2026-07-18,2026-07-18
bbe-a1-jul-26--venda--perpetuo--hot_cbo_estaticos,120246640738580489,01_automatico_ig180_fb180,120246640738570489,ad04-bbe-ppt-mai26--o-netão-te-ensina,120246640809170489,2026-07-18,2.84,7,,4.66666667,18.93333333,0.40571429,150,,,,,2026-07-18,2026-07-18
bbe-a1-jul-26--venda--perpetuo--hot_cbo_videos,120246641531020489,01_automatico_seguidores_ig_fb,120246641530990489,"ADS 3 V5 - WORKSHOP CHURRASCO",120246641577050489,2026-07-18,0,,,,0,,1,,,,,2026-07-18,2026-07-18
bbe-a1-jul-26--venda--perpetuo--cold_cbo_estaticos,120246640510780489,00_automatico_lal1-ig030,120246640510530489,ad04-bbe-ppt-mai26--o-netão-te-ensina,120246640598900489,2026-07-18,7.19,5,,1.30890052,18.82198953,1.438,382,,,,,2026-07-18,2026-07-18
bbe-a1-jul-26--venda--perpetuo--hot_cbo_videos,120246641531020489,01_automatico_ig180_fb180,120246641531130489,"ADS 9 V3 - WORKSHOP CHURRASCO",120246641595710489,2026-07-18,0.05,,,,50,,1,1,1,1,1,2026-07-18,2026-07-18
bbe-a1-jul-26--venda--perpetuo--hot_cbo_videos,120246641531020489,01_automatico_ig180_fb180,120246641531130489,"ADS 3 V1 - WORKSHOP CHURRASCO",120246641577490489,2026-07-18,0.07,,,,35,,2,,,1,1,2026-07-18,2026-07-18
bbe-a1-jul-26--venda--perpetuo--hot_cbo_videos,120246641531020489,01_automatico_seguidores_ig_fb,120246641530990489,"ADS 4 V1 - WORKSHOP CHURRASCO",120246641577010489,2026-07-18,0.88,,,,20.95238095,,42,5,3,3,3,2026-07-18,2026-07-18
bbe-a1-jul-26--venda--perpetuo--cold_cbo_videos,120246640857600489,01_automatico_lal1-tally-empresarios_interesses,120246640857760489,"ADS 1 - WORKSHOP CHURRASCO",120246640857630489,2026-07-18,0.24,,,,24,,10,5,3,3,2,2026-07-18,2026-07-18
bbe-a1-jul-26--venda--perpetuo--hot_cbo_estaticos,120246640738580489,00_automatico_ig030_fb030,120246640738730489,ad06-bbe-ppt-mai26--agora-é-sua-vez,120246640809520489,2026-07-18,1.04,2,,3.84615385,20,0.52,52,,,,,2026-07-18,2026-07-18
bbe-a1-jul-26--venda--perpetuo--hot_cbo_videos,120246641531020489,01_automatico_ig180_fb180,120246641531130489,"ADS 4 V2 - WORKSHOP CHURRASCO",120246641577380489,2026-07-18,0.22,1,,50,110,0.22,2,1,1,1,1,2026-07-18,2026-07-18
bbe-a1-jul-26--venda--perpetuo--hot_cbo_videos,120246641531020489,00_automatico_ig030_fb030,120246641531090489,"ADS 1 - WORKSHOP CHURRASCO",120246641577180489,2026-07-18,0.14,1,,14.28571429,20,0.14,7,2,2,2,2,2026-07-18,2026-07-18
bbe-a1-jul-26--venda--perpetuo--hot_cbo_videos,120246641531020489,01_automatico_seguidores_ig_fb,120246641530990489,"ADS 5 V2 - WORKSHOP CHURRASCO",120246641577070489,2026-07-18,0.08,2,,50,20,0.04,4,3,2,2,1,2026-07-18,2026-07-18
bbe-a1-jul-26--venda--perpetuo--cold_cbo_videos,120246640857600489,01_automatico_lal1-tally-empresarios_interesses,120246640857760489,"ADS 8 V2 - WORKSHOP CHURRASCO",120246641411440489,2026-07-18,0.29,,,,290,,1,1,,,,2026-07-18,2026-07-18
bbe-a1-jul-26--venda--perpetuo--hot_cbo_videos,120246641531020489,00_automatico_ig030_fb030,120246641531090489,"ADS 7 V1 - WORKSHOP CHURRASCO",120246641577160489,2026-07-18,0.85,,,,53.125,,16,4,2,2,1,2026-07-18,2026-07-18
bbe-a1-jul-26--venda--perpetuo--hot_cbo_videos,120246641531020489,00_automatico_ig030_fb030,120246641531090489,"ADS 7 V2 - WORKSHOP CHURRASCO",120246641577210489,2026-07-18,0,,,,0,,1,,,,,2026-07-18,2026-07-18
bbe-a1-jul-26--venda--perpetuo--hot_cbo_videos,120246641531020489,00_automatico_ig030_fb030,120246641531090489,"ADS 9 V3 - WORKSHOP CHURRASCO",120246641595740489,2026-07-18,0.28,,,,17.5,,16,1,,,,2026-07-18,2026-07-18
bbe-a1-jul-26--venda--perpetuo--hot_cbo_videos,120246641531020489,01_automatico_seguidores_ig_fb,120246641530990489,"ADS 9 V1 - WORKSHOP CHURRASCO",120246641576990489,2026-07-18,2.11,1,,1.63934426,34.59016393,2.11,61,18,6,6,2,2026-07-18,2026-07-18
bbe-a1-jul-26--venda--perpetuo--hot_cbo_videos,120246641531020489,00_automatico_ig030_fb030,120246641531090489,"ADS 7 V3 - WORKSHOP CHURRASCO",120246641577260489,2026-07-18,0.83,,,,103.75,,8,6,2,2,,2026-07-18,2026-07-18
bbe-a1-jul-26--venda--perpetuo--cold_cbo_videos,120246640857600489,00_automatico_lal1-ig030,120246640857650489,"ADS 7 V4 - WORKSHOP CHURRASCO",120246641477750489,2026-07-17,0.11,1,,7.14285714,7.85714286,0.11,14,6,1,1,,2026-07-17,2026-07-17
bbe-a1-jul-26--venda--perpetuo--cold_cbo_videos,120246640857600489,01_automatico_lal1-tally-empresarios_interesses,120246640857760489,"ADS 9 V1 - WORKSHOP CHURRASCO",120246641425940489,2026-07-17,0.21,,,,19.09090909,,11,2,,,,2026-07-17,2026-07-17
bbe-a1-jul-26--venda--perpetuo--hot_cbo_videos,120246641531020489,01_automatico_ig180_fb180,120246641531130489,"ADS 5 V2 - WORKSHOP CHURRASCO",120246641577510489,2026-07-17,0.51,1,,2.5,12.75,0.51,40,14,3,5,2,2026-07-17,2026-07-17
bbe-a1-jul-26--venda--perpetuo--hot_cbo_videos,120246641531020489,00_automatico_ig030_fb030,120246641531090489,"ADS 5 V2 - WORKSHOP CHURRASCO",120246641577350489,2026-07-17,0.31,,,,17.22222222,,18,2,1,2,,2026-07-17,2026-07-17
bbe-a1-jul-26--venda--perpetuo--hot_cbo_videos,120246641531020489,00_automatico_ig030_fb030,120246641531090489,"ADS 9 V2 - WORKSHOP CHURRASCO",120246641595750489,2026-07-17,2.74,2,,1.5503876,21.24031008,1.37,129,45,14,14,8,2026-07-17,2026-07-17
bbe-a1-jul-26--venda--perpetuo--cold_cbo_videos,120246640857600489,00_automatico_lal1-ig030,120246640857650489,"ADS 8 V1 - WORKSHOP CHURRASCO",120246641477810489,2026-07-17,0.17,,,,7.39130435,,23,3,,,,2026-07-17,2026-07-17
bbe-a1-jul-26--venda--perpetuo--cold_cbo_videos,120246640857600489,00_automatico_lal1-ig030,120246640857650489,"ADS 3 V1 - WORKSHOP CHURRASCO",120246641477900489,2026-07-17,0.14,,,,23.33333333,,6,,,,,2026-07-17,2026-07-17
bbe-a1-jul-26--venda--perpetuo--hot_cbo_videos,120246641531020489,01_automatico_ig180_fb180,120246641531130489,"ADS 1 - WORKSHOP CHURRASCO",120246641577410489,2026-07-17,0,,,,0,,3,,,,,2026-07-17,2026-07-17
bbe-a1-jul-26--venda--perpetuo--hot_cbo_videos,120246641531020489,00_automatico_ig030_fb030,120246641531090489,"ADS 4 V2 - WORKSHOP CHURRASCO",120246641577320489,2026-07-17,1.37,4,,6.34920635,21.74603175,0.3425,63,19,6,15,6,2026-07-17,2026-07-17
bbe-a1-jul-26--venda--perpetuo--hot_cbo_videos,120246641531020489,00_automatico_ig030_fb030,120246641531090489,"ADS 9 V1 - WORKSHOP CHURRASCO",120246641577200489,2026-07-17,1.32,3,,4.47761194,19.70149254,0.44,67,21,12,12,7,2026-07-17,2026-07-17
bbe-a1-jul-26--venda--perpetuo--hot_cbo_videos,120246641531020489,01_automatico_ig180_fb180,120246641531130489,"ADS 5 V1 - WORKSHOP CHURRASCO",120246641577570489,2026-07-17,0,,,,0,,3,1,,,,2026-07-17,2026-07-17
bbe-a1-jul-26--venda--perpetuo--hot_cbo_videos,120246641531020489,00_automatico_ig030_fb030,120246641531090489,"ADS 2 - WORKSHOP CHURRASCO",120246641577330489,2026-07-17,0.57,2,,7.14285714,20.35714286,0.285,28,11,6,8,5,2026-07-17,2026-07-17
bbe-a1-jul-26--venda--perpetuo--hot_cbo_estaticos,120246640738580489,01_automatico_ig180_fb180,120246640738570489,ad03-bbe-ppt-mai26--o-ponto-perfeito-da-carne,120246640809160489,2026-07-17,0.12,,,,7.05882353,,17,,,,,2026-07-17,2026-07-17
bbe-a1-jul-26--venda--perpetuo--hot_cbo_estaticos,120246640738580489,01_automatico_ig180_fb180,120246640738570489,ad07-bbe-ppt-mai26--sal-grosso-sozinho-não-salva,120246640809150489,2026-07-17,0.17,1,,7.14285714,12.14285714,0.17,14,,,,,2026-07-17,2026-07-17
bbe-a1-jul-26--venda--perpetuo--hot_cbo_estaticos,120246640738580489,01_automatico_ig180_fb180,120246640738570489,ad02-bbe-ppt-mai26--o-maior-inimigo-do-churrasqueiro,120246640809120489,2026-07-17,0.09,,,,10,,9,1,,1,,2026-07-17,2026-07-17
bbe-a1-jul-26--venda--perpetuo--hot_cbo_videos,120246641531020489,01_automatico_seguidores_ig_fb,120246641530990489,"ADS 7 V1 - WORKSHOP CHURRASCO",120246641576960489,2026-07-17,0.48,,,,13.33333333,,36,9,4,4,1,2026-07-17,2026-07-17
bbe-a1-jul-26--venda--perpetuo--cold_cbo_videos,120246640857600489,00_automatico_lal1-ig030,120246640857650489,"ADS 4 V2 - WORKSHOP CHURRASCO",120246641477820489,2026-07-17,0.23,1,,6.25,14.375,0.23,16,6,1,5,1,2026-07-17,2026-07-17
bbe-a1-jul-26--venda--perpetuo--hot_cbo_estaticos,120246640738580489,01_automatico_seguidores_ig_fb,120246640738460489,ad04-bbe-ppt-mai26--o-netão-te-ensina,120246640809060489,2026-07-17,5.74,9,,3.54330709,22.5984252,0.63777778,254,,,,,2026-07-17,2026-07-17
bbe-a1-jul-26--venda--perpetuo--cold_cbo_videos,120246640857600489,00_automatico_lal1-ig030,120246640857650489,"ADS 3 V5 - WORKSHOP CHURRASCO",120246641477840489,2026-07-17,0.01,,,,10,,1,,,,,2026-07-17,2026-07-17
bbe-a1-jul-26--venda--perpetuo--hot_cbo_videos,120246641531020489,00_automatico_ig030_fb030,120246641531090489,"ADS 6 - WORKSHOP CHURRASCO",120246641577230489,2026-07-17,0.21,1,,3.44827586,7.24137931,0.21,29,9,2,3,1,2026-07-17,2026-07-17
bbe-a1-jul-26--venda--perpetuo--hot_cbo_videos,120246641531020489,01_automatico_ig180_fb180,120246641531130489,"ADS 7 V4 - WORKSHOP CHURRASCO",120246641577460489,2026-07-17,1.61,1,,9.09090909,146.36363636,1.61,11,2,2,2,2,2026-07-17,2026-07-17
bbe-a1-jul-26--venda--perpetuo--cold_cbo_estaticos,120246640510780489,00_automatico_lal1-ig030,120246640510530489,ad01-bbe-ppt-mai26--acertar-o-ponto-da-carne,120246640510660489,2026-07-17,0.32,,,,8.20512821,,39,,,,,2026-07-17,2026-07-17
bbe-a1-jul-26--venda--perpetuo--cold_cbo_videos,120246640857600489,01_automatico_lal1-tally-empresarios_interesses,120246640857760489,"ADS 5 V3 - WORKSHOP CHURRASCO",120246641330610489,2026-07-17,0,,,,0,,1,1,,,,2026-07-17,2026-07-17
bbe-a1-jul-26--venda--perpetuo--hot_cbo_videos,120246641531020489,01_automatico_ig180_fb180,120246641531130489,"ADS 3 V2 - WORKSHOP CHURRASCO",120246641577480489,2026-07-17,0.5,1,,4,20,0.5,25,8,1,2,,2026-07-17,2026-07-17
bbe-a1-jul-26--venda--perpetuo--hot_cbo_videos,120246641531020489,01_automatico_seguidores_ig_fb,120246641530990489,"ADS 9 V2 - WORKSHOP CHURRASCO",120246641595730489,2026-07-17,0.1,,,,20,,5,2,1,1,1,2026-07-17,2026-07-17
bbe-a1-jul-26--venda--perpetuo--cold_cbo_estaticos,120246640510780489,01_automatico_lal1-tally-empresarios_interesses,120246640510490489,ad05-bbe-ppt-mai26--estraga-no-preparo,120246640649060489,2026-07-17,1.33,,,,40.3030303,,33,,,,,2026-07-17,2026-07-17
bbe-a1-jul-26--venda--perpetuo--cold_cbo_videos,120246640857600489,00_automatico_lal1-ig030,120246640857650489,"ADS 9 V3 - WORKSHOP CHURRASCO",120246641489070489,2026-07-17,7.26,8,,2.35294118,21.35294118,0.9075,340,93,46,47,26,2026-07-17,2026-07-17
bbe-a1-jul-26--venda--perpetuo--cold_cbo_estaticos,120246640510780489,01_automatico_lal1-tally-empresarios_interesses,120246640510490489,ad03-bbe-ppt-mai26--o-ponto-perfeito-da-carne,120246640649090489,2026-07-17,0.81,,,,35.2173913,,23,,,,,2026-07-17,2026-07-17
bbe-a1-jul-26--venda--perpetuo--hot_cbo_estaticos,120246640738580489,01_automatico_seguidores_ig_fb,120246640738460489,ad01-bbe-ppt-mai26--acertar-o-ponto-da-carne,120246640809080489,2026-07-17,5.16,5,,1.96850394,20.31496063,1.032,254,,,,,2026-07-17,2026-07-17
bbe-a1-jul-26--venda--perpetuo--hot_cbo_videos,120246641531020489,00_automatico_ig030_fb030,120246641531090489,"ADS 3 V5 - WORKSHOP CHURRASCO",120246641577240489,2026-07-17,0.1,,,,16.66666667,,6,2,,1,,2026-07-17,2026-07-17
bbe-a1-jul-26--venda--perpetuo--hot_cbo_estaticos,120246640738580489,01_automatico_ig180_fb180,120246640738570489,ad06-bbe-ppt-mai26--agora-é-sua-vez,120246640809130489,2026-07-17,0.08,1,,7.14285714,5.71428571,0.08,14,,,,,2026-07-17,2026-07-17
bbe-a1-jul-26--venda--perpetuo--cold_cbo_estaticos,120246640510780489,01_automatico_lal1-tally-empresarios_interesses,120246640510490489,ad07-bbe-ppt-mai26--sal-grosso-sozinho-não-salva,120246640649050489,2026-07-17,0,,,,0,,2,,,,,2026-07-17,2026-07-17
bbe-a1-jul-26--venda--perpetuo--hot_cbo_videos,120246641531020489,01_automatico_seguidores_ig_fb,120246641530990489,"ADS 5 V1 - WORKSHOP CHURRASCO",120246641577130489,2026-07-17,0.07,,,,5.83333333,,12,6,2,2,2,2026-07-17,2026-07-17
bbe-a1-jul-26--venda--perpetuo--cold_cbo_videos,120246640857600489,00_automatico_lal1-ig030,120246640857650489,"ADS 3 V4 - WORKSHOP CHURRASCO",120246641477890489,2026-07-17,0.05,,,,12.5,,4,,,,,2026-07-17,2026-07-17
bbe-a1-jul-26--venda--perpetuo--hot_cbo_estaticos,120246640738580489,01_automatico_ig180_fb180,120246640738570489,ad05-bbe-ppt-mai26--estraga-no-preparo,120246640809140489,2026-07-17,0.92,2,,28.57142857,131.42857143,0.46,7,,,,,2026-07-17,2026-07-17
bbe-a1-jul-26--venda--perpetuo--cold_cbo_videos,120246640857600489,01_automatico_lal1-tally-empresarios_interesses,120246640857760489,"ADS 7 V1 - WORKSHOP CHURRASCO",120246641352950489,2026-07-17,0.08,,,,26.66666667,,3,1,,,,2026-07-17,2026-07-17
bbe-a1-jul-26--venda--perpetuo--cold_cbo_estaticos,120246640510780489,00_automatico_lal1-ig030,120246640510530489,ad05-bbe-ppt-mai26--estraga-no-preparo,120246640619460489,2026-07-17,2.12,1,,0.73529412,15.58823529,2.12,136,,,,,2026-07-17,2026-07-17
bbe-a1-jul-26--venda--perpetuo--cold_cbo_videos,120246640857600489,01_automatico_lal1-tally-empresarios_interesses,120246640857760489,"ADS 2 - WORKSHOP CHURRASCO",120246641131020489,2026-07-17,0.45,1,,7.14285714,32.14285714,0.45,14,6,1,3,1,2026-07-17,2026-07-17
bbe-a1-jul-26--venda--perpetuo--hot_cbo_videos,120246641531020489,01_automatico_ig180_fb180,120246641531130489,"ADS 9 V2 - WORKSHOP CHURRASCO",120246641595700489,2026-07-17,3.47,2,,1.5037594,26.09022556,1.735,133,50,25,25,10,2026-07-17,2026-07-17
bbe-a1-jul-26--venda--perpetuo--hot_cbo_videos,120246641531020489,01_automatico_ig180_fb180,120246641531130489,"ADS 2 - WORKSHOP CHURRASCO",120246641577530489,2026-07-17,0.07,,,,10,,7,3,,3,,2026-07-17,2026-07-17
bbe-a1-jul-26--venda--perpetuo--hot_cbo_videos,120246641531020489,01_automatico_seguidores_ig_fb,120246641530990489,"ADS 3 V2 - WORKSHOP CHURRASCO",120246641577030489,2026-07-17,0.38,,,,31.66666667,,12,3,2,2,1,2026-07-17,2026-07-17
bbe-a1-jul-26--venda--perpetuo--cold_cbo_videos,120246640857600489,00_automatico_lal1-ig030,120246640857650489,"ADS 9 V1 - WORKSHOP CHURRASCO",120246641477720489,2026-07-17,5.22,6,,3.24324324,28.21621622,0.87,185,59,30,29,12,2026-07-17,2026-07-17
bbe-a1-jul-26--venda--perpetuo--cold_cbo_videos,120246640857600489,01_automatico_lal1-tally-empresarios_interesses,120246640857760489,"ADS 3 V4 - WORKSHOP CHURRASCO",120246641218470489,2026-07-17,0.06,,,,12,,5,3,1,2,,2026-07-17,2026-07-17
bbe-a1-jul-26--venda--perpetuo--hot_cbo_estaticos,120246640738580489,00_automatico_ig030_fb030,120246640738730489,ad05-bbe-ppt-mai26--estraga-no-preparo,120246640809550489,2026-07-17,0.05,,,,6.25,,8,,,,,2026-07-17,2026-07-17
bbe-a1-jul-26--venda--perpetuo--cold_cbo_videos,120246640857600489,01_automatico_lal1-tally-empresarios_interesses,120246640857760489,"ADS 7 V2 - WORKSHOP CHURRASCO",120246641365330489,2026-07-17,0.01,,,,5,,2,,,,,2026-07-17,2026-07-17
bbe-a1-jul-26--venda--perpetuo--cold_cbo_videos,120246640857600489,00_automatico_lal1-ig030,120246640857650489,"ADS 5 V1 - WORKSHOP CHURRASCO",120246641477850489,2026-07-17,8.01,6,,2.23880597,29.8880597,1.335,268,94,28,44,19,2026-07-17,2026-07-17
bbe-a1-jul-26--venda--perpetuo--hot_cbo_videos,120246641531020489,01_automatico_seguidores_ig_fb,120246641530990489,"ADS 3 V3 - WORKSHOP CHURRASCO",120246641577120489,2026-07-17,0.14,,,,46.66666667,,3,1,,,,2026-07-17,2026-07-17
bbe-a1-jul-26--venda--perpetuo--cold_cbo_videos,120246640857600489,00_automatico_lal1-ig030,120246640857650489,"ADS 1 - WORKSHOP CHURRASCO",120246641477910489,2026-07-17,0.95,2,,2.63157895,12.5,0.475,76,22,6,11,1,2026-07-17,2026-07-17
bbe-a1-jul-26--venda--perpetuo--hot_cbo_videos,120246641531020489,01_automatico_seguidores_ig_fb,120246641530990489,"ADS 4 V2 - WORKSHOP CHURRASCO",120246641577100489,2026-07-17,0.47,1,,7.14285714,33.57142857,0.47,14,2,1,1,1,2026-07-17,2026-07-17
bbe-a1-jul-26--venda--perpetuo--hot_cbo_videos,120246641531020489,01_automatico_seguidores_ig_fb,120246641530990489,"ADS 3 V4 - WORKSHOP CHURRASCO",120246641577080489,2026-07-17,0.03,,,,10,,3,,,,,2026-07-17,2026-07-17
bbe-a1-jul-26--venda--perpetuo--cold_cbo_videos,120246640857600489,01_automatico_lal1-tally-empresarios_interesses,120246640857760489,"ADS 9 V2 - WORKSHOP CHURRASCO",120246641442080489,2026-07-17,0.01,1,,33.33333333,3.33333333,0.01,3,2,2,2,,2026-07-17,2026-07-17
bbe-a1-jul-26--venda--perpetuo--hot_cbo_videos,120246641531020489,01_automatico_ig180_fb180,120246641531130489,"ADS 3 V5 - WORKSHOP CHURRASCO",120246641577470489,2026-07-17,0,,,,0,,2,,,,,2026-07-17,2026-07-17
bbe-a1-jul-26--venda--perpetuo--cold_cbo_videos,120246640857600489,00_automatico_lal1-ig030,120246640857650489,"ADS 2 - WORKSHOP CHURRASCO",120246641477880489,2026-07-17,2.11,3,,3.06122449,21.53061224,0.70333333,98,25,7,13,5,2026-07-17,2026-07-17
bbe-a1-jul-26--venda--perpetuo--cold_cbo_estaticos,120246640510780489,01_automatico_lal1-tally-empresarios_interesses,120246640510490489,ad04-bbe-ppt-mai26--o-netão-te-ensina,120246640649070489,2026-07-17,0.55,,,,78.57142857,,7,,,,,2026-07-17,2026-07-17
bbe-a1-jul-26--venda--perpetuo--hot_cbo_videos,120246641531020489,00_automatico_ig030_fb030,120246641531090489,"ADS 4 V1 - WORKSHOP CHURRASCO",120246641577270489,2026-07-17,0.2,1,,4.76190476,9.52380952,0.2,21,6,1,6,2,2026-07-17,2026-07-17
bbe-a1-jul-26--venda--perpetuo--cold_cbo_videos,120246640857600489,00_automatico_lal1-ig030,120246640857650489,"ADS 4 V1 - WORKSHOP CHURRASCO",120246641477830489,2026-07-17,4.18,3,,1.27118644,17.71186441,1.39333333,236,31,5,21,5,2026-07-17,2026-07-17
bbe-a1-jul-26--venda--perpetuo--cold_cbo_videos,120246640857600489,00_automatico_lal1-ig030,120246640857650489,"ADS 6 - WORKSHOP CHURRASCO",120246641477770489,2026-07-17,3.01,4,,3.57142857,26.875,0.7525,112,43,24,25,16,2026-07-17,2026-07-17
bbe-a1-jul-26--venda--perpetuo--hot_cbo_estaticos,120246640738580489,01_automatico_seguidores_ig_fb,120246640738460489,ad02-bbe-ppt-mai26--o-maior-inimigo-do-churrasqueiro,120246640809020489,2026-07-17,0.52,3,,6.97674419,12.09302326,0.17333333,43,,,,,2026-07-17,2026-07-17
bbe-a1-jul-26--venda--perpetuo--hot_cbo_videos,120246641531020489,01_automatico_seguidores_ig_fb,120246641530990489,"ADS 7 V2 - WORKSHOP CHURRASCO",120246641576980489,2026-07-17,0.4,,,,25,,16,5,4,4,2,2026-07-17,2026-07-17
bbe-a1-jul-26--venda--perpetuo--cold_cbo_videos,120246640857600489,00_automatico_lal1-ig030,120246640857650489,"ADS 9 V2 - WORKSHOP CHURRASCO",120246641489080489,2026-07-17,1.21,1,,2.85714286,34.57142857,1.21,35,8,5,5,2,2026-07-17,2026-07-17
bbe-a1-jul-26--venda--perpetuo--hot_cbo_estaticos,120246640738580489,00_automatico_ig030_fb030,120246640738730489,ad04-bbe-ppt-mai26--o-netão-te-ensina,120246640809560489,2026-07-17,0.11,1,,4.76190476,5.23809524,0.11,21,,,,,2026-07-17,2026-07-17
bbe-a1-jul-26--venda--perpetuo--cold_cbo_videos,120246640857600489,01_automatico_lal1-tally-empresarios_interesses,120246640857760489,"ADS 8 V1 - WORKSHOP CHURRASCO",120246641401250489,2026-07-17,0.04,,,,13.33333333,,3,,,,,2026-07-17,2026-07-17
bbe-a1-jul-26--venda--perpetuo--hot_cbo_estaticos,120246640738580489,01_automatico_seguidores_ig_fb,120246640738460489,ad07-bbe-ppt-mai26--sal-grosso-sozinho-não-salva,120246640809070489,2026-07-17,0.02,,,,2.5,,8,,,,,2026-07-17,2026-07-17
bbe-a1-jul-26--venda--perpetuo--hot_cbo_videos,120246641531020489,01_automatico_seguidores_ig_fb,120246641530990489,"ADS 2 - WORKSHOP CHURRASCO",120246641577090489,2026-07-17,1.57,2,,1.86915888,14.6728972,0.785,107,26,7,13,4,2026-07-17,2026-07-17
bbe-a1-jul-26--venda--perpetuo--cold_cbo_videos,120246640857600489,00_automatico_lal1-ig030,120246640857650489,"ADS 7 V3 - WORKSHOP CHURRASCO",120246641477740489,2026-07-17,0.51,1,,2.17391304,11.08695652,0.51,46,11,8,8,5,2026-07-17,2026-07-17
bbe-a1-jul-26--venda--perpetuo--cold_cbo_videos,120246640857600489,00_automatico_lal1-ig030,120246640857650489,"ADS 5 V3 - WORKSHOP CHURRASCO",120246641477800489,2026-07-17,0.17,,,,42.5,,4,1,,,,2026-07-17,2026-07-17
bbe-a1-jul-26--venda--perpetuo--cold_cbo_videos,120246640857600489,01_automatico_lal1-tally-empresarios_interesses,120246640857760489,"ADS 3 V1 - WORKSHOP CHURRASCO",120246641158690489,2026-07-17,0.93,1,,2.3255814,21.62790698,0.93,43,15,4,8,3,2026-07-17,2026-07-17
bbe-a1-jul-26--venda--perpetuo--cold_cbo_videos,120246640857600489,00_automatico_lal1-ig030,120246640857650489,"ADS 7 V2 - WORKSHOP CHURRASCO",120246641477780489,2026-07-17,0.14,,,,10,,14,4,3,3,2,2026-07-17,2026-07-17
bbe-a1-jul-26--venda--perpetuo--hot_cbo_videos,120246641531020489,01_automatico_ig180_fb180,120246641531130489,"ADS 3 V4 - WORKSHOP CHURRASCO",120246641577520489,2026-07-17,0.62,,,,11.69811321,,53,10,4,5,4,2026-07-17,2026-07-17
bbe-a1-jul-26--venda--perpetuo--hot_cbo_videos,120246641531020489,01_automatico_ig180_fb180,120246641531130489,"ADS 6 - WORKSHOP CHURRASCO",120246641577450489,2026-07-17,2.63,5,,4,21.04,0.526,125,40,18,18,11,2026-07-17,2026-07-17
bbe-a1-jul-26--venda--perpetuo--cold_cbo_videos,120246640857600489,01_automatico_lal1-tally-empresarios_interesses,120246640857760489,"ADS 7 V3 - WORKSHOP CHURRASCO",120246641377670489,2026-07-17,0.09,,,,30,,3,,,,,2026-07-17,2026-07-17
bbe-a1-jul-26--venda--perpetuo--hot_cbo_videos,120246641531020489,01_automatico_ig180_fb180,120246641531130489,"ADS 7 V3 - WORKSHOP CHURRASCO",120246641577560489,2026-07-17,0.15,,,,18.75,,8,2,1,1,,2026-07-17,2026-07-17
bbe-a1-jul-26--venda--perpetuo--hot_cbo_videos,120246641531020489,01_automatico_seguidores_ig_fb,120246641530990489,"ADS 6 - WORKSHOP CHURRASCO",120246641577040489,2026-07-17,0.44,1,,3.33333333,14.66666667,0.44,30,12,4,4,2,2026-07-17,2026-07-17
bbe-a1-jul-26--venda--perpetuo--hot_cbo_videos,120246641531020489,01_automatico_seguidores_ig_fb,120246641530990489,"ADS 9 V3 - WORKSHOP CHURRASCO",120246641595720489,2026-07-17,0.21,2,,12.5,13.125,0.105,16,7,4,4,1,2026-07-17,2026-07-17
bbe-a1-jul-26--venda--perpetuo--hot_cbo_videos,120246641531020489,01_automatico_ig180_fb180,120246641531130489,"ADS 9 V1 - WORKSHOP CHURRASCO",120246641577440489,2026-07-17,0.37,3,,9.67741935,11.93548387,0.12333333,31,11,6,6,5,2026-07-17,2026-07-17
bbe-a1-jul-26--venda--perpetuo--cold_cbo_videos,120246640857600489,01_automatico_lal1-tally-empresarios_interesses,120246640857760489,"ADS 6 - WORKSHOP CHURRASCO",120246641339440489,2026-07-17,0.49,1,,4.34782609,21.30434783,0.49,23,13,9,9,7,2026-07-17,2026-07-17
bbe-a1-jul-26--venda--perpetuo--cold_cbo_estaticos,120246640510780489,01_automatico_lal1-tally-empresarios_interesses,120246640510490489,ad01-bbe-ppt-mai26--acertar-o-ponto-da-carne,120246640649080489,2026-07-17,3.86,1,,0.68027211,26.2585034,3.86,147,,,,,2026-07-17,2026-07-17
bbe-a1-jul-26--venda--perpetuo--cold_cbo_videos,120246640857600489,00_automatico_lal1-ig030,120246640857650489,"ADS 5 V2 - WORKSHOP CHURRASCO",120246641477790489,2026-07-17,0.02,,,,10,,2,,,,,2026-07-17,2026-07-17
bbe-a1-jul-26--venda--perpetuo--hot_cbo_videos,120246641531020489,01_automatico_seguidores_ig_fb,120246641530990489,"ADS 9 V1 - WORKSHOP CHURRASCO",120246641576990489,2026-07-17,1.55,3,,5.35714286,27.67857143,0.51666667,56,19,11,11,9,2026-07-17,2026-07-17
bbe-a1-jul-26--venda--perpetuo--cold_cbo_estaticos,120246640510780489,00_automatico_lal1-ig030,120246640510530489,ad03-bbe-ppt-mai26--o-ponto-perfeito-da-carne,120246640572720489,2026-07-17,4.11,2,,0.88105727,18.10572687,2.055,227,,,,,2026-07-17,2026-07-17
bbe-a1-jul-26--venda--perpetuo--hot_cbo_videos,120246641531020489,00_automatico_ig030_fb030,120246641531090489,"ADS 5 V3 - WORKSHOP CHURRASCO",120246641577170489,2026-07-17,0,1,,33.33333333,0,0,3,2,,2,,2026-07-17,2026-07-17
bbe-a1-jul-26--venda--perpetuo--hot_cbo_videos,120246641531020489,00_automatico_ig030_fb030,120246641531090489,"ADS 8 V2 - WORKSHOP CHURRASCO",120246641577220489,2026-07-17,0.01,,,,5,,2,1,,,,2026-07-17,2026-07-17
bbe-a1-jul-26--venda--perpetuo--cold_cbo_videos,120246640857600489,00_automatico_lal1-ig030,120246640857650489,"ADS 3 V3 - WORKSHOP CHURRASCO",120246641477870489,2026-07-17,1.22,4,,4.9382716,15.0617284,0.305,81,21,9,13,6,2026-07-17,2026-07-17
bbe-a1-jul-26--venda--perpetuo--cold_cbo_videos,120246640857600489,00_automatico_lal1-ig030,120246640857650489,"ADS 3 V2 - WORKSHOP CHURRASCO",120246641477860489,2026-07-17,0.02,,,,3.33333333,,6,2,1,1,1,2026-07-17,2026-07-17
bbe-a1-jul-26--venda--perpetuo--hot_cbo_estaticos,120246640738580489,00_automatico_ig030_fb030,120246640738730489,ad02-bbe-ppt-mai26--o-maior-inimigo-do-churrasqueiro,120246640809570489,2026-07-17,0.14,1,,8.33333333,11.66666667,0.14,12,,,,,2026-07-17,2026-07-17
bbe-a1-jul-26--venda--perpetuo--hot_cbo_videos,120246641531020489,01_automatico_seguidores_ig_fb,120246641530990489,"ADS 8 V2 - WORKSHOP CHURRASCO",120246641577020489,2026-07-17,0,,,,0,,1,,,,,2026-07-17,2026-07-17
bbe-a1-jul-26--venda--perpetuo--hot_cbo_videos,120246641531020489,01_automatico_ig180_fb180,120246641531130489,"ADS 7 V2 - WORKSHOP CHURRASCO",120246641577420489,2026-07-17,0,,,,0,,6,1,1,1,1,2026-07-17,2026-07-17
bbe-a1-jul-26--venda--perpetuo--hot_cbo_videos,120246641531020489,01_automatico_ig180_fb180,120246641531130489,"ADS 7 V1 - WORKSHOP CHURRASCO",120246641577390489,2026-07-17,0.24,,,,14.11764706,,17,2,1,1,1,2026-07-17,2026-07-17
bbe-a1-jul-26--venda--perpetuo--hot_cbo_estaticos,120246640738580489,01_automatico_ig180_fb180,120246640738570489,ad01-bbe-ppt-mai26--acertar-o-ponto-da-carne,120246640809110489,2026-07-17,2.57,3,,2.29007634,19.61832061,0.85666667,131,,,,,2026-07-17,2026-07-17
bbe-a1-jul-26--venda--perpetuo--hot_cbo_videos,120246641531020489,00_automatico_ig030_fb030,120246641531090489,"ADS 7 V4 - WORKSHOP CHURRASCO",120246641577300489,2026-07-17,0.1,,,,10,,10,3,1,1,,2026-07-17,2026-07-17
bbe-a1-jul-26--venda--perpetuo--hot_cbo_videos,120246641531020489,01_automatico_ig180_fb180,120246641531130489,"ADS 4 V1 - WORKSHOP CHURRASCO",120246641577430489,2026-07-17,0.43,1,,12.5,53.75,0.43,8,4,2,4,2,2026-07-17,2026-07-17
bbe-a1-jul-26--venda--perpetuo--hot_cbo_videos,120246641531020489,01_automatico_seguidores_ig_fb,120246641530990489,"ADS 7 V4 - WORKSHOP CHURRASCO",120246641577000489,2026-07-17,0.97,,,,29.39393939,,33,8,4,4,,2026-07-17,2026-07-17
bbe-a1-jul-26--venda--perpetuo--hot_cbo_videos,120246641531020489,00_automatico_ig030_fb030,120246641531090489,"ADS 7 V1 - WORKSHOP CHURRASCO",120246641577160489,2026-07-17,0.05,,,,16.66666667,,3,2,1,1,1,2026-07-17,2026-07-17
bbe-a1-jul-26--venda--perpetuo--hot_cbo_estaticos,120246640738580489,00_automatico_ig030_fb030,120246640738730489,ad03-bbe-ppt-mai26--o-ponto-perfeito-da-carne,120246640809580489,2026-07-17,0.8,7,,10.44776119,11.94029851,0.11428571,67,,,,,2026-07-17,2026-07-17
bbe-a1-jul-26--venda--perpetuo--hot_cbo_videos,120246641531020489,01_automatico_seguidores_ig_fb,120246641530990489,"ADS 7 V3 - WORKSHOP CHURRASCO",120246641577060489,2026-07-17,0.26,1,,3.84615385,10,0.26,26,7,3,3,2,2026-07-17,2026-07-17
bbe-a1-jul-26--venda--perpetuo--cold_cbo_estaticos,120246640510780489,00_automatico_lal1-ig030,120246640510530489,ad04-bbe-ppt-mai26--o-netão-te-ensina,120246640598900489,2026-07-17,23.78,13,,0.94339623,17.25689405,1.82923077,1378,,,,,2026-07-17,2026-07-17
bbe-a1-jul-26--venda--perpetuo--hot_cbo_estaticos,120246640738580489,00_automatico_ig030_fb030,120246640738730489,ad01-bbe-ppt-mai26--acertar-o-ponto-da-carne,120246640809530489,2026-07-17,2.29,6,,4.58015267,17.48091603,0.38166667,131,,,,,2026-07-17,2026-07-17
bbe-a1-jul-26--venda--perpetuo--hot_cbo_videos,120246641531020489,01_automatico_ig180_fb180,120246641531130489,"ADS 8 V2 - WORKSHOP CHURRASCO",120246641577550489,2026-07-17,0.01,,,,5,,2,,,,,2026-07-17,2026-07-17
bbe-a1-jul-26--venda--perpetuo--hot_cbo_estaticos,120246640738580489,00_automatico_ig030_fb030,120246640738730489,ad07-bbe-ppt-mai26--sal-grosso-sozinho-não-salva,120246640809540489,2026-07-17,1.94,3,,4.22535211,27.32394366,0.64666667,71,,,,,2026-07-17,2026-07-17
bbe-a1-jul-26--venda--perpetuo--cold_cbo_videos,120246640857600489,00_automatico_lal1-ig030,120246640857650489,"ADS 7 V1 - WORKSHOP CHURRASCO",120246641477760489,2026-07-17,1.9,2,,2.27272727,21.59090909,0.95,88,17,9,9,4,2026-07-17,2026-07-17
bbe-a1-jul-26--venda--perpetuo--hot_cbo_videos,120246641531020489,01_automatico_seguidores_ig_fb,120246641530990489,"ADS 1 - WORKSHOP CHURRASCO",120246641576970489,2026-07-17,0.03,,,,15,,2,,,,,2026-07-17,2026-07-17
bbe-a1-jul-26--venda--perpetuo--hot_cbo_videos,120246641531020489,01_automatico_seguidores_ig_fb,120246641530990489,"ADS 3 V1 - WORKSHOP CHURRASCO",120246641577140489,2026-07-17,0.03,,,,30,,1,,,,,2026-07-17,2026-07-17
bbe-a1-jul-26--venda--perpetuo--cold_cbo_estaticos,120246640510780489,00_automatico_lal1-ig030,120246640510530489,ad07-bbe-ppt-mai26--sal-grosso-sozinho-não-salva,120246640635430489,2026-07-17,6.82,3,,0.72115385,16.39423077,2.27333333,416,,,,,2026-07-17,2026-07-17
bbe-a1-jul-26--venda--perpetuo--hot_cbo_estaticos,120246640738580489,01_automatico_seguidores_ig_fb,120246640738460489,ad03-bbe-ppt-mai26--o-ponto-perfeito-da-carne,120246640809050489,2026-07-17,0.54,2,,6.66666667,18,0.27,30,,,,,2026-07-17,2026-07-17
bbe-a1-jul-26--venda--perpetuo--hot_cbo_videos,120246641531020489,01_automatico_ig180_fb180,120246641531130489,"ADS 8 V1 - WORKSHOP CHURRASCO",120246641577500489,2026-07-17,0.05,,,,10,,5,3,1,1,,2026-07-17,2026-07-17
bbe-a1-jul-26--venda--perpetuo--hot_cbo_estaticos,120246640738580489,01_automatico_ig180_fb180,120246640738570489,ad04-bbe-ppt-mai26--o-netão-te-ensina,120246640809170489,2026-07-17,11.31,29,1,5.96707819,23.27160494,0.39,486,,,,,2026-07-17,2026-07-17
bbe-a1-jul-26--venda--perpetuo--cold_cbo_estaticos,120246640510780489,01_automatico_lal1-tally-empresarios_interesses,120246640510490489,ad06-bbe-ppt-mai26--agora-é-sua-vez,120246640649040489,2026-07-17,0.52,,,,18.57142857,,28,,,,,2026-07-17,2026-07-17
bbe-a1-jul-26--venda--perpetuo--hot_cbo_estaticos,120246640738580489,01_automatico_seguidores_ig_fb,120246640738460489,ad06-bbe-ppt-mai26--agora-é-sua-vez,120246640809030489,2026-07-17,0.4,1,,3.57142857,14.28571429,0.4,28,,,,,2026-07-17,2026-07-17
bbe-a1-jul-26--venda--perpetuo--cold_cbo_videos,120246640857600489,01_automatico_lal1-tally-empresarios_interesses,120246640857760489,"ADS 9 V3 - WORKSHOP CHURRASCO",120246641452880489,2026-07-17,0.23,2,,13.33333333,15.33333333,0.115,15,7,6,6,5,2026-07-17,2026-07-17
bbe-a1-jul-26--venda--perpetuo--hot_cbo_videos,120246641531020489,00_automatico_ig030_fb030,120246641531090489,"ADS 3 V2 - WORKSHOP CHURRASCO",120246641577280489,2026-07-17,0.93,1,,12.5,116.25,0.93,8,2,1,2,1,2026-07-17,2026-07-17
bbe-a1-jul-26--venda--perpetuo--hot_cbo_videos,120246641531020489,00_automatico_ig030_fb030,120246641531090489,"ADS 9 V3 - WORKSHOP CHURRASCO",120246641595740489,2026-07-17,1.17,3,,5.55555556,21.66666667,0.39,54,15,8,8,4,2026-07-17,2026-07-17
bbe-a1-jul-26--venda--perpetuo--hot_cbo_videos,120246641531020489,01_automatico_ig180_fb180,120246641531130489,"ADS 9 V3 - WORKSHOP CHURRASCO",120246641595710489,2026-07-17,0.76,7,,12.28070175,13.33333333,0.10857143,57,21,14,14,6,2026-07-17,2026-07-17
bbe-a1-jul-26--venda--perpetuo--hot_cbo_videos,120246641531020489,01_automatico_ig180_fb180,120246641531130489,"ADS 5 V3 - WORKSHOP CHURRASCO",120246641577400489,2026-07-17,0.04,,,,6.66666667,,6,3,2,2,1,2026-07-17,2026-07-17
bbe-a1-jul-26--venda--perpetuo--hot_cbo_estaticos,120246640738580489,00_automatico_ig030_fb030,120246640738730489,ad06-bbe-ppt-mai26--agora-é-sua-vez,120246640809520489,2026-07-17,3.41,2,,1.92307692,32.78846154,1.705,104,,,,,2026-07-17,2026-07-17
bbe-a1-jul-26--venda--perpetuo--hot_cbo_videos,120246641531020489,01_automatico_ig180_fb180,120246641531130489,"ADS 3 V1 - WORKSHOP CHURRASCO",120246641577490489,2026-07-17,0.17,,,,10.625,,16,3,1,1,,2026-07-17,2026-07-17
bbe-a1-jul-26--venda--perpetuo--cold_cbo_videos,120246640857600489,01_automatico_lal1-tally-empresarios_interesses,120246640857760489,"ADS 4 V2 - WORKSHOP CHURRASCO",120246641278710489,2026-07-17,0.59,1,,7.69230769,45.38461538,0.59,13,4,1,3,1,2026-07-17,2026-07-17
bbe-a1-jul-26--venda--perpetuo--hot_cbo_videos,120246641531020489,01_automatico_seguidores_ig_fb,120246641530990489,"ADS 4 V1 - WORKSHOP CHURRASCO",120246641577010489,2026-07-17,3.34,2,,1.7699115,29.55752212,1.67,113,21,4,17,7,2026-07-17,2026-07-17
bbe-a1-jul-26--venda--perpetuo--cold_cbo_videos,120246640857600489,01_automatico_lal1-tally-empresarios_interesses,120246640857760489,"ADS 1 - WORKSHOP CHURRASCO",120246640857630489,2026-07-17,2.08,,,,160,,13,5,,2,,2026-07-17,2026-07-17
bbe-a1-jul-26--venda--perpetuo--cold_cbo_estaticos,120246640510780489,00_automatico_lal1-ig030,120246640510530489,ad06-bbe-ppt-mai26--agora-é-sua-vez,120246640626240489,2026-07-17,0.87,1,,1.58730159,13.80952381,0.87,63,,,,,2026-07-17,2026-07-17
bbe-a1-jul-26--venda--perpetuo--hot_cbo_videos,120246641531020489,01_automatico_ig180_fb180,120246641531130489,"ADS 4 V2 - WORKSHOP CHURRASCO",120246641577380489,2026-07-17,0.19,1,,4,7.6,0.19,25,3,1,3,1,2026-07-17,2026-07-17
bbe-a1-jul-26--venda--perpetuo--hot_cbo_videos,120246641531020489,00_automatico_ig030_fb030,120246641531090489,"ADS 7 V3 - WORKSHOP CHURRASCO",120246641577260489,2026-07-17,1.4,3,,5.45454545,25.45454545,0.46666667,55,12,8,8,6,2026-07-17,2026-07-17
bbe-a1-jul-26--venda--perpetuo--hot_cbo_videos,120246641531020489,01_automatico_seguidores_ig_fb,120246641530990489,"ADS 5 V2 - WORKSHOP CHURRASCO",120246641577070489,2026-07-17,0.1,,,,100,,1,,,,,2026-07-17,2026-07-17
bbe-a1-jul-26--venda--perpetuo--cold_cbo_videos,120246640857600489,01_automatico_lal1-tally-empresarios_interesses,120246640857760489,"ADS 8 V2 - WORKSHOP CHURRASCO",120246641411440489,2026-07-17,0.03,,,,15,,2,1,,,,2026-07-17,2026-07-17
bbe-a1-jul-26--venda--perpetuo--hot_cbo_videos,120246641531020489,00_automatico_ig030_fb030,120246641531090489,"ADS 7 V2 - WORKSHOP CHURRASCO",120246641577210489,2026-07-17,0,,,,0,,3,,,,,2026-07-17,2026-07-17
bbe-a1-jul-26--venda--perpetuo--cold_cbo_estaticos,120246640510780489,00_automatico_lal1-ig030,120246640510530489,ad02-bbe-ppt-mai26--o-maior-inimigo-do-churrasqueiro,120246640549720489,2026-07-17,1.47,,,,12.14876033,,121,3,,3,1,2026-07-17,2026-07-17
